pack_series,pack_kind,token,wallet,packs,spent,first_buy_ts,redeemed,n_redeemed,redeemed_tokens,first_redeem_ts,sold,sold_tokens,sold_usdc,kept_pct,pct_sold,red_value,kept_value,row_tag,first_sell_ts,hours_to_sell,sell_venue,holding_value,net_usdc,roi,sniper,grail_app_user
ALLEN LAUNCH,LAUNCH,gALLEN,0x04286290d9cb5b5aa6b7f4805bd764295726d214,2,16.0,1786981207,True,2,400.0,1786981215.0,True,400.0242156947504,25.382033,0.0,1.0,27.132376,0.0,Flipper,1787589523.0,168.97444444444446,Grail,0.0,9.382033,0.5863770625,False,True
ALLEN LAUNCH,LAUNCH,gALLEN,0x06390665675a827ae6733ec291fbdf5df852d022,2,16.0,1786981251,True,2,400.0,1786981333.0,True,407.62292820660133,27.844518,0.0,1.0,27.132376,0.0,Flipper,1786981363.0,0.008333333333333333,Grail,0.0,11.844518,0.740282375,False,True
ALLEN LAUNCH,LAUNCH,gALLEN,0x099532f577a1e474a30d198551936c8a075efbe1,2,16.0,1786981253,True,2,600.0,1786981463.0,True,599.9,42.548914,0.00016666666666670455,0.9998333333333332,40.698564000000005,0.006783094000001543,Flipper,1786998983.0,4.866666666666666,Grail,0.006783094000001543,26.548914000000003,1.6597310683750002,False,True
ALLEN LAUNCH,LAUNCH,gALLEN,0x0dd29a896e1f200efdf2f6df76d27e23df04413d,2,16.0,1786981257,False,0,0.0,,False,0.0,0.0,0.0,0.0,0.0,0.0,Unredeemed,,,,0.0,-16.0,-1.0,False,True
ALLEN LAUNCH,LAUNCH,gALLEN,0x0fceeab024973babfaaac1f452911b6cbaa75a68,2,16.0,1786981353,True,2,400.0,1786981509.0,True,400.0,24.796001,0.0,1.0,27.132376,0.0,Flipper,1786981521.0,0.0033333333333333335,OKX Wallet,0.0,8.796001,0.5497500625,False,True
ALLEN LAUNCH,LAUNCH,gALLEN,0x10966e5ddce205a52d4d2f4722e685f48805fb7d,2,16.0,1786981277,True,2,400.0,1786981539.0,True,400.0,23.394164,0.027037085777789543,0.9729629142222105,27.132376,0.7335803772672383,Flipper,1786981699.0,0.044444444444444446,Grail,0.7335803772672393,7.394164,0.5079840235792024,False,True
ALLEN LAUNCH,LAUNCH,gALLEN,0x10d3e40aeb8f01050b47ff606c9d19c013c7e938,1,8.0,1786981259,True,1,200.0,1786981389.0,True,200.0,13.207003,0.0,1.0,13.566188,0.0,Flipper,1786981437.0,0.013333333333333334,Grail,0.0,5.207003,0.650875375,False,True
ALLEN LAUNCH,LAUNCH,gALLEN,0x10eece768bb80edb3679bed1a4031f6dacc9887e,2,16.0,1786981243,True,2,600.0,1786981453.0,False,0.0,0.0,1.0,0.0,40.698564000000005,40.698564000000005,Holder,,,,40.698564000000005,-16.0,1.5436602500000003,False,True
ALLEN LAUNCH,LAUNCH,gALLEN,0x11b4486c93c42eaf7bdd782679fb20c709901af4,1,8.0,1786981453,True,1,200.0,1787564773.0,True,200.0,13.410364,0.0,1.0,13.566188,0.0,Flipper,1788188345.0,173.21444444444444,Grail,0.0,5.4103639999999995,0.6762954999999999,False,True
ALLEN LAUNCH,LAUNCH,gALLEN,0x12c0a95e75064ad1e12529e7a6039eab054272ae,1,8.0,1786981447,True,1,200.0,1786981649.0,True,200.0,11.738776000000001,0.0,1.0,13.566188,0.0,Flipper,1786981687.0,0.010555555555555556,Grail,0.0,3.7387760000000014,0.4673470000000002,False,True
ALLEN LAUNCH,LAUNCH,gALLEN,0x18aeaba4a846f65c2fdc8c43deba1f51a514215a,1,8.0,1786981221,True,1,200.0,1786981339.0,True,277.1273001269393,18.751762,0.0,1.0,13.566188,0.0,Flipper,1786981357.0,0.005,Grail,0.0,10.751762,1.34397025,True,True
ALLEN LAUNCH,LAUNCH,gALLEN,0x1dc8aea4942cfabbe84b8f038247be33c6b8fab4,2,16.0,1786981207,True,2,400.0,1786981217.0,True,400.0242156947504,24.93702,0.0,1.0,27.132376,0.0,Flipper,1787589629.0,169.00333333333333,Grail,0.0,8.93702,0.55856375,False,True
ALLEN LAUNCH,LAUNCH,gALLEN,0x214de9af3c0c3e39838e05aa6ab09e6a9bfca289,2,16.0,1786981235,True,2,400.0,1786981453.0,False,0.0,0.0,1.0,0.0,27.132376,27.132376,Holder,,,,27.132376,-16.0,0.6957735,False,True
ALLEN LAUNCH,LAUNCH,gALLEN,0x2245c505a9c436ca6d16b1634216eb635e545aa4,1,8.0,1786981241,True,1,400.0,1786981381.0,True,398.0,23.582771,0.005,0.995,27.132376,0.13566188,Flipper,1786981595.0,0.059444444444444446,Grail,0.13566188,15.582771000000001,1.9648041100000002,False,True
ALLEN LAUNCH,LAUNCH,gALLEN,0x23631b12402fe1b2404fccfab01557269b0df108,2,16.0,1786981305,False,0,0.0,,False,0.0,0.0,0.0,0.0,0.0,0.0,Unredeemed,,,,0.0,-16.0,-1.0,False,True
ALLEN LAUNCH,LAUNCH,gALLEN,0x2392591009f80b4582401e7540a1192aa8b917cc,2,16.0,1786981251,False,0,0.0,,False,0.0,0.0,0.0,0.0,0.0,0.0,Unredeemed,,,,144.46638801323755,-16.0,8.029149250827347,False,True
ALLEN LAUNCH,LAUNCH,gALLEN,0x25f547fc0db87305aae98aa27de88d30aa48c540,1,8.0,1786981411,False,0,0.0,,False,0.0,0.0,0.0,0.0,0.0,0.0,Unredeemed,,,,0.0,-8.0,-1.0,False,True
ALLEN LAUNCH,LAUNCH,gALLEN,0x25fc3dc81a4904bd2cbc9d39efe224466e7b1b91,1,8.0,1786981359,True,1,200.0,1786981405.0,True,200.0,12.530494,0.0,1.0,13.566188,0.0,Flipper,1786981495.0,0.025,Grail,0.0,4.530493999999999,0.5663117499999999,False,True
ALLEN LAUNCH,LAUNCH,gALLEN,0x2638a90bd3643e7fb34b9c539a2e2ebd535e6071,1,8.0,1786981315,True,1,200.0,1790963175.0,True,200.0,13.591099,0.0,1.0,13.566188,0.0,Flipper,1790963209.0,0.009444444444444445,Grail,0.0,5.591099,0.698887375,False,True
ALLEN LAUNCH,LAUNCH,gALLEN,0x291e59a85014269f99ee0df9e89083bbf5a80d62,2,16.0,1786981271,True,2,400.0,1786981387.0,True,400.0,24.759889,0.0,1.0,27.132376,0.0,Flipper,1786981549.0,0.045,Grail,0.0,8.759889000000001,0.5474930625000001,False,True
ALLEN LAUNCH,LAUNCH,gALLEN,0x2a52ac190a84e935246202e529aed50b41c8731c,2,16.0,1786981389,False,0,0.0,,False,0.0,0.0,0.0,0.0,0.0,0.0,Unredeemed,,,,0.0,-16.0,-1.0,True,True
ALLEN LAUNCH,LAUNCH,gALLEN,0x2ab3694be4624f9bdc5ec86d6339e7b6aa2ee869,2,16.0,1786981253,True,2,400.0,1786981385.0,True,400.0,26.534312,0.5572865378919741,0.44271346210802587,27.132376,15.12050788582329,Holder,1786981427.0,0.011666666666666667,Grail,15.120507885823288,10.534312,1.6034262428639554,False,True
ALLEN LAUNCH,LAUNCH,gALLEN,0x3511748c00b6b2dd9f77c1141cec9c0bd7ada5be,1,8.0,1786981387,True,1,200.0,1786981445.0,True,200.0,12.717156,0.0,1.0,13.566188,0.0,Flipper,1786981485.0,0.011111111111111112,Other / Unknown,0.0,4.717155999999999,0.5896444999999999,False,True
ALLEN LAUNCH,LAUNCH,gALLEN,0x364f759eaaf37cfcbd220704de0ab7d65b07965d,1,8.0,1786981289,True,1,200.0,1786981481.0,True,200.0,11.800018,0.0185334283893269,0.9814665716106731,13.566188,0.25142797381414594,Flipper,1786981615.0,0.03722222222222222,Grail,0.2514279738141454,3.8000179999999997,0.5064307467267681,False,True
ALLEN LAUNCH,LAUNCH,gALLEN,0x37810876c7f38b57645501d58dfa317a164ef0c7,2,16.0,1786981255,True,2,400.0,1786981381.0,True,400.0,26.136604,0.0,1.0,27.132376,0.0,Flipper,1786981453.0,0.02,Grail,0.0,10.136603999999998,0.6335377499999999,False,True
ALLEN LAUNCH,LAUNCH,gALLEN,0x3ae3197be2385bf6295f7d19f03ab898d717fcfd,2,16.0,1786981233,True,2,400.0,1786981453.0,True,100.0,6.438972,0.7500000000000001,0.2499999999999999,27.132376,20.349282000000002,Holder,1789743871.0,767.3383333333334,Grail,20.349282000000002,-9.561028,0.6742658750000001,False,True
ALLEN LAUNCH,LAUNCH,gALLEN,0x3c4113b60a5a8bc5b5939379b223331a55624afc,2,16.0,1786981307,True,2,400.0,1786981489.0,True,415.7377277205059,25.021429,5.773159728050814e-17,0.9999999999999999,27.132376,1.5663954044953245e-15,Flipper,1786981575.0,0.02388888888888889,OKX Wallet,0.0,9.021429000000001,0.5638393125000001,False,True
ALLEN LAUNCH,LAUNCH,gALLEN,0x3d141c77f7e68e41d01571e49175e0f419a3d3ea,2,16.0,1786981223,True,2,400.0,1786981271.0,True,1912.2391215142673,127.948877,0.0,1.0,27.132376,0.0,Flipper,1787033919.0,14.624444444444444,Grail,0.0,111.948877,6.9968048125,False,True
ALLEN LAUNCH,LAUNCH,gALLEN,0x3f322ac37155e431ca30cd8343c28ab0222c7ecb,1,8.0,1786981297,False,0,0.0,,False,0.0,0.0,0.0,0.0,0.0,0.0,Unredeemed,,,,0.0,-8.0,-1.0,False,True
ALLEN LAUNCH,LAUNCH,gALLEN,0x453bc807bd51a4f62401fc599583422a2404736a,1,8.0,1786981333,False,0,0.0,,False,0.0,0.0,0.0,0.0,0.0,0.0,Unredeemed,,,,0.0,-8.0,-1.0,True,True
ALLEN LAUNCH,LAUNCH,gALLEN,0x4603fe6e2382da1bbfbb97e930d609524e3537d5,2,16.0,1786981217,True,1,200.0,1788263217.0,True,5323.591554032938,334.537355,0.0,1.0,13.566188,0.0,Flipper,1788804235.0,150.28277777777777,Grail,0.0,318.537355,19.9085846875,False,True
ALLEN LAUNCH,LAUNCH,gALLEN,0x4b941bff84fccca7f0033a0331a3c5427dab2f0d,2,16.0,1786981223,True,2,600.0,1786981455.0,True,600.0,38.663398,0.0,1.0,40.698564000000005,0.0,Flipper,1786981479.0,0.006666666666666667,Grail,0.0,22.663398,1.416462375,False,True
ALLEN LAUNCH,LAUNCH,gALLEN,0x4f240578aabc8d80ecc6bffd17387d75640412a6,2,16.0,1786981235,True,2,400.0,1787074995.0,True,400.0,27.557248,0.0,1.0,27.132376,0.0,Flipper,1787075097.0,0.028333333333333332,OKX Wallet,0.0,11.557248000000001,0.7223280000000001,True,True
ALLEN LAUNCH,LAUNCH,gALLEN,0x517fa67831a99e6bb80a7c0b684d251c6380275c,1,8.0,1786981403,True,1,200.0,1786981445.0,True,200.0,11.586678,0.0,1.0,13.566188,0.0,Flipper,1786981801.0,0.09888888888888889,Grail,0.0,3.586677999999999,0.4483347499999999,False,True
ALLEN LAUNCH,LAUNCH,gALLEN,0x533b65ce39f438105f36d988d9c106f693ec2b74,1,8.0,1786981227,True,3,600.0,1787600205.0,True,600.0,36.853287,0.0,1.0,40.698564000000005,0.0,Flipper,1787600229.0,0.006666666666666667,Grail,0.0,28.853287,3.606660875,False,True
ALLEN LAUNCH,LAUNCH,gALLEN,0x534f757609e57ee164b929e0c50861559f9aa125,2,16.0,1786981237,True,2,400.0,1786981453.0,False,0.0,0.0,1.0,0.0,27.132376,27.132376,Holder,,,,27.132376,-16.0,0.6957735,False,True
ALLEN LAUNCH,LAUNCH,gALLEN,0x53991b9ce11a4a44b5ab2e59d790a14ac7c5df47,2,16.0,1786981235,True,2,400.0,1786981453.0,False,0.0,0.0,1.0,0.0,27.132376,27.132376,Holder,,,,27.132376,-16.0,0.6957735,False,True
ALLEN LAUNCH,LAUNCH,gALLEN,0x587172910fececad2b2c6dcb68722606182588b3,2,16.0,1786981229,True,2,400.0,1786981439.0,True,428.33219900028934,25.526441000000002,1.7763568394002505e-17,1.0,27.132376,4.819678167677921e-16,Flipper,1786981575.0,0.03777777777777778,Grail,0.0,9.526441000000002,0.5954025625000001,False,True
ALLEN LAUNCH,LAUNCH,gALLEN,0x5b899f5bd0ad9773ca7e7d73d787bb776f7c4d6e,1,8.0,1786981329,False,0,0.0,,False,0.0,0.0,0.0,0.0,0.0,0.0,Unredeemed,,,,0.0,-8.0,-1.0,False,True
ALLEN LAUNCH,LAUNCH,gALLEN,0x5c425da5f5b89aeae5f33bbfed30ce30f62a3d6d,2,16.0,1786981275,True,1,200.0,1787747343.0,True,200.0,12.503548,0.0,1.0,13.566188,0.0,Flipper,1787747655.0,0.08666666666666667,Grail,0.0,-3.4964519999999997,-0.21852824999999998,False,True
ALLEN LAUNCH,LAUNCH,gALLEN,0x5da41929367056e2b6099a7a3f4fb94b106a0d88,2,16.0,1786981241,True,2,400.0,1786981279.0,True,399.0,27.047226000000002,0.0025,0.9975,27.132376,0.06783094,Flipper,1786981297.0,0.005,Grail,0.06783094,11.047226000000002,0.6946910587500001,False,True
ALLEN LAUNCH,LAUNCH,gALLEN,0x5e6a9572b19157facdfae5c9766c06fe01a1a611,2,16.0,1786981245,True,2,400.0,1787002207.0,True,400.0,26.546541,0.0,1.0,27.132376,0.0,Flipper,1788224157.0,339.43055555555554,Grail,0.0,10.546541000000001,0.6591588125000001,False,True
ALLEN LAUNCH,LAUNCH,gALLEN,0x5f4d14f966f5098aa7b529ea3510343a8281399e,2,16.0,1786981231,True,2,400.0,1786981453.0,False,0.0,0.0,1.0,0.0,27.132376,27.132376,Holder,,,,27.132376,-16.0,0.6957735,False,True
ALLEN LAUNCH,LAUNCH,gALLEN,0x5fc13c6ef9aff76ec6f753eb549a73096f5ccbea,2,16.0,1786981243,True,2,400.0,1786981529.0,True,400.0,29.01091,0.0,1.0,27.132376,0.0,Flipper,1786995949.0,4.0055555555555555,Grail,0.0,13.010909999999999,0.8131818749999999,False,True
ALLEN LAUNCH,LAUNCH,gALLEN,0x609c9f9ce72e5fc3e6b3d387f0857b745af96fa3,2,16.0,1786981235,True,2,600.0,1786981453.0,True,600.0,41.404906,0.6692155569652971,0.3307844430347029,40.698564000000005,27.23611217494779,Holder,1786985071.0,1.005,Grail,27.236112174947795,25.404905999999997,3.290063635934237,False,True
ALLEN LAUNCH,LAUNCH,gALLEN,0x618d68e225c9ac8a1dfe11c8a26906f9da92407e,1,8.0,1786981277,True,1,200.0,1786981301.0,True,200.0,14.132376,0.0,1.0,13.566188,0.0,Flipper,1786981325.0,0.006666666666666667,Grail,0.0,6.132376000000001,0.7665470000000001,False,True
ALLEN LAUNCH,LAUNCH,gALLEN,0x630f77a10e249327a11ca3f43941d02e98b1f889,1,8.0,1786981267,False,0,0.0,,False,0.0,0.0,0.0,0.0,0.0,0.0,Unredeemed,,,,1.0475741720504923,-8.0,-0.8690532284936885,False,True
ALLEN LAUNCH,LAUNCH,gALLEN,0x69c833f007f54f7fdd599f9efa39a503e6fbba31,2,16.0,1786981237,True,2,400.0,1786981271.0,True,400.0,27.75928,0.0,1.0,27.132376,0.0,Flipper,1787058067.0,21.33222222222222,Grail,0.0,11.75928,0.734955,False,True
ALLEN LAUNCH,LAUNCH,gALLEN,0x6b41abdca985ec9c6c675f8b20004ad1002dd783,2,16.0,1786981209,True,2,400.0,1786981217.0,True,400.0242156947504,24.646815,0.0,1.0,27.132376,0.0,Flipper,1787589707.0,169.025,Grail,0.0,8.646815,0.5404259375,False,True
ALLEN LAUNCH,LAUNCH,gALLEN,0x6c92f39a017a3de12856460f9a7d36f7de48748f,2,16.0,1786981227,True,2,400.0,1786981423.0,True,402.9300442973278,28.266536,4.4408920985006264e-17,1.0,27.132376,1.2049195419194804e-15,Flipper,1786983003.0,0.4388888888888889,Grail,0.0,12.266535999999999,0.7666584999999999,False,True
ALLEN LAUNCH,LAUNCH,gALLEN,0x6dfd55178d40805ada988242a40fe5d232daf4d5,1,8.0,1786981447,True,1,200.0,1786981693.0,True,200.0,14.367315,0.0,1.0,13.566188,0.0,Flipper,1786997971.0,4.5216666666666665,Grail,0.0,6.367315,0.795914375,False,True
ALLEN LAUNCH,LAUNCH,gALLEN,0x739ed8fa0036d3ae2a5bed0585ebbab31cceddce,1,8.0,1786981285,False,0,0.0,,False,0.0,0.0,0.0,0.0,0.0,0.0,Unredeemed,,,,0.9717830978824322,-8.0,-0.878527112764696,False,True
ALLEN LAUNCH,LAUNCH,gALLEN,0x7502e404dc96580157ffbc37504c5d88a2369a80,1,8.0,1786981245,False,0,0.0,,False,0.0,0.0,0.0,0.0,0.0,0.0,Unredeemed,,,,0.0,-8.0,-1.0,False,True
ALLEN LAUNCH,LAUNCH,gALLEN,0x767f14ebf41bf92b1aedc258c4bf8561e0eaf315,1,8.0,1786981267,False,0,0.0,,False,0.0,0.0,0.0,0.0,0.0,0.0,Unredeemed,,,,0.0,-8.0,-1.0,False,True
ALLEN LAUNCH,LAUNCH,gALLEN,0x76cde0047de56ea158c012011c7123503b1c2bf6,2,16.0,1786981219,True,2,400.0,1786981485.0,True,396.21950694773466,26.056363,0.0,1.0,27.132376,0.0,Flipper,1788463949.0,411.79555555555555,Grail,0.0,10.056363000000001,0.6285226875000001,False,True
ALLEN LAUNCH,LAUNCH,gALLEN,0x77ad0d6e27eacb4f54df32bcb1b7b8f779bcb5f1,2,16.0,1786981315,False,0,0.0,,False,0.0,0.0,0.0,0.0,0.0,0.0,Unredeemed,,,,0.0,-16.0,-1.0,False,True
ALLEN LAUNCH,LAUNCH,gALLEN,0x78bd9bae79c1bfbe3df3e7a67268a1922bd74c79,2,16.0,1786981245,True,2,400.0,1786981453.0,False,0.0,0.0,1.0,0.0,27.132376,27.132376,Holder,,,,27.132376,-16.0,0.6957735,False,True
ALLEN LAUNCH,LAUNCH,gALLEN,0x7b2adeee812f2fde59a60ccd958226d1c9c82694,2,16.0,1786981217,True,1,200.0,1786982735.0,True,864.6976911813456,54.275839,0.0,1.0,13.566188,0.0,Flipper,1787949839.0,268.64,Grail,0.0,38.275839,2.3922399375,True,True
ALLEN LAUNCH,LAUNCH,gALLEN,0x7c2c293800e4d8951dd030aaedf7b05c101e7331,2,16.0,1786981311,True,2,400.0,1786981597.0,True,400.0,23.269696,0.0,1.0,27.132376,0.0,Flipper,1786981725.0,0.035555555555555556,Grail,0.0,7.269696,0.454356,False,True
ALLEN LAUNCH,LAUNCH,gALLEN,0x7cb92ec5c0f037a9fab22aefece90dd8c9ebbe03,1,8.0,1786981425,True,1,200.0,1786981453.0,True,200.0,12.946514,0.0,1.0,13.566188,0.0,Flipper,1786981469.0,0.0044444444444444444,Grail,0.0,4.9465140000000005,0.6183142500000001,False,True
ALLEN LAUNCH,LAUNCH,gALLEN,0x7ec91b05b3c44314e286ff03d1977efd0969fb12,2,16.0,1786981279,True,2,600.0,1786981361.0,True,600.0,39.500949000000006,0.0,1.0,40.698564000000005,0.0,Flipper,1786981377.0,0.0044444444444444444,Grail,0.0,23.500949000000006,1.4688093125000004,False,True
ALLEN LAUNCH,LAUNCH,gALLEN,0x7f1d46e0803708586c2faac85310a449a89fc596,2,16.0,1786981241,True,2,400.0,1786981273.0,True,400.0,28.093817,0.0,1.0,27.132376,0.0,Flipper,1786981311.0,0.010555555555555556,OKX Wallet,0.0,12.093817000000001,0.7558635625000001,False,True
ALLEN LAUNCH,LAUNCH,gALLEN,0x7fead8049067210edf54f44e37e153879c473211,2,16.0,1786981261,True,2,400.0,1786981329.0,True,400.0,26.695941,0.0,1.0,27.132376,0.0,Flipper,1786981425.0,0.02666666666666667,Grail,0.0,10.695941000000001,0.6684963125000001,False,True
ALLEN LAUNCH,LAUNCH,gALLEN,0x8051b56ec53f61591329785e0991179367173745,2,16.0,1786981337,True,2,400.0,1786981617.0,True,399.99999999999994,23.19694,7.993605777301128e-17,0.9999999999999999,27.132376,2.1688551754550647e-15,Flipper,1786981753.0,0.03777777777777778,Grail,0.0,7.1969400000000014,0.4498087500000001,False,True
ALLEN LAUNCH,LAUNCH,gALLEN,0x81c9eb47f4e3a66d7e0ee6e95d29da2542d66601,2,16.0,1786981235,True,2,400.0,1786981453.0,False,0.0,0.0,1.0,0.0,27.132376,27.132376,Holder,,,,27.132376,-16.0,0.6957735,False,True
ALLEN LAUNCH,LAUNCH,gALLEN,0x88422e46ac04bd166cc617fc42831d04f0241085,1,8.0,1786981305,False,0,0.0,,False,7.570296636508094,0.488324,0.0,0.0,0.0,0.0,Unredeemed,1787571423.0,,Grail,0.0,-7.511676,-0.9389595,False,True
ALLEN LAUNCH,LAUNCH,gALLEN,0x8d63d43e2c8279d6ae5790429bc3d480f850ce73,1,8.0,1786981227,False,0,0.0,,False,0.0,0.0,0.0,0.0,0.0,0.0,Unredeemed,,,,0.0,-8.0,-1.0,False,True
ALLEN LAUNCH,LAUNCH,gALLEN,0x8ecd2b14462f3012b57ffa189199a7aa1c77872e,2,16.0,1786981209,True,2,400.0,1786981221.0,True,400.0242156947504,24.791281,0.0,1.0,27.132376,0.0,Flipper,1787589673.0,169.01444444444445,Grail,0.0,8.791281000000001,0.5494550625000001,False,True
ALLEN LAUNCH,LAUNCH,gALLEN,0x8ecd92e9fd3bd43bf11ba4dbe39a6bc20cb4c3ab,1,8.0,1786981221,True,1,2000.0,1786981273.0,True,2000.0,121.800917,0.009113381277653501,0.9908866187223465,135.66188000000002,1.2363384372832762,Flipper,1786981567.0,0.08166666666666667,Grail,1.2363384372832777,113.800917,14.37965692966041,False,True
ALLEN LAUNCH,LAUNCH,gALLEN,0x93b0ac79741c251714c24cd2a2dec2e2b16423ee,2,16.0,1786981237,True,2,400.0,1786981457.0,True,400.0,25.408359,0.0,1.0,27.132376,0.0,Flipper,1787581005.0,166.54111111111112,Grail,0.0,9.408359,0.5880224375,False,True
ALLEN LAUNCH,LAUNCH,gALLEN,0x96289e0c5e166343915352377e13e94f46815ae1,2,16.0,1786981233,True,2,400.0,1786981323.0,True,400.0,27.78457,0.0,1.0,27.132376,0.0,Flipper,1786981347.0,0.006666666666666667,Grail,0.0,11.784569999999999,0.7365356249999999,False,True
ALLEN LAUNCH,LAUNCH,gALLEN,0x97984422c7c31572c283f9429607471119c9b7f8,2,16.0,1786981333,False,0,0.0,,False,0.0,0.0,0.0,0.0,0.0,0.0,Unredeemed,,,,0.0,-16.0,-1.0,False,True
ALLEN LAUNCH,LAUNCH,gALLEN,0x97fb1920888406d15eaff118d5641d1cc3c4b8e6,2,16.0,1786981227,True,2,400.0,1786981249.0,True,400.0,28.132604,0.0,1.0,27.132376,0.0,Flipper,1786981329.0,0.022222222222222223,Grail,0.0,12.132604,0.75828775,False,True
ALLEN LAUNCH,LAUNCH,gALLEN,0x9b2515a0aa5e5cfbeebd50b2c6c0cbafb3fe77e7,2,16.0,1786981409,True,2,600.0,1786981517.0,False,0.0,0.0,1.0,0.0,40.698564000000005,40.698564000000005,Holder,,,,40.698564000000005,-16.0,1.5436602500000003,False,True
ALLEN LAUNCH,LAUNCH,gALLEN,0x9b2fd05649a0ee0d91094bc08b92a3b60298692e,2,16.0,1786981235,True,2,400.0,1786981453.0,False,0.0,0.0,1.0,0.0,27.132376,27.132376,Holder,,,,27.132376,-16.0,0.6957735,False,True
ALLEN LAUNCH,LAUNCH,gALLEN,0x9f73e6579f9e13b0da069d460fe021c77b27436e,2,16.0,1786981223,True,2,400.0,1786981453.0,False,0.0,0.0,1.0,0.0,27.132376,27.132376,Holder,,,,27.132376,-16.0,0.6957735,False,True
ALLEN LAUNCH,LAUNCH,gALLEN,0x9ff21445e728af4f3134b57f496e7f4dd8013e48,2,16.0,1786981377,False,0,0.0,,False,105.0,6.995169,0.0,0.0,0.0,0.0,Unredeemed,1788206537.0,,Grail,33.9279834495977,-9.004831,1.5576970280998559,False,True
ALLEN LAUNCH,LAUNCH,gALLEN,0xa18e759b0a83b7ee4432be7413b3127a9b6e8075,2,16.0,1786981263,True,2,400.0,1786981449.0,True,400.404,25.198884,0.030261790337945335,0.9697382096620547,27.132376,0.8210742738822999,Flipper,1786981495.0,0.012777777777777779,Grail,0.821074273882297,9.198884,0.6262473921176435,False,True
ALLEN LAUNCH,LAUNCH,gALLEN,0xa344c23b231bf3733bd15889154b338f3ada3994,1,8.0,1786981425,False,0,0.0,,False,0.0,0.0,0.0,0.0,0.0,0.0,Unredeemed,,,,0.0,-8.0,-1.0,False,True
ALLEN LAUNCH,LAUNCH,gALLEN,0xa45111cdd1443e9f47e749ab714ace08915d3b45,2,16.0,1786981265,True,1,200.0,1786981353.0,True,202.56767317178964,13.918788,0.0,1.0,13.566188,0.0,Flipper,1786981357.0,0.0011111111111111111,BasedBot,0.0,-2.0812120000000007,-0.13007575000000005,True,True
ALLEN LAUNCH,LAUNCH,gALLEN,0xa4d41fe1ae9822020789f251659b1256e1d09777,1,8.0,1786981411,True,1,200.0,1786982211.0,True,200.0,12.62299,0.0,1.0,13.566188,0.0,Flipper,1786982283.0,0.02,Grail,0.0,4.62299,0.57787375,False,True
ALLEN LAUNCH,LAUNCH,gALLEN,0xa799cf9a9242eb89d77a61571fb14502f6ba453c,2,16.0,1786981217,True,2,400.0,1786981785.0,True,446.63,31.932221,3.921786076546142e-06,0.9999960782139234,27.132376,0.00010640737442041469,Flipper,1786998901.0,4.754444444444444,Grail,0.00010640737442041469,15.932220999999998,0.9957704629609012,False,True
ALLEN LAUNCH,LAUNCH,gALLEN,0xa84f8eac13b6bd3756fc6a2cd6edaff2e7197444,2,16.0,1786981255,True,2,400.0,1787128525.0,True,400.0,27.186121,0.0,1.0,27.132376,0.0,Flipper,1787267175.0,38.513888888888886,Grail,0.0,11.186121,0.6991325625,False,True
ALLEN LAUNCH,LAUNCH,gALLEN,0xaa58e52bcecd1e3805a7ca799f14f06307f0927a,1,8.0,1786981447,True,1,200.0,1786981473.0,True,200.0,12.564339,0.0,1.0,13.566188,0.0,Flipper,1788180647.0,333.1038888888889,Grail,0.0,4.564339,0.570542375,False,True
ALLEN LAUNCH,LAUNCH,gALLEN,0xac90a993dfaeab8632dab523d7e4f2c0889343b6,2,16.0,1786981209,True,2,400.0,1786981217.0,True,400.0242156947504,25.232381,0.0,1.0,27.132376,0.0,Flipper,1787589555.0,168.98277777777778,Grail,0.0,9.232381,0.5770238125,False,True
ALLEN LAUNCH,LAUNCH,gALLEN,0xae4b59fbd28eeae34f9f350c39153806e694b76e,2,16.0,1786981237,True,2,600.0,1786981453.0,False,0.0,0.0,1.0,0.0,40.698564000000005,40.698564000000005,Holder,,,,40.698564000000005,-16.0,1.5436602500000003,False,True
ALLEN LAUNCH,LAUNCH,gALLEN,0xaf186526734e9038f21d2b0698ae02417c21cc70,2,16.0,1786981309,True,2,400.0,1786981339.0,True,400.0,26.294607,2.842170943040401e-16,0.9999999999999997,27.132376,7.711485068284674e-15,Flipper,1786981451.0,0.03111111111111111,OKX Wallet,0.0,10.294607,0.6434129375,False,True
ALLEN LAUNCH,LAUNCH,gALLEN,0xaf46123e9ab90ca8e01b1e9cc50057cf9477f003,2,16.0,1786981247,True,2,400.0,1786981313.0,True,400.0,28.063902,0.0,1.0,27.132376,0.0,Flipper,1786981325.0,0.0033333333333333335,Grail,0.0,12.063901999999999,0.7539938749999999,True,True
ALLEN LAUNCH,LAUNCH,gALLEN,0xb0d1f1a39166977d5d9c846803dd114f86397b16,1,8.0,1786981409,False,0,0.0,,False,0.0,0.0,0.0,0.0,0.0,0.0,Unredeemed,,,,0.0,-8.0,-1.0,False,True
ALLEN LAUNCH,LAUNCH,gALLEN,0xb12a38e7d502f086f22f5d58bc949af9d0aaf375,2,16.0,1786981245,True,2,400.0,1786981355.0,True,400.0,27.637296,0.0,1.0,27.132376,0.0,Flipper,1786981373.0,0.005,Grail,0.0,11.637296,0.727331,False,True
ALLEN LAUNCH,LAUNCH,gALLEN,0xb280b53774b229252e51a540ae34b2380fafbc45,1,8.0,1786981233,False,0,0.0,,False,15.404068743147311,0.991102,0.0,0.0,0.0,0.0,Unredeemed,1787424761.0,,Grail,0.0,-7.008898,-0.87611225,False,True
ALLEN LAUNCH,LAUNCH,gALLEN,0xb28abd03711d4d563828d6d196f714cce0106274,1,8.0,1786981329,False,0,0.0,,False,0.0,0.0,0.0,0.0,0.0,0.0,Unredeemed,,,,0.0,-8.0,-1.0,False,True
ALLEN LAUNCH,LAUNCH,gALLEN,0xb3bf33014e6a86e97ee9fff72fe784fd5c37f429,2,16.0,1786981293,True,2,400.0,1786981625.0,True,413.20918229728096,24.30946,0.17865262591954095,0.8213473740804591,27.132376,4.847270219836331,Partial seller,1786981915.0,0.08055555555555556,Grail,4.847270219836327,8.309460000000001,0.8222956387397704,False,True
ALLEN LAUNCH,LAUNCH,gALLEN,0xb4331f5c849a61dd4834d5afc1ea0d897cac65e9,2,16.0,1786981371,True,2,400.0,1786981633.0,True,400.0,23.415498,0.0,1.0,27.132376,0.0,Flipper,1786981869.0,0.06555555555555556,Grail,0.0,7.4154979999999995,0.46346862499999997,False,True
ALLEN LAUNCH,LAUNCH,gALLEN,0xbb66ff34cb4ea0d42b83550e26cc794295b01b67,1,8.0,1786981435,True,1,200.0,1786981531.0,True,207.54991560326627,14.598666,2.664535259100376e-17,1.0,13.566188,3.614758625758441e-16,Flipper,1787024065.0,11.815,Grail,0.0,6.598666,0.82483325,False,True
ALLEN LAUNCH,LAUNCH,gALLEN,0xbbb489c5804e5f0d7c78dee0c1ffebf6eafe23c6,2,16.0,1786981215,True,2,400.0,1786981267.0,True,414.1831917568102,27.657308,0.019806729330866236,0.9801932706691338,27.132376,0.5374036275352911,Flipper,1786981295.0,0.0077777777777777776,Grail,0.5374036275352907,11.657308,0.7621694767209557,False,True
ALLEN LAUNCH,LAUNCH,gALLEN,0xc4517c6648898aa73062890c6a721cd88a6a7313,2,16.0,1786981317,True,1,200.0,1786983943.0,True,200.0121078473752,13.212648,0.0,1.0,13.566188,0.0,Flipper,1788462005.0,410.5727777777778,Grail,0.0,-2.7873520000000003,-0.17420950000000002,False,True
ALLEN LAUNCH,LAUNCH,gALLEN,0xc69aaf51a76832bc2d2d78fcfac045f6e4701135,2,16.0,1786981267,True,2,400.0,1786981307.0,True,400.0,27.671245,0.0,1.0,27.132376,0.0,Flipper,1786981317.0,0.002777777777777778,Grail,0.0,11.671244999999999,0.7294528124999999,False,True
ALLEN LAUNCH,LAUNCH,gALLEN,0xc6eaacaa6de1b7c98ff558da46e0bbd62a333885,2,16.0,1786981229,True,1,200.0,1786981417.0,True,199.0,12.282026,0.005,0.995,13.566188,0.06783094,Flipper,1786981529.0,0.03111111111111111,Grail,0.06783094,-3.717974,-0.22813394124999997,False,True
ALLEN LAUNCH,LAUNCH,gALLEN,0xc6fac2424e017e1b789651a82018d2cc8623653f,1,8.0,1786981349,False,0,0.0,,False,0.0,0.0,0.0,0.0,0.0,0.0,Unredeemed,,,,0.0,-8.0,-1.0,False,True
ALLEN LAUNCH,LAUNCH,gALLEN,0xc9174488d99af3e5c6f22caf7f03ef0080b26824,2,16.0,1786981237,True,2,400.0,1786981453.0,False,0.0,0.0,1.0,0.0,27.132376,27.132376,Holder,,,,27.132376,-16.0,0.6957735,False,True
ALLEN LAUNCH,LAUNCH,gALLEN,0xc929694bd96503d2edc4cce650b7141385ce244d,2,16.0,1786981223,True,2,400.0,1786981255.0,True,400.0,27.957775,0.0,1.0,27.132376,0.0,Flipper,1786981335.0,0.022222222222222223,Grail,0.0,11.957775000000002,0.7473609375000001,False,True
ALLEN LAUNCH,LAUNCH,gALLEN,0xcd60d10d9aefdb480aa38a592e759a44dca502b1,2,16.0,1786981401,False,0,0.0,,False,0.0,0.0,0.0,0.0,0.0,0.0,Unredeemed,,,,0.0,-16.0,-1.0,False,True
ALLEN LAUNCH,LAUNCH,gALLEN,0xd34ee7d8fe01cc90ccd5d1f4efd9630087b8fd88,1,8.0,1786981255,True,1,200.0,1786981391.0,True,200.0,12.420463,0.0,1.0,13.566188,0.0,Flipper,1786981507.0,0.03222222222222222,Grail,0.0,4.420463,0.552557875,False,True
ALLEN LAUNCH,LAUNCH,gALLEN,0xd612d0b07027d7505fced8e01ed89438450d2b83,2,16.0,1786981273,False,0,0.0,,False,0.0,0.0,0.0,0.0,0.0,0.0,Unredeemed,,,,0.0,-16.0,-1.0,False,True
ALLEN LAUNCH,LAUNCH,gALLEN,0xdd3014109ecb84d7b5ee26052b5489084b58123e,2,16.0,1786981249,True,2,400.0,1786981351.0,True,400.0,26.983077,0.42727810495719504,0.572721895042805,27.132376,11.59307020026608,Partial seller,1786981371.0,0.005555555555555556,OKX Wallet,11.59307020026608,10.983077000000002,1.4110092000166299,True,True
ALLEN LAUNCH,LAUNCH,gALLEN,0xddb7f7b2d91e6d6674a331b9fd6859f64a5c2cda,2,16.0,1786981241,True,2,400.0,1786981557.0,True,400.0,27.903944,0.0,1.0,27.132376,0.0,Flipper,1786983877.0,0.6444444444444445,Grail,0.0,11.903944,0.7439965,False,True
ALLEN LAUNCH,LAUNCH,gALLEN,0xe095ba55a62cd627eb9db0c93e65b77e07fce073,2,16.0,1786981225,True,2,400.0,1786981453.0,False,0.0,0.0,1.0,0.0,27.132376,27.132376,Holder,,,,27.132376,-16.0,0.6957735,False,True
ALLEN LAUNCH,LAUNCH,gALLEN,0xe20513c8ec4c6fe228109860e38256a2445d0871,2,16.0,1786981237,True,2,400.0,1786981275.0,True,400.0,25.623771,0.0,1.0,27.132376,0.0,Flipper,1786981479.0,0.056666666666666664,Grail,0.0,9.623771000000001,0.6014856875000001,False,True
ALLEN LAUNCH,LAUNCH,gALLEN,0xe24936e883d5d986e3c56512f59c4675a004db2e,2,16.0,1786981219,True,2,400.0,1786981453.0,False,0.0,0.0,1.0,0.0,27.132376,27.132376,Holder,,,,27.132376,-16.0,0.6957735,False,True
ALLEN LAUNCH,LAUNCH,gALLEN,0xe6786b71a8c6733daecc8d6b340ac7c4bdd03f95,1,8.0,1786981391,True,1,200.0,1786981413.0,True,200.0,11.734424,0.0,1.0,13.566188,0.0,Flipper,1786981675.0,0.07277777777777777,BasedBot,0.0,3.7344240000000006,0.4668030000000001,True,True
ALLEN LAUNCH,LAUNCH,gALLEN,0xe7b696dcb50c12c9d107a9d2f99ee35cfbdc7260,2,16.0,1786981283,False,0,0.0,,False,0.0,0.0,0.0,0.0,0.0,0.0,Unredeemed,,,,0.0,-16.0,-1.0,False,True
ALLEN LAUNCH,LAUNCH,gALLEN,0xe8bbaf0bf26929f08c00ff9f2a46e47174077184,2,16.0,1786981239,True,2,400.0,1786981407.0,True,477.0009977387275,30.766382,0.0,1.0,27.132376,0.0,Flipper,1787298203.0,87.99888888888889,Grail,0.0,14.766382,0.922898875,False,True
ALLEN LAUNCH,LAUNCH,gALLEN,0xeb3c20a9fd5574f7a3c633f6b47ea4b2411b3320,2,16.0,1786981363,False,0,0.0,,False,0.0,0.0,0.0,0.0,0.0,0.0,Unredeemed,,,,0.0,-16.0,-1.0,False,True
ALLEN LAUNCH,LAUNCH,gALLEN,0xec6ff00b2d6b7f60f1431aaf192cb883f1b414f7,2,16.0,1786981405,True,2,400.0,1786981425.0,True,400.0,24.950634,0.0,1.0,27.132376,0.0,Flipper,1786981497.0,0.02,Grail,0.0,8.950634,0.559414625,False,True
ALLEN LAUNCH,LAUNCH,gALLEN,0xec9e512fe7e90134d8ca7295329ccb0a57c91ecb,1,8.0,1786981445,False,0,0.0,,False,0.0,0.0,0.0,0.0,0.0,0.0,Unredeemed,,,,0.0,-8.0,-1.0,False,True
ALLEN LAUNCH,LAUNCH,gALLEN,0xef17179557b3e2932807d0fecab6bbfcf0dcfc8b,1,8.0,1786981325,True,1,200.0,1786981349.0,True,200.0,13.615756,0.0,1.0,13.566188,0.0,Flipper,1786981365.0,0.0044444444444444444,Grail,0.0,5.615755999999999,0.7019694999999999,False,True
ALLEN LAUNCH,LAUNCH,gALLEN,0xf09862c059eb0b18b8d8661a9d46c6ceee73b728,1,8.0,1786981391,True,1,200.0,1786981469.0,True,200.0,12.679491,0.0,1.0,13.566188,0.0,Flipper,1786981487.0,0.005,Grail,0.0,4.6794910000000005,0.5849363750000001,False,True
ALLEN LAUNCH,LAUNCH,gALLEN,0xf27c10488b579e5bcd6ec8cc2922315c2d799c6f,1,8.0,1786981247,True,1,200.0,1786981747.0,True,200.0,13.549489,0.0,1.0,13.566188,0.0,Flipper,1791050979.0,1130.3422222222223,Grail,0.0,5.5494889999999995,0.6936861249999999,False,True
ALLEN LAUNCH,LAUNCH,gALLEN,0xf49ce99ad91f9c7ece36970d799c8d8d9c4cfcf2,1,8.0,1786981425,True,1,200.0,1786981449.0,True,200.0,12.906848,0.0,1.0,13.566188,0.0,Flipper,1789737449.0,765.5555555555555,Grail,0.0,4.906848,0.613356,False,True
ALLEN LAUNCH,LAUNCH,gALLEN,0xf6b48ed91717471a0f9cbf5dad071d77fe62d12f,2,16.0,1786981227,False,0,0.0,,False,0.0,0.0,0.0,0.0,0.0,0.0,Unredeemed,,,,0.0,-16.0,-1.0,False,True
ALLEN LAUNCH,LAUNCH,gALLEN,0xf7915670cd3a9c5f3fd69994a0955f275f6020d6,2,16.0,1786981345,True,1,200.0,1786981459.0,True,207.084,12.297116,0.0023338457112304107,0.9976661542887696,13.566188,0.031661389681545464,Flipper,1786981575.0,0.03222222222222222,Grail,0.03166138968154567,-3.702883999999999,-0.22945141314490336,False,True
ALLEN LAUNCH,LAUNCH,gALLEN,0xfb1cab906fead15686d9d451b3ef9d8e6068215b,2,16.0,1786981209,True,2,400.0,1786981215.0,True,400.0242156947504,25.084049,0.0,1.0,27.132376,0.0,Flipper,1787589591.0,168.99333333333334,Grail,0.0,9.084049,0.5677530625,False,True
ALLEN LAUNCH,LAUNCH,gALLEN,0xfd498df93ec5a75649a23cfa27c19e68c23251a3,2,16.0,1786981219,True,2,400.0,1786981241.0,True,400.0,28.782187,0.0,1.0,27.132376,0.0,Flipper,1786981257.0,0.0044444444444444444,Grail,0.0,12.782187,0.7988866875,False,True
ALLEN LAUNCH,LAUNCH,gALLEN,0xfd7e848a6d04bf5bc7bc2db5270b82f0960edb7a,1,8.0,1786981247,True,1,200.0,1786981327.0,True,214.1644913871099,12.671423,0.0,1.0,13.566188,0.0,Flipper,1786981641.0,0.08722222222222223,Grail,0.0,4.671423000000001,0.5839278750000001,False,True
ALLEN LAUNCH,LAUNCH,gALLEN,0xfe5d4f8e6bfdc08b5b0cacd8201d8f3aff1dbe6b,2,16.0,1786981349,False,0,0.0,,False,7.690093167765065,0.513523,0.0,0.0,0.0,0.0,Unredeemed,1788198679.0,,Grail,0.0,-15.486477,-0.9679048125,False,True
ALLEN LAUNCH,LAUNCH,gALLEN,0xfecd0cb6ee16c61bc7e8c5c7a464f6b3a8f1a075,1,8.0,1786981445,True,1,200.0,1786981475.0,True,200.0,12.641994,0.0,1.0,13.566188,0.0,Flipper,1786981493.0,0.005,Grail,0.0,4.641994,0.58024925,False,True
COOP LAUNCH,LAUNCH,gCOOP,0x04286290d9cb5b5aa6b7f4805bd764295726d214,1,5.0,1785870141,True,1,100.0,1785870147.0,True,100.03689232825134,15.213627,0.0,1.0,14.850601,0.0,Flipper,1787589541.0,477.6094444444444,Grail,0.0,10.213627,2.0427254,False,True
COOP LAUNCH,LAUNCH,gCOOP,0x05aa29527e2fcf51638ff67b6995e89c8944bb8b,1,5.0,1785872367,True,1,100.0,1785872437.0,True,100.0,15.47051,0.0,1.0,14.850601,0.0,Flipper,1785872505.0,0.01888888888888889,Grail,0.0,10.47051,2.0941020000000004,False,True
COOP LAUNCH,LAUNCH,gCOOP,0x06390665675a827ae6733ec291fbdf5df852d022,1,5.0,1785870381,True,1,100.0,1785870443.0,True,100.0,11.675522,0.0,1.0,14.850601,0.0,Flipper,1785870459.0,0.0044444444444444444,Grail,0.0,6.675522000000001,1.3351044,False,True
COOP LAUNCH,LAUNCH,gCOOP,0x08f9ff0f6e5f45dc13f60202770bd6b7ef1b5f96,1,5.0,1785870285,True,1,100.0,1785870353.0,True,100.0,12.431163,0.0,1.0,14.850601,0.0,Flipper,1785870767.0,0.115,Grail,0.0,7.431163,1.4862326000000001,False,True
COOP LAUNCH,LAUNCH,gCOOP,0x09aa1ae74d946c06e053dcb9845e4f796e4c2151,1,5.0,1785872311,True,1,100.0,1785872339.0,True,100.0,14.069523,0.0,1.0,14.850601,0.0,Flipper,1785873281.0,0.26166666666666666,Grail,0.0,9.069523,1.8139045999999999,False,True
COOP LAUNCH,LAUNCH,gCOOP,0x0b00ef608b84a25b647a873931580be96ed31cf4,1,5.0,1785870247,False,0,0.0,,False,0.0,0.0,0.0,0.0,0.0,0.0,Unredeemed,,,,0.0,-5.0,-1.0,False,True
COOP LAUNCH,LAUNCH,gCOOP,0x0c13dcadddda7c48300e0bb210ab897a10c11fdc,1,5.0,1785870537,False,0,0.0,,False,0.0,0.0,0.0,0.0,0.0,0.0,Unredeemed,,,,3.0400066503990306,-5.0,-0.39199866992019383,False,True
COOP LAUNCH,LAUNCH,gCOOP,0x0dad0e5ca7449f6291b008577010f4bde03e55eb,1,5.0,1785870339,True,1,100.0,1785870381.0,True,100.0,14.214573,0.0,1.0,14.850601,0.0,Flipper,1785872687.0,0.6405555555555555,Grail,0.0,9.214573,1.8429145999999998,False,True
COOP LAUNCH,LAUNCH,gCOOP,0x0dbebf0248cf14848f58c6cf7360947609224da4,1,5.0,1785874333,True,1,100.0,1785874425.0,True,100.0,13.42628,0.0,1.0,14.850601,0.0,Flipper,1785874445.0,0.005555555555555556,Grail,0.0,8.42628,1.6852559999999999,False,True
COOP LAUNCH,LAUNCH,gCOOP,0x0dd29a896e1f200efdf2f6df76d27e23df04413d,1,5.0,1785870221,False,0,0.0,,False,0.0,0.0,0.0,0.0,0.0,0.0,Unredeemed,,,,0.0,-5.0,-1.0,False,True
COOP LAUNCH,LAUNCH,gCOOP,0x0fceeab024973babfaaac1f452911b6cbaa75a68,1,5.0,1785870251,True,1,100.0,1785870319.0,True,100.0,12.848186,0.0,1.0,14.850601,0.0,Flipper,1785870331.0,0.0033333333333333335,OKX Wallet,0.0,7.848186,1.5696371999999998,False,True
COOP LAUNCH,LAUNCH,gCOOP,0x106f579b3c8bc21d4698e57e51e1bf128f8fe1b9,1,5.0,1785870371,True,1,100.0,1785881179.0,True,100.0,14.455699,0.0,1.0,14.850601,0.0,Flipper,1785881205.0,0.007222222222222222,Grail,0.0,9.455699,1.8911398,False,True
COOP LAUNCH,LAUNCH,gCOOP,0x10eece768bb80edb3679bed1a4031f6dacc9887e,1,5.0,1785870167,True,1,100.0,1785870221.0,True,100.0,13.246211,0.0,1.0,14.850601,0.0,Flipper,1785870301.0,0.022222222222222223,Grail,0.0,8.246211,1.6492422000000002,False,True
COOP LAUNCH,LAUNCH,gCOOP,0x11b4486c93c42eaf7bdd782679fb20c709901af4,1,5.0,1785870575,True,1,100.0,1787564767.0,True,100.0,13.601187,0.0,1.0,14.850601,0.0,Flipper,1788188323.0,173.21,Grail,0.0,8.601187,1.7202373999999998,False,True
COOP LAUNCH,LAUNCH,gCOOP,0x11e8b163b76b31447c0139e0a9748f5271c00e9c,1,5.0,1785871517,False,0,0.0,,False,0.0,0.0,0.0,0.0,0.0,0.0,Unredeemed,,,,0.0,-5.0,-1.0,False,True
COOP LAUNCH,LAUNCH,gCOOP,0x12c0a95e75064ad1e12529e7a6039eab054272ae,1,5.0,1785870491,True,1,100.0,1785870531.0,True,100.0,12.617658,0.0,1.0,14.850601,0.0,Flipper,1785870739.0,0.057777777777777775,Grail,0.0,7.6176580000000005,1.5235316,False,True
COOP LAUNCH,LAUNCH,gCOOP,0x1804b142faeabbf08ecf4ff3843223b8d239f4ae,1,5.0,1785881617,True,1,100.0,1785881855.0,True,0.0,0.0,0.0,1.0,14.850601,0.0,Flipper,,,,0.0,-5.0,-1.0,False,True
COOP LAUNCH,LAUNCH,gCOOP,0x18aeaba4a846f65c2fdc8c43deba1f51a514215a,1,5.0,1785883039,True,1,100.0,1785883067.0,True,119.19427728537812,16.935145000000002,0.0,1.0,14.850601,0.0,Flipper,1785883091.0,0.006666666666666667,Grail,0.0,11.935145000000002,2.3870290000000005,True,True
COOP LAUNCH,LAUNCH,gCOOP,0x1dc8aea4942cfabbe84b8f038247be33c6b8fab4,1,5.0,1785870141,True,1,100.0,1785870147.0,True,100.03689232825134,14.853444,0.0,1.0,14.850601,0.0,Flipper,1787589653.0,477.6405555555556,Grail,0.0,9.853444,1.9706888,False,True
COOP LAUNCH,LAUNCH,gCOOP,0x2095293a2dc3d9bbd5d7f0b3c997b1d6ba119b6b,1,5.0,1785873627,True,1,100.0,1785873649.0,True,100.0,13.742258,0.0,1.0,14.850601,0.0,Flipper,1785873665.0,0.0044444444444444444,Grail,0.0,8.742258,1.7484516,False,True
COOP LAUNCH,LAUNCH,gCOOP,0x20c3c97f6ad8ca78b8c30243bf4f487e884d353e,1,5.0,1785887095,True,1,100.0,1785887213.0,True,100.0,15.077795,0.0,1.0,14.850601,0.0,Flipper,1787326331.0,399.755,Grail,0.0,10.077795,2.015559,False,True
COOP LAUNCH,LAUNCH,gCOOP,0x214de9af3c0c3e39838e05aa6ab09e6a9bfca289,1,5.0,1785870167,True,1,100.0,1785870221.0,True,100.0,13.145363,0.0,1.0,14.850601,0.0,Flipper,1785870307.0,0.02388888888888889,Grail,0.0,8.145363,1.6290725999999998,False,True
COOP LAUNCH,LAUNCH,gCOOP,0x23631b12402fe1b2404fccfab01557269b0df108,1,5.0,1785870441,False,0,0.0,,False,0.0,0.0,0.0,0.0,0.0,0.0,Unredeemed,,,,0.0,-5.0,-1.0,False,True
COOP LAUNCH,LAUNCH,gCOOP,0x2392591009f80b4582401e7540a1192aa8b917cc,1,5.0,1785871899,False,0,0.0,,False,0.0,0.0,0.0,0.0,0.0,0.0,Unredeemed,,,,390.1892565684209,-5.0,77.03785131368417,False,True
COOP LAUNCH,LAUNCH,gCOOP,0x23c10b8ba82ab7bbab0c2d45e4df802cc509d32a,1,5.0,1785871227,True,1,100.0,1785871255.0,True,100.0,13.27155,0.0,1.0,14.850601,0.0,Flipper,1785871363.0,0.03,Grail,0.0,8.27155,1.6543099999999997,False,True
COOP LAUNCH,LAUNCH,gCOOP,0x25f547fc0db87305aae98aa27de88d30aa48c540,1,5.0,1785870219,False,0,0.0,,False,0.0,0.0,0.0,0.0,0.0,0.0,Unredeemed,,,,21.58277532726075,-5.0,3.3165550654521505,False,True
COOP LAUNCH,LAUNCH,gCOOP,0x2a52ac190a84e935246202e529aed50b41c8731c,1,5.0,1785870237,False,0,0.0,,False,0.0,0.0,0.0,0.0,0.0,0.0,Unredeemed,,,,0.0,-5.0,-1.0,True,True
COOP LAUNCH,LAUNCH,gCOOP,0x2ab3694be4624f9bdc5ec86d6339e7b6aa2ee869,1,5.0,1785870185,True,1,100.0,1785870229.0,False,0.0,0.0,1.0,0.0,14.850601,14.850601,Holder,,,,14.850601,-5.0,1.9701201999999998,False,True
COOP LAUNCH,LAUNCH,gCOOP,0x2b4be2284d0089e4bae8c328f5456f1345973b42,1,5.0,1785870261,False,0,0.0,,False,0.0,0.0,0.0,0.0,0.0,0.0,Unredeemed,,,,0.0,-5.0,-1.0,False,True
COOP LAUNCH,LAUNCH,gCOOP,0x2c40aa8bbd0b49415ec80bc91ebf6d39c0e586bd,1,5.0,1785870541,True,1,100.0,1785870579.0,True,100.0,14.037904,0.0,1.0,14.850601,0.0,Flipper,1785911193.0,11.281666666666666,Grail,0.0,9.037904,1.8075807999999998,False,True
COOP LAUNCH,LAUNCH,gCOOP,0x2da4d9e0f365cf8df0e4991a14b601852508b10d,1,5.0,1785870551,True,1,100.0,1785870583.0,True,100.0,13.850066,0.0,1.0,14.850601,0.0,Flipper,1785873651.0,0.8522222222222222,Grail,0.0,8.850066,1.7700132000000002,False,True
COOP LAUNCH,LAUNCH,gCOOP,0x3511748c00b6b2dd9f77c1141cec9c0bd7ada5be,1,5.0,1785884811,True,1,100.0,1785884837.0,True,100.0,13.863288,0.0,1.0,14.850601,0.0,Flipper,1785884885.0,0.013333333333333334,Grail,0.0,8.863288,1.7726576,False,True
COOP LAUNCH,LAUNCH,gCOOP,0x35c878ff10587b16c55a781c538c2dd95346767d,1,5.0,1785870365,True,1,100.0,1785872329.0,True,0.0,0.0,1.6342482922482303e-14,0.9999999999999837,14.850601,2.426956932310986e-13,Flipper,,,,2.4209642808013e-13,-5.0,-0.9999999999999516,False,True
COOP LAUNCH,LAUNCH,gCOOP,0x37810876c7f38b57645501d58dfa317a164ef0c7,1,5.0,1785870323,True,1,100.0,1785870395.0,True,100.0,11.931452,0.0,1.0,14.850601,0.0,Flipper,1785870413.0,0.005,Grail,0.0,6.931452,1.3862904,False,True
COOP LAUNCH,LAUNCH,gCOOP,0x391153478387377122ba2dc2b019a0fe15f1b604,1,5.0,1785871323,True,1,100.0,1786975725.0,True,100.0,16.133081,0.0,1.0,14.850601,0.0,Flipper,1786975751.0,0.007222222222222222,Grail,0.0,11.133081,2.2266162,False,True
COOP LAUNCH,LAUNCH,gCOOP,0x39d2da7bf40effbf6ef49662d663c699d581bb1a,1,5.0,1785875281,True,1,100.0,1785875307.0,True,100.0,15.001345,0.0,1.0,14.850601,0.0,Flipper,1785875323.0,0.0044444444444444444,Grail,0.0,10.001345,2.0002690000000003,False,True
COOP LAUNCH,LAUNCH,gCOOP,0x3a7267635c171d7a8fb326d57f0ff9d8e79820b8,1,5.0,1785871601,True,1,100.0,1785871681.0,True,100.0,14.089674,0.0,1.0,14.850601,0.0,Flipper,1785871719.0,0.010555555555555556,Grail,0.0,9.089674,1.8179348000000002,False,True
COOP LAUNCH,LAUNCH,gCOOP,0x3ae3197be2385bf6295f7d19f03ab898d717fcfd,1,5.0,1785870163,True,1,100.0,1785870221.0,True,100.0,13.876405,0.0,1.0,14.850601,0.0,Flipper,1785870269.0,0.013333333333333334,Grail,0.0,8.876405,1.775281,False,True
COOP LAUNCH,LAUNCH,gCOOP,0x3c4113b60a5a8bc5b5939379b223331a55624afc,1,5.0,1785881247,True,1,100.0,1785881277.0,True,400.0,56.567949999999996,0.0,1.0,14.850601,0.0,Flipper,1785881343.0,0.018333333333333333,OKX Wallet,0.0,51.567949999999996,10.31359,False,True
COOP LAUNCH,LAUNCH,gCOOP,0x3d4f21e6b488bcf2104d2a80496a792521e31283,1,5.0,1785875951,True,1,100.0,1785876159.0,False,0.0,0.0,1.0,0.0,14.850601,14.850601,Holder,,,,14.850601,-5.0,1.9701201999999998,False,True
COOP LAUNCH,LAUNCH,gCOOP,0x3dfac8d40954ac9a0d1b18fa5e69e080f326760f,1,5.0,1785887177,True,1,100.0,1785887213.0,True,100.0,14.839347,0.0,1.0,14.850601,0.0,Flipper,1787326369.0,399.7655555555556,Grail,0.0,9.839347,1.9678694,False,True
COOP LAUNCH,LAUNCH,gCOOP,0x3f322ac37155e431ca30cd8343c28ab0222c7ecb,1,5.0,1785878011,False,0,0.0,,False,0.0,0.0,0.0,0.0,0.0,0.0,Unredeemed,,,,0.0,-5.0,-1.0,False,True
COOP LAUNCH,LAUNCH,gCOOP,0x3f5badee3fcfa1c73159629801de1af4548ddb2f,1,5.0,1785873749,True,1,100.0,1787587449.0,True,100.0,15.969544,0.0,1.0,14.850601,0.0,Flipper,1790608563.0,839.1983333333334,Grail,0.0,10.969544,2.1939088,False,True
COOP LAUNCH,LAUNCH,gCOOP,0x41bdc352898f8e5ed66842e0a9824628225817d7,1,5.0,1785884115,True,1,100.0,1785884135.0,True,100.0044505509518,14.213723,0.0,1.0,14.850601,0.0,Flipper,1790092453.0,1168.9772222222223,Grail,0.0,9.213723,1.8427446,False,True
COOP LAUNCH,LAUNCH,gCOOP,0x43ca9b301663af944fcc5c307ffde09dcd694f0f,1,5.0,1785870401,False,0,0.0,,False,0.0,0.0,0.0,0.0,0.0,0.0,Unredeemed,,,,0.0,-5.0,-1.0,False,True
COOP LAUNCH,LAUNCH,gCOOP,0x453bc807bd51a4f62401fc599583422a2404736a,1,5.0,1785870597,False,0,0.0,,False,1791.128721413962,277.749648,0.0,0.0,0.0,0.0,Unredeemed,1785871679.0,,Grail,0.0,272.749648,54.5499296,True,True
COOP LAUNCH,LAUNCH,gCOOP,0x4603fe6e2382da1bbfbb97e930d609524e3537d5,1,5.0,1785870205,False,0,0.0,,False,564.4271751211735,90.277009,0.0,0.0,0.0,0.0,Unredeemed,1788276107.0,,Grail,0.0,85.277009,17.055401800000002,False,True
COOP LAUNCH,LAUNCH,gCOOP,0x4be14afd66f701594f632f64bb445f20a5183194,1,5.0,1785870847,True,1,100.0,1785891423.0,True,100.0,13.335848,0.0,1.0,14.850601,0.0,Flipper,1785891465.0,0.011666666666666667,Grail,0.0,8.335848,1.6671696000000003,False,True
COOP LAUNCH,LAUNCH,gCOOP,0x4ddba3e9b3845cf08c17d8e3b210daeae6e0ca7d,1,5.0,1785870301,True,1,100.0,1785872201.0,True,0.0,0.0,1.6342482922482303e-14,0.9999999999999837,14.850601,2.426956932310986e-13,Flipper,,,,2.4209642808013e-13,-5.0,-0.9999999999999516,False,True
COOP LAUNCH,LAUNCH,gCOOP,0x4df7acceb2441c8c020d7b998deb001ac6724e96,1,5.0,1785870733,True,1,100.0,1785870765.0,True,100.0,12.339461,0.0,1.0,14.850601,0.0,Flipper,1785870793.0,0.0077777777777777776,Grail,0.0,7.339461,1.4678922,False,True
COOP LAUNCH,LAUNCH,gCOOP,0x4f240578aabc8d80ecc6bffd17387d75640412a6,1,5.0,1785870223,True,1,100.0,1785870547.0,True,100.0,17.772889,0.0,1.0,14.850601,0.0,Flipper,1786203413.0,92.46277777777777,OKX Wallet,0.0,12.772889,2.5545777999999997,True,True
COOP LAUNCH,LAUNCH,gCOOP,0x521d0eb9ea6ecc29e7b995abc329490b4fc234f2,1,5.0,1785870251,True,1,100.0,1785911351.0,True,100.0,13.819184,0.0,1.0,14.850601,0.0,Flipper,1785911363.0,0.0033333333333333335,Grail,0.0,8.819184,1.7638368,False,True
COOP LAUNCH,LAUNCH,gCOOP,0x52e2a414c65bd8ea41b6c5b5276ed9452ecad088,1,5.0,1785870223,False,0,0.0,,False,0.0,0.0,0.0,0.0,0.0,0.0,Unredeemed,,,,2.794499905516014,-5.0,-0.4411000188967973,False,True
COOP LAUNCH,LAUNCH,gCOOP,0x533b65ce39f438105f36d988d9c106f693ec2b74,1,5.0,1785870267,True,2,200.0,1785870301.0,True,720.2121612174403,107.64422200000001,0.0,1.0,29.701202,0.0,Flipper,1785870317.0,0.0044444444444444444,Grail,0.0,102.64422200000001,20.528844400000004,False,True
COOP LAUNCH,LAUNCH,gCOOP,0x534f757609e57ee164b929e0c50861559f9aa125,1,5.0,1785870159,True,1,100.0,1785870221.0,True,100.0,15.503108000000001,0.0,1.0,14.850601,0.0,Flipper,1786722577.0,236.76555555555555,Grail,0.0,10.503108000000001,2.1006216,False,True
COOP LAUNCH,LAUNCH,gCOOP,0x53528223bb4497afc06472f020bac475e8e629ff,1,5.0,1785871059,True,1,100.0,1785871145.0,True,100.0,13.864114,0.0,1.0,14.850601,0.0,Flipper,1785871215.0,0.019444444444444445,Grail,0.0,8.864114,1.7728228000000001,False,True
COOP LAUNCH,LAUNCH,gCOOP,0x53991b9ce11a4a44b5ab2e59d790a14ac7c5df47,1,5.0,1785870171,True,1,100.0,1785870221.0,True,100.0,13.497807,0.0,1.0,14.850601,0.0,Flipper,1785870283.0,0.017222222222222222,Grail,0.0,8.497807,1.6995613999999999,False,True
COOP LAUNCH,LAUNCH,gCOOP,0x53bd1e27390fc589bda94eb1df92777051c004a9,1,5.0,1785870399,True,1,100.0,1785870487.0,True,100.0,11.509449,0.0,1.0,14.850601,0.0,Flipper,1785870503.0,0.0044444444444444444,Grail,0.0,6.509449,1.3018898,False,True
COOP LAUNCH,LAUNCH,gCOOP,0x57a625f03449fed880c8b3d06aa46d3b9e486ba7,1,5.0,1785870541,True,1,100.0,1785873099.0,True,100.0,14.141668,0.0,1.0,14.850601,0.0,Flipper,1785873125.0,0.007222222222222222,Grail,0.0,9.141668,1.8283335999999997,False,True
COOP LAUNCH,LAUNCH,gCOOP,0x587172910fececad2b2c6dcb68722606182588b3,1,5.0,1785870211,True,1,100.0,1786981549.0,True,106.40712804043561,16.908616,6.413541582023895e-05,0.9999358645841797,14.850601,0.0009524494703154565,Flipper,1786981599.0,0.013888888888888888,Fomo,0.0009524494703145332,11.908615999999999,2.3819136898940627,False,True
COOP LAUNCH,LAUNCH,gCOOP,0x5aa7d123ce5747f8dcb0f4d215055f042129d0df,1,5.0,1785871667,True,1,100.0,1785871697.0,True,100.0,14.096403,0.0,1.0,14.850601,0.0,Flipper,1785871755.0,0.01611111111111111,Grail,0.0,9.096403,1.8192806,False,True
COOP LAUNCH,LAUNCH,gCOOP,0x5b899f5bd0ad9773ca7e7d73d787bb776f7c4d6e,1,5.0,1785870329,False,0,0.0,,False,0.0,0.0,0.0,0.0,0.0,0.0,Unredeemed,,,,0.0,-5.0,-1.0,False,True
COOP LAUNCH,LAUNCH,gCOOP,0x5c357af017c471d950cc8915bd97e2ae8c989b92,1,5.0,1785883913,True,1,100.0,1785883935.0,True,1146.56,181.06887600000002,9.89322176155838e-05,0.9999010677823844,14.850601,0.0014692028898542063,Flipper,1789053745.0,880.5027777777777,Grail,0.0006935350508240483,176.06887600000002,35.213913907010166,False,True
COOP LAUNCH,LAUNCH,gCOOP,0x5c425da5f5b89aeae5f33bbfed30ce30f62a3d6d,1,5.0,1785870235,True,1,100.0,1785870441.0,True,100.0,11.427738,0.0,1.0,14.850601,0.0,Flipper,1785870505.0,0.017777777777777778,Grail,0.0,6.427738,1.2855476000000001,False,True
COOP LAUNCH,LAUNCH,gCOOP,0x5da41929367056e2b6099a7a3f4fb94b106a0d88,1,5.0,1785870241,True,1,100.0,1785870301.0,True,100.0,12.285994,0.012329493434057355,0.9876705065659427,14.850601,0.18310038752130559,Flipper,1785870371.0,0.019444444444444445,Grail,0.18310038752130567,7.2859940000000005,1.4938188775042613,False,True
COOP LAUNCH,LAUNCH,gCOOP,0x5e6a9572b19157facdfae5c9766c06fe01a1a611,1,5.0,1785870203,True,1,100.0,1786951305.0,True,96.83803471592482,15.909788,1.4210854715202004e-16,0.9999999999999999,14.850601,2.110397332444336e-15,Flipper,1788224169.0,353.5733333333333,Grail,0.0,10.909788,2.1819576,False,True
COOP LAUNCH,LAUNCH,gCOOP,0x5f4d14f966f5098aa7b529ea3510343a8281399e,1,5.0,1785870161,True,1,100.0,1785870221.0,True,100.0,13.76829,0.0,1.0,14.850601,0.0,Flipper,1785870273.0,0.014444444444444444,Grail,0.0,8.76829,1.7536580000000002,False,True
COOP LAUNCH,LAUNCH,gCOOP,0x5fdeeff2b4ad526b0240ab1398afbf49deb383e3,1,5.0,1785871123,True,1,100.0,1785871157.0,True,100.0,13.973362,0.0,1.0,14.850601,0.0,Flipper,1785871189.0,0.008888888888888889,Grail,0.0,8.973362,1.7946724,False,True
COOP LAUNCH,LAUNCH,gCOOP,0x609c9f9ce72e5fc3e6b3d387f0857b745af96fa3,1,5.0,1785870163,True,1,100.0,1785870221.0,True,100.0,15.277402,0.0,1.0,14.850601,0.0,Flipper,1786721805.0,236.5511111111111,Grail,0.0,10.277402,2.0554804,False,True
COOP LAUNCH,LAUNCH,gCOOP,0x618d68e225c9ac8a1dfe11c8a26906f9da92407e,1,5.0,1785876863,True,1,100.0,1785876883.0,True,100.0,14.647861,0.0,1.0,14.850601,0.0,Flipper,1785876923.0,0.011111111111111112,Grail,0.0,9.647861,1.9295722,False,True
COOP LAUNCH,LAUNCH,gCOOP,0x630f77a10e249327a11ca3f43941d02e98b1f889,1,5.0,1785870355,False,0,0.0,,False,0.0,0.0,0.0,0.0,0.0,0.0,Unredeemed,,,,0.9566682174382412,-5.0,-0.8086663565123517,False,True
COOP LAUNCH,LAUNCH,gCOOP,0x638d05639156fafdb4421d078059f38712eb1aba,1,5.0,1785870263,True,1,100.0,1785870309.0,True,100.0,11.845215,0.0,1.0,14.850601,0.0,Flipper,1785870421.0,0.03111111111111111,Grail,0.0,6.845215,1.369043,False,True
COOP LAUNCH,LAUNCH,gCOOP,0x64c565ab31f5f2e86380b257ededbc36c8d270f9,1,5.0,1785870685,True,1,100.0,1785870707.0,True,100.0,12.52389,0.0,1.0,14.850601,0.0,Flipper,1785870749.0,0.011666666666666667,Grail,0.0,7.52389,1.504778,False,True
COOP LAUNCH,LAUNCH,gCOOP,0x662179fafe29347c2c425c7226ee89e3d9ef155d,1,5.0,1785876335,True,1,100.0,1785876377.0,True,100.0,14.882235,0.0,1.0,14.850601,0.0,Flipper,1785876409.0,0.008888888888888889,Grail,0.0,9.882235,1.9764469999999998,False,True
COOP LAUNCH,LAUNCH,gCOOP,0x6738e5114a64eb9a28038029f37b07c337e97340,1,5.0,1785870419,True,1,100.0,1785870609.0,True,100.0,16.454509,0.0,1.0,14.850601,0.0,Flipper,1785871641.0,0.2866666666666667,Grail,0.0,11.454509000000002,2.2909018000000003,False,True
COOP LAUNCH,LAUNCH,gCOOP,0x68442253055c42961397da824511c61e531b7648,1,5.0,1785870565,True,1,100.0,1785870585.0,False,0.0,0.0,1.0,0.0,14.850601,14.850601,Holder,,,,14.850601,-5.0,1.9701201999999998,False,True
COOP LAUNCH,LAUNCH,gCOOP,0x69c833f007f54f7fdd599f9efa39a503e6fbba31,1,5.0,1785870189,True,1,100.0,1785870213.0,True,103.1764246020631,14.759603,0.0,1.0,14.850601,0.0,Flipper,1785870241.0,0.0077777777777777776,Grail,0.0,9.759603,1.9519206000000002,False,True
COOP LAUNCH,LAUNCH,gCOOP,0x6b41abdca985ec9c6c675f8b20004ad1002dd783,1,5.0,1785870141,True,1,100.0,1785870145.0,True,100.03689232825134,14.619565,0.0,1.0,14.850601,0.0,Flipper,1787589725.0,477.6611111111111,Grail,0.0,9.619565,1.9239129999999998,False,True
COOP LAUNCH,LAUNCH,gCOOP,0x6c590e697c560c4853d5981fd2f692e0a5e00062,1,5.0,1785870435,True,1,100.0,1785872343.0,True,0.0,0.0,1.6342482922482303e-14,0.9999999999999837,14.850601,2.426956932310986e-13,Flipper,,,,2.4209642808013e-13,-5.0,-0.9999999999999516,False,True
COOP LAUNCH,LAUNCH,gCOOP,0x6c92f39a017a3de12856460f9a7d36f7de48748f,1,5.0,1785870539,True,1,100.0,1785870575.0,True,101.23050151873889,12.402174,0.0,1.0,14.850601,0.0,Flipper,1785870661.0,0.02388888888888889,Grail,0.0,7.4021740000000005,1.4804348000000003,False,True
COOP LAUNCH,LAUNCH,gCOOP,0x6cce35430fff6d0b20d4b73fce864e7a5be57471,1,5.0,1785880025,False,0,0.0,,False,0.0,0.0,0.0,0.0,0.0,0.0,Unredeemed,,,,0.0,-5.0,-1.0,False,True
COOP LAUNCH,LAUNCH,gCOOP,0x6dbceebd111de65a57c0968c3bad37e930cef708,1,5.0,1785872429,True,1,100.0,1785872475.0,True,100.0,14.483585,0.0,1.0,14.850601,0.0,Flipper,1785872499.0,0.006666666666666667,Grail,0.0,9.483585,1.8967169999999998,False,True
COOP LAUNCH,LAUNCH,gCOOP,0x6dfd55178d40805ada988242a40fe5d232daf4d5,1,5.0,1785872637,True,1,100.0,1785874527.0,True,100.0,13.221644,0.0,1.0,14.850601,0.0,Flipper,1785874747.0,0.06111111111111111,Grail,0.0,8.221644,1.6443287999999998,False,True
COOP LAUNCH,LAUNCH,gCOOP,0x6f1760b5db759b9877833f524a62862737743253,1,5.0,1785870309,True,1,100.0,1785873817.0,True,100.0,13.635703,0.0,1.0,14.850601,0.0,Flipper,1785873955.0,0.03833333333333333,Grail,0.0,8.635703,1.7271405999999998,False,True
COOP LAUNCH,LAUNCH,gCOOP,0x6f1939d9aac9572912366298aca21af9b37bea93,1,5.0,1785887029,True,1,100.0,1785887213.0,False,0.0,0.0,1.0,0.0,14.850601,14.850601,Holder,,,,14.850601,-5.0,1.9701201999999998,False,True
COOP LAUNCH,LAUNCH,gCOOP,0x6f790950f9a0fb4536fd856255b985188a8bb6c5,1,5.0,1785870449,True,1,100.0,1785911287.0,True,100.0,13.9279,0.0,1.0,14.850601,0.0,Flipper,1785911301.0,0.0038888888888888888,Grail,0.0,8.9279,1.78558,False,True
COOP LAUNCH,LAUNCH,gCOOP,0x739ed8fa0036d3ae2a5bed0585ebbab31cceddce,1,5.0,1785870371,False,0,0.0,,False,0.0,0.0,0.0,0.0,0.0,0.0,Unredeemed,,,,0.9475094341744316,-5.0,-0.8104981131651137,False,True
COOP LAUNCH,LAUNCH,gCOOP,0x7495bc652d193d0ee1a93f94b858b1d547956374,1,5.0,1785870933,True,1,100.0,1785870965.0,False,0.0,0.0,1.0,0.0,14.850601,14.850601,Holder,,,,14.850601,-5.0,1.9701201999999998,False,True
COOP LAUNCH,LAUNCH,gCOOP,0x7502e404dc96580157ffbc37504c5d88a2369a80,1,5.0,1785870187,True,1,100.0,1785870567.0,True,100.0,12.248771,0.0,1.0,14.850601,0.0,Flipper,1785870817.0,0.06944444444444445,Paraswap,0.0,7.248771,1.4497542,False,True
COOP LAUNCH,LAUNCH,gCOOP,0x765682c1c7d451f0e2c4540d642b822d7d0876bd,1,5.0,1785871161,True,1,100.0,1785871187.0,True,100.0,13.756143,0.0,1.0,14.850601,0.0,Flipper,1785871219.0,0.008888888888888889,Grail,0.0,8.756143,1.7512286000000001,False,True
COOP LAUNCH,LAUNCH,gCOOP,0x77ad0d6e27eacb4f54df32bcb1b7b8f779bcb5f1,1,5.0,1785870255,False,0,0.0,,False,0.0,0.0,0.0,0.0,0.0,0.0,Unredeemed,,,,0.0,-5.0,-1.0,False,True
COOP LAUNCH,LAUNCH,gCOOP,0x78bd9bae79c1bfbe3df3e7a67268a1922bd74c79,1,5.0,1785870157,True,1,100.0,1785870221.0,True,86.392,13.099845,0.13608000000000006,0.8639199999999999,14.850601,2.0208697840800007,Partial seller,1786722545.0,236.75666666666666,Grail,2.0208697840800007,8.099845,2.024142956816,False,True
COOP LAUNCH,LAUNCH,gCOOP,0x7a02aecf045689120e79b89777a5d882fa3f13f8,1,5.0,1785881731,True,1,100.0,1785881831.0,True,0.0,0.0,0.0,1.0,14.850601,0.0,Flipper,,,,0.0,-5.0,-1.0,False,True
COOP LAUNCH,LAUNCH,gCOOP,0x7a7f9d4b2060257104562c6affcaf6057f647f48,1,5.0,1785872071,True,1,100.0,1785872107.0,True,100.0,14.718333,0.0,1.0,14.850601,0.0,Flipper,1785872135.0,0.0077777777777777776,Grail,0.0,9.718333,1.9436665999999998,False,True
COOP LAUNCH,LAUNCH,gCOOP,0x7b2adeee812f2fde59a60ccd958226d1c9c82694,1,5.0,1785870189,False,0,0.0,,False,3199.9092334671636,497.08527000000004,0.0,0.0,0.0,0.0,Unredeemed,1786077145.0,,Grail,0.0,492.08527000000004,98.41705400000001,True,True
COOP LAUNCH,LAUNCH,gCOOP,0x7bba0d9cb8a9333407c1bf4cfd3f0ac4baf0260c,1,5.0,1785870167,True,1,100.0,1785870193.0,True,100.0,14.370774,0.0,1.0,14.850601,0.0,Flipper,1785870239.0,0.012777777777777779,Grail,0.0,9.370774,1.8741548000000003,False,True
COOP LAUNCH,LAUNCH,gCOOP,0x7cb92ec5c0f037a9fab22aefece90dd8c9ebbe03,1,5.0,1785873343,True,1,100.0,1785873371.0,True,100.0,13.959147,0.0,1.0,14.850601,0.0,Flipper,1785873411.0,0.011111111111111112,Grail,0.0,8.959147,1.7918294000000001,False,True
COOP LAUNCH,LAUNCH,gCOOP,0x7eb84dda9d85495520f8755e816afa59ecb9966f,1,5.0,1785874123,True,1,100.0,1785874151.0,True,100.0,13.530384,0.0,1.0,14.850601,0.0,Flipper,1785874249.0,0.02722222222222222,Grail,0.0,8.530384,1.7060768,False,True
COOP LAUNCH,LAUNCH,gCOOP,0x7ec91b05b3c44314e286ff03d1977efd0969fb12,1,5.0,1785870207,True,1,300.0,1785870257.0,True,300.0,46.98303799999999,0.0,1.0,44.551803,0.0,Flipper,1785871173.0,0.2544444444444444,Grail,0.0,41.98303799999999,8.3966076,False,True
COOP LAUNCH,LAUNCH,gCOOP,0x7f0d0db7fde96ae1f82ec4e8c0ac9001520cf6e0,1,5.0,1785870919,False,0,0.0,,False,0.0,0.0,0.0,0.0,0.0,0.0,Unredeemed,,,,0.0,-5.0,-1.0,False,True
COOP LAUNCH,LAUNCH,gCOOP,0x7f1d46e0803708586c2faac85310a449a89fc596,1,5.0,1785870279,True,1,100.0,1785870309.0,True,100.0,12.656576,0.0,1.0,14.850601,0.0,Flipper,1785870343.0,0.009444444444444445,OKX Wallet,0.0,7.656575999999999,1.5313151999999999,False,True
COOP LAUNCH,LAUNCH,gCOOP,0x8011e95d9b67844127807b20ec6124a23fdcf34c,1,5.0,1785880213,True,1,100.0,1788187695.0,True,100.0,14.163725,0.0,1.0,14.850601,0.0,Flipper,1788187719.0,0.006666666666666667,Grail,0.0,9.163725,1.832745,False,True
COOP LAUNCH,LAUNCH,gCOOP,0x8084c41c8ae279f7dd0456e7924421237f590646,1,5.0,1785887513,True,1,100.0,1785887545.0,True,100.0,13.64862,0.0,1.0,14.850601,0.0,Flipper,1785887615.0,0.019444444444444445,Grail,0.0,8.64862,1.729724,False,True
COOP LAUNCH,LAUNCH,gCOOP,0x80cf8b36d471f291f1be46c8fd4ad10b97c74c47,1,5.0,1785871171,True,1,100.0,1785871225.0,True,100.0,13.582049,0.0,1.0,14.850601,0.0,Flipper,1785871283.0,0.01611111111111111,Grail,0.0,8.582049,1.7164098,False,True
COOP LAUNCH,LAUNCH,gCOOP,0x81c9eb47f4e3a66d7e0ee6e95d29da2542d66601,1,5.0,1785870191,True,1,100.0,1785870221.0,True,100.0,15.92112,0.0,1.0,14.850601,0.0,Flipper,1786769911.0,249.9138888888889,Grail,0.0,10.92112,2.184224,False,True
COOP LAUNCH,LAUNCH,gCOOP,0x820741039a8113c1c0a04104676d0a2a801c1277,1,5.0,1785870931,True,1,100.0,1785870977.0,True,100.0,14.308967,0.0,1.0,14.850601,0.0,Flipper,1785871013.0,0.01,Grail,0.0,9.308967,1.8617934000000003,False,True
COOP LAUNCH,LAUNCH,gCOOP,0x830588c0f09fe56f66e53ac937136ec94497e12c,1,5.0,1785887071,True,1,100.0,1785887213.0,True,100.0,15.198968,0.0,1.0,14.850601,0.0,Flipper,1787326317.0,399.75111111111113,Grail,0.0,10.198968,2.0397936000000003,False,True
COOP LAUNCH,LAUNCH,gCOOP,0x83a7a0f0d724e22cfe8463b41c1d959baca13c88,1,5.0,1785870377,True,1,100.0,1787543563.0,False,0.0,0.0,1.0,0.0,14.850601,14.850601,Holder,,,,14.850601,-5.0,1.9701201999999998,False,True
COOP LAUNCH,LAUNCH,gCOOP,0x84125eee20d26781c216140e7c1cabc535d3b8b5,1,5.0,1785870295,True,1,100.0,1785870319.0,True,100.0,12.751841,0.0,1.0,14.850601,0.0,Flipper,1785870333.0,0.0038888888888888888,Grail,0.0,7.751841000000001,1.5503682000000003,False,True
COOP LAUNCH,LAUNCH,gCOOP,0x8492685dd2524bc2f623a8fa382512dc77eba811,1,5.0,1785881767,True,1,100.0,1785881841.0,True,0.0,0.0,0.0,1.0,14.850601,0.0,Flipper,,,,0.0,-5.0,-1.0,False,True
COOP LAUNCH,LAUNCH,gCOOP,0x86f308168464506aeb59b87e7764316458632600,1,5.0,1785887155,True,1,100.0,1785887213.0,True,100.0,14.95794,0.0,1.0,14.850601,0.0,Flipper,1787326345.0,399.75888888888886,Grail,0.0,9.95794,1.9915880000000001,False,True
COOP LAUNCH,LAUNCH,gCOOP,0x88422e46ac04bd166cc617fc42831d04f0241085,1,5.0,1785870619,True,1,100.0,1785870645.0,True,103.1791449839421,12.613615000000001,2.220446049250313e-17,1.0,14.850601,3.2974958319442746e-16,Flipper,1785870683.0,0.010555555555555556,Grail,0.0,7.613615000000001,1.522723,False,True
COOP LAUNCH,LAUNCH,gCOOP,0x8c624b11a3a2eebf4132d81cc539b57c52efc27e,1,5.0,1785875003,True,1,100.0,1785875029.0,True,100.0,13.234781,0.0,1.0,14.850601,0.0,Flipper,1785875045.0,0.0044444444444444444,Grail,0.0,8.234781,1.6469562,False,True
COOP LAUNCH,LAUNCH,gCOOP,0x8d63d43e2c8279d6ae5790429bc3d480f850ce73,1,5.0,1785870207,True,1,100.0,1785890329.0,True,100.0,13.4389,0.0,1.0,14.850601,0.0,Flipper,1785890373.0,0.012222222222222223,Grail,0.0,8.4389,1.68778,False,True
COOP LAUNCH,LAUNCH,gCOOP,0x8ecd2b14462f3012b57ffa189199a7aa1c77872e,1,5.0,1785870141,True,1,100.0,1785870145.0,True,100.03689232825134,14.735984,0.0,1.0,14.850601,0.0,Flipper,1787589691.0,477.65166666666664,Grail,0.0,9.735984,1.9471968,False,True
COOP LAUNCH,LAUNCH,gCOOP,0x8ecd92e9fd3bd43bf11ba4dbe39a6bc20cb4c3ab,1,5.0,1785870251,True,1,300.0,1785870337.0,True,300.0,36.321304,0.0,1.0,44.551803,0.0,Flipper,1785870383.0,0.012777777777777779,Grail,0.0,31.321303999999998,6.2642608,False,True
COOP LAUNCH,LAUNCH,gCOOP,0x91ef2eaa17cddfe1b80369dea2edefc15b43ee94,1,5.0,1785870285,True,1,100.0,1785870473.0,True,0.0,0.0,1.2789769243681803e-15,0.9999999999999987,14.850601,1.8993575991999022e-14,Flipper,,,,1.848231547455e-14,-5.0,-0.9999999999999963,False,True
COOP LAUNCH,LAUNCH,gCOOP,0x93b0ac79741c251714c24cd2a2dec2e2b16423ee,1,5.0,1785870375,True,1,100.0,1785870397.0,True,100.0,11.759909,0.0,1.0,14.850601,0.0,Flipper,1785870423.0,0.007222222222222222,Grail,0.0,6.759909,1.3519818,False,True
COOP LAUNCH,LAUNCH,gCOOP,0x96289e0c5e166343915352377e13e94f46815ae1,1,5.0,1785870187,False,0,0.0,,False,0.0,0.0,0.0,0.0,0.0,0.0,Unredeemed,,,,0.0,-5.0,-1.0,False,True
COOP LAUNCH,LAUNCH,gCOOP,0x97984422c7c31572c283f9429607471119c9b7f8,1,5.0,1785878325,False,0,0.0,,False,0.0,0.0,0.0,0.0,0.0,0.0,Unredeemed,,,,0.0,-5.0,-1.0,False,True
COOP LAUNCH,LAUNCH,gCOOP,0x984332f81679556cad592e5b6ece39157be4d77f,1,5.0,1785886671,True,1,100.0,1785886703.0,True,100.0,13.755326,0.0,1.0,14.850601,0.0,Flipper,1785886743.0,0.011111111111111112,Grail,0.0,8.755326,1.7510652000000002,False,True
COOP LAUNCH,LAUNCH,gCOOP,0x98d6b47d2c6abf76f918cf37003e20dff6993592,1,5.0,1785870445,True,1,100.0,1785870553.0,True,100.0,12.582651,0.0,1.0,14.850601,0.0,Flipper,1785870693.0,0.03888888888888889,Grail,0.0,7.582651,1.5165302,False,True
COOP LAUNCH,LAUNCH,gCOOP,0x9a913c9055c3333c75125f1cf83ee152b18c8ae3,1,5.0,1785870399,True,1,100.0,1785870553.0,True,100.0,13.373856,0.0,1.0,14.850601,0.0,Flipper,1785871325.0,0.21444444444444444,Grail,0.0,8.373856,1.6747712,False,True
COOP LAUNCH,LAUNCH,gCOOP,0x9a9fc28b68d6a2dab7c6791f34f5cbc96567f3b9,1,5.0,1785872269,False,0,0.0,,False,0.0,0.0,0.0,0.0,0.0,0.0,Unredeemed,,,,0.0,-5.0,-1.0,False,True
COOP LAUNCH,LAUNCH,gCOOP,0x9b2515a0aa5e5cfbeebd50b2c6c0cbafb3fe77e7,1,5.0,1785872023,False,0,0.0,,False,0.0,0.0,0.0,0.0,0.0,0.0,Unredeemed,,,,0.0,-5.0,-1.0,False,True
COOP LAUNCH,LAUNCH,gCOOP,0x9b2fd05649a0ee0d91094bc08b92a3b60298692e,1,5.0,1785870165,True,1,100.0,1785870221.0,True,100.0,13.661434,0.0,1.0,14.850601,0.0,Flipper,1785870277.0,0.015555555555555555,Grail,0.0,8.661434,1.7322867999999998,False,True
COOP LAUNCH,LAUNCH,gCOOP,0x9f73e6579f9e13b0da069d460fe021c77b27436e,1,5.0,1785870169,True,1,100.0,1785870221.0,True,100.0,13.348223,0.0,1.0,14.850601,0.0,Flipper,1785870291.0,0.019444444444444445,Grail,0.0,8.348223,1.6696446000000003,False,True
COOP LAUNCH,LAUNCH,gCOOP,0x9ff21445e728af4f3134b57f496e7f4dd8013e48,1,5.0,1785870485,False,0,0.0,,False,0.0,0.0,0.0,0.0,0.0,0.0,Unredeemed,,,,22.414636272727655,-5.0,3.4829272545455314,False,True
COOP LAUNCH,LAUNCH,gCOOP,0xa18e759b0a83b7ee4432be7413b3127a9b6e8075,1,5.0,1785870401,True,1,100.0,1785870513.0,True,100.0,14.271038,0.012370347332998079,0.9876296526670019,14.850601,0.1837070924737686,Flipper,1785932379.0,17.185,Bots / Direct,0.18370709247376957,9.271038,1.8909490184947542,False,True
COOP LAUNCH,LAUNCH,gCOOP,0xa344c23b231bf3733bd15889154b338f3ada3994,1,5.0,1785870759,True,1,100.0,1785870809.0,True,100.0,12.595813,0.0,1.0,14.850601,0.0,Flipper,1785870869.0,0.016666666666666666,Grail,0.0,7.595813,1.5191626,False,True
COOP LAUNCH,LAUNCH,gCOOP,0xa45111cdd1443e9f47e749ab714ace08915d3b45,1,5.0,1785874315,False,0,0.0,,False,0.0,0.0,0.0,0.0,0.0,0.0,Unredeemed,,,,0.0,-5.0,-1.0,True,True
COOP LAUNCH,LAUNCH,gCOOP,0xa4d41fe1ae9822020789f251659b1256e1d09777,1,5.0,1785871551,True,1,100.0,1785871613.0,True,50.0,8.766697,0.0,1.0,14.850601,0.0,Flipper,1786298909.0,118.69333333333333,Grail,0.0,3.7666970000000006,0.7533394000000002,False,True
COOP LAUNCH,LAUNCH,gCOOP,0xa7a8dc3bc1c165c15cbb6413fad73f21cf76775a,1,5.0,1785887019,True,1,100.0,1785887215.0,True,75.0,11.479627,0.25,0.75,14.850601,3.71265025,Partial seller,1787326079.0,399.68444444444447,Grail,3.71265025,6.479627000000001,2.03845545,False,True
COOP LAUNCH,LAUNCH,gCOOP,0xa84f8eac13b6bd3756fc6a2cd6edaff2e7197444,1,5.0,1785870281,True,1,100.0,1786951339.0,True,100.0,14.764144,0.0,1.0,14.850601,0.0,Flipper,1787348215.0,110.24333333333334,Grail,0.0,9.764144,1.9528287999999998,False,True
COOP LAUNCH,LAUNCH,gCOOP,0xaa58e52bcecd1e3805a7ca799f14f06307f0927a,1,5.0,1785870217,True,1,100.0,1785870245.0,True,100.0,12.562374,0.0,1.0,14.850601,0.0,Flipper,1785870351.0,0.029444444444444443,Grail,0.0,7.562374,1.5124748000000001,False,True
COOP LAUNCH,LAUNCH,gCOOP,0xaab1dc6c5e63ad528f7d510f11f7191dbcd6552b,1,5.0,1785880119,True,1,100.0,1788187981.0,True,100.0,14.052241,0.0,1.0,14.850601,0.0,Flipper,1788188055.0,0.020555555555555556,Grail,0.0,9.052241,1.8104482000000002,False,True
COOP LAUNCH,LAUNCH,gCOOP,0xac90a993dfaeab8632dab523d7e4f2c0889343b6,1,5.0,1785870141,True,1,100.0,1785870145.0,True,100.03689232825134,15.092257,0.0,1.0,14.850601,0.0,Flipper,1787589575.0,477.61944444444447,Grail,0.0,10.092257,2.0184514,False,True
COOP LAUNCH,LAUNCH,gCOOP,0xadc9994f09588fac09933731db4bf3a2ca0cea79,1,5.0,1785871007,True,1,100.0,1785871031.0,True,100.0,14.195768,0.0,1.0,14.850601,0.0,Flipper,1785871089.0,0.01611111111111111,Bots / Direct,0.0,9.195768,1.8391536,False,True
COOP LAUNCH,LAUNCH,gCOOP,0xae4b59fbd28eeae34f9f350c39153806e694b76e,1,5.0,1785870157,True,1,100.0,1785870253.0,True,100.0,16.942933,0.0,1.0,14.850601,0.0,Flipper,1786033477.0,45.34,Grail,0.0,11.942933,2.3885866,False,True
COOP LAUNCH,LAUNCH,gCOOP,0xb0d1f1a39166977d5d9c846803dd114f86397b16,1,5.0,1785871103,False,0,0.0,,False,348.553,56.986369999999994,0.0,0.0,0.0,0.0,Unredeemed,1790460261.0,,Grail,121.8730009795496,51.986369999999994,34.771874195909916,False,True
COOP LAUNCH,LAUNCH,gCOOP,0xb12a38e7d502f086f22f5d58bc949af9d0aaf375,1,5.0,1785870477,True,1,100.0,1785870511.0,True,100.0,10.643703,0.0,1.0,14.850601,0.0,Flipper,1785870553.0,0.011666666666666667,Grail,0.0,5.643703,1.1287406,False,True
COOP LAUNCH,LAUNCH,gCOOP,0xb1c9c618f172669f6287cfbb026d0b2ddd3cd5c7,1,5.0,1785871217,True,1,100.0,1785871245.0,True,100.0,13.47735,0.0,1.0,14.850601,0.0,Flipper,1785871289.0,0.012222222222222223,Grail,0.0,8.47735,1.6954699999999998,True,True
COOP LAUNCH,LAUNCH,gCOOP,0xb28abd03711d4d563828d6d196f714cce0106274,1,5.0,1785870255,False,0,0.0,,False,0.0,0.0,0.0,0.0,0.0,0.0,Unredeemed,,,,0.0,-5.0,-1.0,False,True
COOP LAUNCH,LAUNCH,gCOOP,0xb31fe637fd13f678020190a1a0f4634e2e7a02ef,1,5.0,1785881835,True,1,100.0,1785881909.0,True,35.62,5.080674,0.6437999999999999,0.35620000000000007,14.850601,9.5608169238,Holder,1785881965.0,0.015555555555555555,Grail,9.5608169238,0.08067400000000013,1.92829818476,False,True
COOP LAUNCH,LAUNCH,gCOOP,0xb3b550e0a844705310639cb343ddec7354facc0d,1,5.0,1785870715,True,1,100.0,1788625985.0,True,100.0,15.764089,0.0,1.0,14.850601,0.0,Flipper,1788626005.0,0.005555555555555556,Grail,0.0,10.764089,2.1528178000000002,True,True
COOP LAUNCH,LAUNCH,gCOOP,0xb3c83b2113a23d2bb7a11740b2cb80ff14abf1d0,1,5.0,1785870533,True,1,100.0,1785870577.0,True,100.0,14.423526,0.0,1.0,14.850601,0.0,Flipper,1785870981.0,0.11222222222222222,Grail,0.0,9.423526,1.8847052,False,True
COOP LAUNCH,LAUNCH,gCOOP,0xb4e3c83de3b39c352f91b479d73e1b4adeaa3ae4,1,5.0,1785871149,True,1,100.0,1785871191.0,True,100.0,12.911359,0.0,1.0,14.850601,0.0,Flipper,1785871521.0,0.09166666666666666,Grail,0.0,7.911358999999999,1.5822718,False,True
COOP LAUNCH,LAUNCH,gCOOP,0xb52d992b81b72e216c8a6e19b6d211683168e570,1,5.0,1785871229,True,1,100.0,1785871257.0,True,322.95338310946624,45.506326,0.0,1.0,14.850601,0.0,Flipper,1785871283.0,0.007222222222222222,BasedBot,0.0,40.506326,8.1012652,True,True
COOP LAUNCH,LAUNCH,gCOOP,0xb6bd8add47d3b1679df9a63286d4636dac7448b0,1,5.0,1785870297,True,1,100.0,1786215057.0,True,100.0,16.180851,0.0,1.0,14.850601,0.0,Flipper,1786216135.0,0.29944444444444446,Grail,0.0,11.180851,2.2361702,False,True
COOP LAUNCH,LAUNCH,gCOOP,0xb748c3d2f76f274af98d6ae5140a3780a5aab818,1,5.0,1785870471,False,0,0.0,,False,0.0,0.0,0.0,0.0,0.0,0.0,Unredeemed,,,,0.0,-5.0,-1.0,False,True
COOP LAUNCH,LAUNCH,gCOOP,0xb8b60d295e7b69ea01df49e24a268da0692cbedf,1,5.0,1785870495,True,1,100.0,1785870523.0,True,13169.975093656776,2134.298638,0.0,1.0,14.850601,0.0,Flipper,1786078921.0,57.888333333333335,Grail,0.0,2129.298638,425.85972760000004,False,True
COOP LAUNCH,LAUNCH,gCOOP,0xbaed5d2547866fb61b9cf99bfb0742cfa2cfa9cd,1,5.0,1785870467,True,1,100.0,1785870513.0,True,100.0,10.511492,0.0,1.0,14.850601,0.0,Flipper,1785870547.0,0.009444444444444445,Grail,0.0,5.5114920000000005,1.1022984,False,True
COOP LAUNCH,LAUNCH,gCOOP,0xbb66ff34cb4ea0d42b83550e26cc794295b01b67,1,5.0,1785870363,True,1,100.0,1785870391.0,True,100.0,16.244897,0.031933310968421294,0.9680666890315787,14.850601,0.47422885980094825,Flipper,1785970923.0,27.925555555555555,Grail,0.4742288598009473,11.244897000000002,2.34382517196019,False,True
COOP LAUNCH,LAUNCH,gCOOP,0xbbb489c5804e5f0d7c78dee0c1ffebf6eafe23c6,1,5.0,1785870185,False,0,0.0,,False,2352.5146104918595,376.10983999999996,0.0,0.0,0.0,0.0,Unredeemed,1785870883.0,,Grail,259.885517513799,371.10983999999996,126.19907150275981,False,True
COOP LAUNCH,LAUNCH,gCOOP,0xbe6cef7632a5fce88ba629ef57b7e1d26ae03865,1,5.0,1785870227,True,1,100.0,1788191979.0,False,0.0,0.0,1.0,0.0,14.850601,14.850601,Holder,,,,14.850601,-5.0,1.9701201999999998,False,True
COOP LAUNCH,LAUNCH,gCOOP,0xbec2c1ca116a832f4ddab165000610ee850fd338,1,5.0,1785870201,True,1,100.0,1785870229.0,True,100.0,13.985799,0.0,1.0,14.850601,0.0,Flipper,1785870267.0,0.010555555555555556,Grail,0.0,8.985799,1.7971598000000002,False,True
COOP LAUNCH,LAUNCH,gCOOP,0xc131770ea4082f632353b1414f518996ead3b84f,1,5.0,1785870467,True,1,100.0,1785870513.0,True,100.0,10.58356,0.0,1.0,14.850601,0.0,Flipper,1785870545.0,0.008888888888888889,Grail,0.0,5.58356,1.1167120000000001,False,True
COOP LAUNCH,LAUNCH,gCOOP,0xc4517c6648898aa73062890c6a721cd88a6a7313,1,5.0,1785870429,False,0,0.0,,False,0.0,0.0,0.0,0.0,0.0,0.0,Unredeemed,,,,0.0,-5.0,-1.0,False,True
COOP LAUNCH,LAUNCH,gCOOP,0xc64145cb852d00f8ca2f6573cb96a6ea562c683e,1,5.0,1785870283,True,1,100.0,1785870317.0,True,100.0,12.377098,0.0,1.0,14.850601,0.0,Flipper,1785870371.0,0.015,Grail,0.0,7.377098,1.4754196,False,True
COOP LAUNCH,LAUNCH,gCOOP,0xc69aaf51a76832bc2d2d78fcfac045f6e4701135,1,5.0,1785874377,True,1,100.0,1785889103.0,True,100.0,13.543151,0.0,1.0,14.850601,0.0,Flipper,1785889119.0,0.0044444444444444444,Grail,0.0,8.543151,1.7086302,False,True
COOP LAUNCH,LAUNCH,gCOOP,0xc6eaacaa6de1b7c98ff558da46e0bbd62a333885,1,5.0,1785870177,False,0,0.0,,False,0.0,0.0,0.0,0.0,0.0,0.0,Unredeemed,,,,0.4969378105213638,-5.0,-0.9006124378957272,False,True
COOP LAUNCH,LAUNCH,gCOOP,0xc6fac2424e017e1b789651a82018d2cc8623653f,1,5.0,1785870941,False,0,0.0,,False,0.0,0.0,0.0,0.0,0.0,0.0,Unredeemed,,,,0.0,-5.0,-1.0,False,True
COOP LAUNCH,LAUNCH,gCOOP,0xc9174488d99af3e5c6f22caf7f03ef0080b26824,1,5.0,1785870875,True,1,100.0,1785870901.0,True,100.0,15.425426,0.0,1.0,14.850601,0.0,Flipper,1786722613.0,236.58666666666667,Grail,0.0,10.425426,2.0850852,False,True
COOP LAUNCH,LAUNCH,gCOOP,0xc929694bd96503d2edc4cce650b7141385ce244d,1,5.0,1785872483,True,1,100.0,1785872511.0,True,100.0,14.327998,0.0,1.0,14.850601,0.0,Flipper,1785872617.0,0.029444444444444443,Grail,0.0,9.327998,1.8655996,False,True
COOP LAUNCH,LAUNCH,gCOOP,0xc9f19bce748444ec3d9ebf764c4bbc4e799f2a28,1,5.0,1785870223,True,1,100.0,1790731863.0,True,99.0,14.66375,0.01,0.99,14.850601,0.14850601,Flipper,1790807945.0,21.13388888888889,Grail,0.14850601,9.66375,1.962451202,False,True
COOP LAUNCH,LAUNCH,gCOOP,0xcadb43cc179801dadad9e9041c7565f528940a0d,1,5.0,1785871213,True,1,300.0,1785888931.0,True,300.0,43.519237,0.0,1.0,44.551803,0.0,Flipper,1788184947.0,637.7822222222222,0x API (Matcha/Rabby),0.0,38.519237,7.703847399999999,False,True
COOP LAUNCH,LAUNCH,gCOOP,0xcbbcdc02613148258f1e39294517b4fdfd15b7c6,1,5.0,1785880417,False,0,0.0,,False,0.0,0.0,0.0,0.0,0.0,0.0,Unredeemed,,,,0.0,-5.0,-1.0,False,True
COOP LAUNCH,LAUNCH,gCOOP,0xcc5926ddebdc8afcfeaddae4ace16e9901dca0a5,1,5.0,1785870773,True,1,100.0,1785870793.0,True,100.0,12.159077,0.0,1.0,14.850601,0.0,Flipper,1785870827.0,0.009444444444444445,Grail,0.0,7.159077,1.4318154,False,True
COOP LAUNCH,LAUNCH,gCOOP,0xcd60d10d9aefdb480aa38a592e759a44dca502b1,1,5.0,1785870525,False,0,0.0,,False,0.0,0.0,0.0,0.0,0.0,0.0,Unredeemed,,,,0.0,-5.0,-1.0,False,True
COOP LAUNCH,LAUNCH,gCOOP,0xcdb76d26908d00c50dd9c9eb6b0fc4eff7d9b3bd,1,5.0,1785870241,True,1,2000.0,1785870483.0,True,1900.0,202.57778100000002,0.049999999999999996,0.95,297.01202,14.850601,Flipper,1785870523.0,0.011111111111111112,Grail,14.850601,197.57778100000002,42.4856764,False,True
COOP LAUNCH,LAUNCH,gCOOP,0xd35e25f8c2ef0f27998911d1977257a76ca35879,1,5.0,1785874417,True,1,100.0,1785874439.0,True,100.0,13.323373,0.0,1.0,14.850601,0.0,Flipper,1785874459.0,0.005555555555555556,Grail,0.0,8.323373,1.6646746000000001,False,True
COOP LAUNCH,LAUNCH,gCOOP,0xd612d0b07027d7505fced8e01ed89438450d2b83,1,5.0,1785878193,False,0,0.0,,False,0.0,0.0,0.0,0.0,0.0,0.0,Unredeemed,,,,0.0,-5.0,-1.0,False,True
COOP LAUNCH,LAUNCH,gCOOP,0xd64fd2c15961ec1681855d7f6e3301834f5b30ea,1,5.0,1785870281,True,1,100.0,1786337475.0,True,100.0,16.371596,0.0,1.0,14.850601,0.0,Flipper,1786337531.0,0.015555555555555555,Grail,0.0,11.371596,2.2743192,False,True
COOP LAUNCH,LAUNCH,gCOOP,0xd76d82d4f7348004a07ed1de05f20cc74355ee2e,1,5.0,1785870439,False,0,0.0,,False,0.0,0.0,0.0,0.0,0.0,0.0,Unredeemed,,,,0.0,-5.0,-1.0,False,True
COOP LAUNCH,LAUNCH,gCOOP,0xd8bb42fb12a6660b0344fb84404fd60eec663e7e,1,5.0,1785870755,True,1,100.0,1789527163.0,True,100.0,14.982598,0.0,1.0,14.850601,0.0,Flipper,1789527193.0,0.008333333333333333,Grail,0.0,9.982598,1.9965196,False,True
COOP LAUNCH,LAUNCH,gCOOP,0xdd3014109ecb84d7b5ee26052b5489084b58123e,1,5.0,1785870175,True,1,100.0,1785870199.0,True,100.0,14.602774,0.06649173287277577,0.9335082671272242,14.850601,0.9874421946921766,Partial seller,1785870213.0,0.0038888888888888888,OKX Wallet,0.9874421946921769,9.602774,2.1180432389384354,True,True
COOP LAUNCH,LAUNCH,gCOOP,0xddb7f7b2d91e6d6674a331b9fd6859f64a5c2cda,1,5.0,1785870255,True,1,100.0,1785870441.0,True,100.0,11.592039,0.0,1.0,14.850601,0.0,Flipper,1785870473.0,0.008888888888888889,Grail,0.0,6.592039,1.3184078000000001,False,True
COOP LAUNCH,LAUNCH,gCOOP,0xded6272cbdd53f82ff235a0216ed368e0e27a98a,1,5.0,1785871209,True,1,100.0,1785871241.0,True,0.0,0.0,0.0,1.0,14.850601,0.0,Flipper,,,,0.0,-5.0,-1.0,False,True
COOP LAUNCH,LAUNCH,gCOOP,0xdfdb9fed04ad01152c60e6958b4a837e90ac7873,1,5.0,1785870261,True,1,100.0,1785870291.0,True,101.49385930396409,13.239796,0.0,1.0,14.850601,0.0,Flipper,1785870309.0,0.005,Grail,0.0,8.239796,1.6479591999999998,False,True
COOP LAUNCH,LAUNCH,gCOOP,0xe095ba55a62cd627eb9db0c93e65b77e07fce073,1,5.0,1785870155,True,1,100.0,1785870221.0,True,100.0,14.096491,0.0,1.0,14.850601,0.0,Flipper,1785870261.0,0.011111111111111112,Grail,0.0,9.096491,1.8192982,False,True
COOP LAUNCH,LAUNCH,gCOOP,0xe20513c8ec4c6fe228109860e38256a2445d0871,1,5.0,1785870903,True,1,100.0,1785897049.0,True,100.0,13.348167,0.03150287803831773,0.9684971219616823,14.850601,0.4678366720987193,Flipper,1785897453.0,0.11222222222222222,Grail,0.46783667209871993,8.348167,1.763200734419744,False,True
COOP LAUNCH,LAUNCH,gCOOP,0xe21f548b8910846aabaa062fa7c9821e64de9cb1,1,5.0,1785874791,True,1,100.0,1785913999.0,False,0.0,0.0,1.0,0.0,14.850601,14.850601,Holder,,,,14.850601,-5.0,1.9701201999999998,False,True
COOP LAUNCH,LAUNCH,gCOOP,0xe24936e883d5d986e3c56512f59c4675a004db2e,1,5.0,1785870185,True,1,100.0,1785870211.0,True,100.0,14.486077,0.0,1.0,14.850601,0.0,Flipper,1785870231.0,0.005555555555555556,Grail,0.0,9.486077,1.8972153999999999,False,True
COOP LAUNCH,LAUNCH,gCOOP,0xe2a8f2b1508db783cbd8e85057181b9ec1219dec,1,5.0,1785871193,False,0,0.0,,False,0.0,0.0,0.0,0.0,0.0,0.0,Unredeemed,,,,0.0,-5.0,-1.0,False,True
COOP LAUNCH,LAUNCH,gCOOP,0xeb3c20a9fd5574f7a3c633f6b47ea4b2411b3320,1,5.0,1785870353,False,0,0.0,,False,0.0,0.0,0.0,0.0,0.0,0.0,Unredeemed,,,,0.0,-5.0,-1.0,False,True
COOP LAUNCH,LAUNCH,gCOOP,0xec9e512fe7e90134d8ca7295329ccb0a57c91ecb,1,5.0,1785870341,False,0,0.0,,False,0.0,0.0,0.0,0.0,0.0,0.0,Unredeemed,,,,0.0,-5.0,-1.0,False,True
COOP LAUNCH,LAUNCH,gCOOP,0xed7bede5640254c60095257ddec0533a36a2200e,1,5.0,1785870755,True,1,100.0,1785870807.0,True,100.0,12.502288,0.0,1.0,14.850601,0.0,Flipper,1785870873.0,0.018333333333333333,Grail,0.0,7.502288,1.5004575999999998,False,True
COOP LAUNCH,LAUNCH,gCOOP,0xed89ea70a367e41bb4ff1a0a185bf0c07dec69de,1,5.0,1785884173,True,1,100.0,1785884215.0,True,100.0,15.520163,0.0,1.0,14.850601,0.0,Flipper,1787208913.0,367.9716666666667,Grail,0.0,10.520163,2.1040326,False,True
COOP LAUNCH,LAUNCH,gCOOP,0xedf9aacfbde1e0fadaaecb8122edd61b10697816,1,5.0,1785870329,True,1,100.0,1785872249.0,True,0.0,0.0,1.6342482922482303e-14,0.9999999999999837,14.850601,2.426956932310986e-13,Flipper,,,,2.4209642808013e-13,-5.0,-0.9999999999999516,False,True
COOP LAUNCH,LAUNCH,gCOOP,0xf00cbfa9d4ac1c24001000011ae4f670de1b5019,1,5.0,1785881565,True,1,100.0,1785881597.0,False,0.0,0.0,1.0,0.0,14.850601,14.850601,Holder,,,,14.850601,-5.0,1.9701201999999998,False,True
COOP LAUNCH,LAUNCH,gCOOP,0xf06ffe33bac0719eae891cb10e2a2e6e242a1266,1,5.0,1785870665,True,1,100.0,1785870689.0,True,100.0,13.166165,0.0,1.0,14.850601,0.0,Flipper,1785918711.0,13.339444444444444,Grail,0.0,8.166165,1.6332329999999997,True,True
COOP LAUNCH,LAUNCH,gCOOP,0xf09862c059eb0b18b8d8661a9d46c6ceee73b728,1,5.0,1785870297,True,1,100.0,1786981515.0,True,100.0,16.025032,0.0,1.0,14.850601,0.0,Flipper,1786981543.0,0.0077777777777777776,Grail,0.0,11.025032,2.2050064,False,True
COOP LAUNCH,LAUNCH,gCOOP,0xf2551fe11a371b3bca91f337facc2cac767704e1,1,5.0,1785870547,True,1,100.0,1785870579.0,True,100.0,12.490289,0.0,1.0,14.850601,0.0,Flipper,1785870695.0,0.03222222222222222,Grail,0.0,7.490289000000001,1.4980578000000002,False,True
COOP LAUNCH,LAUNCH,gCOOP,0xf27c10488b579e5bcd6ec8cc2922315c2d799c6f,1,5.0,1785870385,True,1,100.0,1785981941.0,True,739.2908144639401,107.340921,0.0,1.0,14.850601,0.0,Flipper,1789874127.0,1081.1627777777778,Grail,0.0,102.340921,20.4681842,False,True
COOP LAUNCH,LAUNCH,gCOOP,0xf437501b147111ca79c304149a8f6c119e2d5c6e,1,5.0,1785871339,True,1,100.0,1785871365.0,True,100.0,12.814304,0.0,1.0,14.850601,0.0,Flipper,1785871535.0,0.04722222222222222,Grail,0.0,7.814304,1.5628608000000002,False,True
COOP LAUNCH,LAUNCH,gCOOP,0xf49ce99ad91f9c7ece36970d799c8d8d9c4cfcf2,1,5.0,1785879829,True,1,100.0,1785879853.0,True,100.0,15.011822,0.0,1.0,14.850601,0.0,Flipper,1789737437.0,1071.5511111111111,Grail,0.0,10.011822,2.0023644000000003,False,True
COOP LAUNCH,LAUNCH,gCOOP,0xf6b48ed91717471a0f9cbf5dad071d77fe62d12f,1,5.0,1785870451,False,0,0.0,,False,0.0,0.0,0.0,0.0,0.0,0.0,Unredeemed,,,,0.0,-5.0,-1.0,False,True
COOP LAUNCH,LAUNCH,gCOOP,0xf70fa1b8443c620ca7d43a9d17f4bde8b09031cc,1,5.0,1785876113,True,1,100.0,1787569087.0,True,100.0,15.298772,0.0,1.0,14.850601,0.0,Flipper,1787569229.0,0.03944444444444444,Grail,0.0,10.298772,2.0597544,False,True
COOP LAUNCH,LAUNCH,gCOOP,0xf7915670cd3a9c5f3fd69994a0955f275f6020d6,1,5.0,1785870487,False,0,0.0,,False,2.863,0.4495350000000001,0.0,0.0,0.0,0.0,Unredeemed,1787581141.0,,Grail,0.04917821531942743,-4.550465,-0.9002573569361145,False,True
COOP LAUNCH,LAUNCH,gCOOP,0xf88353e6b33d1f9f6f325dbcbb697ddd0be3bd5c,1,5.0,1785870291,False,0,0.0,,False,0.0,0.0,0.0,0.0,0.0,0.0,Unredeemed,,,,0.0,-5.0,-1.0,False,True
COOP LAUNCH,LAUNCH,gCOOP,0xf9545c1661efc79cb66c2647086791633fb6f59a,1,5.0,1785871377,True,1,100.0,1785871401.0,True,100.0,13.070428,0.0,1.0,14.850601,0.0,Flipper,1785871425.0,0.006666666666666667,Grail,0.0,8.070428,1.6140856000000001,True,True
COOP LAUNCH,LAUNCH,gCOOP,0xf9618f5eef7ab2ade5da71508e73ff5f1df6fc4b,1,5.0,1785870511,True,1,100.0,1785870577.0,True,100.0,14.531897,0.0,1.0,14.850601,0.0,Flipper,1785879979.0,2.611666666666667,Grail,0.0,9.531897,1.9063794,False,True
COOP LAUNCH,LAUNCH,gCOOP,0xf9640ac4e36b8abddbe85a383e2354942128f22a,1,5.0,1785879865,True,1,100.0,1788187511.0,True,100.0,14.27654,0.0,1.0,14.850601,0.0,Flipper,1788187525.0,0.0038888888888888888,Grail,0.0,9.27654,1.855308,False,True
COOP LAUNCH,LAUNCH,gCOOP,0xfb1cab906fead15686d9d451b3ef9d8e6068215b,1,5.0,1785870141,True,1,100.0,1785870145.0,True,100.03689232825134,14.972226,0.0,1.0,14.850601,0.0,Flipper,1787589615.0,477.63055555555553,Grail,0.0,9.972226,1.9944452,False,True
COOP LAUNCH,LAUNCH,gCOOP,0xfb2a620a4829f85710562299285e9a6ae6182027,1,5.0,1785870229,True,1,100.0,1785870257.0,True,100.0,13.509428,0.03175609500997631,0.9682439049900237,14.850601,0.47159709631124913,Flipper,1785870279.0,0.006111111111111111,Grail,0.47159709631124835,8.509428,1.7962050192622496,False,True
COOP LAUNCH,LAUNCH,gCOOP,0xfbcd62d39d74f061374098f51548cdeb34488521,1,5.0,1785870261,False,0,0.0,,False,0.0,0.0,0.0,0.0,0.0,0.0,Unredeemed,,,,23.15334589987331,-5.0,3.630669179974662,False,True
COOP LAUNCH,LAUNCH,gCOOP,0xfd498df93ec5a75649a23cfa27c19e68c23251a3,1,5.0,1785870289,True,1,100.0,1785870317.0,True,100.0,12.46922,0.06443502569817583,0.9355649743018242,14.850601,0.9568988570683555,Partial seller,1785870359.0,0.011666666666666667,Grail,0.9568988570683559,7.46922,1.6852237714136713,False,True
COOP LAUNCH,LAUNCH,gCOOP,0xfd7e848a6d04bf5bc7bc2db5270b82f0960edb7a,1,5.0,1785871261,True,1,100.0,1785871333.0,True,106.21378699095547,14.128845,7.105427357601002e-17,0.9999999999999999,14.850601,1.055198666222168e-15,Flipper,1785871377.0,0.012222222222222223,Grail,0.0,9.128845,1.8257690000000002,False,True
COOP LAUNCH,LAUNCH,gCOOP,0xfe5d4f8e6bfdc08b5b0cacd8201d8f3aff1dbe6b,1,5.0,1785872211,True,1,100.0,1785872265.0,True,103.19012044292707,15.0788,6.217248937900877e-17,0.9999999999999999,14.850601,9.23298832944397e-16,Flipper,1785872285.0,0.005555555555555556,Grail,0.0,10.0788,2.0157599999999998,False,True
COOP LAUNCH,LAUNCH,gCOOP,0xfecd0cb6ee16c61bc7e8c5c7a464f6b3a8f1a075,1,5.0,1785876687,True,1,100.0,1785876711.0,True,100.0,14.764515,0.0,1.0,14.850601,0.0,Flipper,1785876743.0,0.008888888888888889,Grail,0.0,9.764515,1.952903,False,True
ELON LAUNCH,LAUNCH,gELON,0x0554379b2f9e79cd86e0d31bd3caad0a0dbecc17,1,69.0,1781016059,True,1,250.0,1781016083.0,True,265.31400458748567,538.800197,0.0,1.0,643.9414424875,0.0,Flipper,1781016131.0,0.013333333333333334,Grail,20.85044228536691,469.800197,7.110878830222708,False,True
ELON LAUNCH,LAUNCH,gELON,0x05aa29527e2fcf51638ff67b6995e89c8944bb8b,1,69.0,1781017365,True,1,125.0,1781018251.0,True,145.82631361268756,283.560273,0.0,1.0,321.97072124375,0.0,Flipper,1781018939.0,0.19111111111111112,Grail,0.002480517361571673,214.560273,3.109605123440023,False,True
ELON LAUNCH,LAUNCH,gELON,0x08aa5c33318ccdff182f190cdd9735eb461f0171,1,69.0,1781017901,False,0,0.0,,False,78.744,89.853787,0.0,0.0,0.0,0.0,Unredeemed,1781810073.0,,Grail,81.1193690087177,20.853786999999997,1.4778718262133,False,True
ELON LAUNCH,LAUNCH,gELON,0x08f9ff0f6e5f45dc13f60202770bd6b7ef1b5f96,1,69.0,1781016095,True,1,100.0,1781016167.0,True,223.37470128839342,368.672871,0.0,1.0,257.576576995,0.0,Flipper,1781016187.0,0.005555555555555556,Grail,0.0,299.672871,4.343085086956521,False,True
ELON LAUNCH,LAUNCH,gELON,0x0b00ef608b84a25b647a873931580be96ed31cf4,1,69.0,1781016255,False,0,0.0,,False,0.0,0.0,0.0,0.0,0.0,0.0,Unredeemed,,,,0.0,-69.0,-1.0,False,True
ELON LAUNCH,LAUNCH,gELON,0x0c13dcadddda7c48300e0bb210ab897a10c11fdc,1,69.0,1781015929,False,0,0.0,,False,0.0,0.0,0.0,0.0,0.0,0.0,Unredeemed,,,,6.985635120618051,-69.0,-0.8987589112953905,False,True
ELON LAUNCH,LAUNCH,gELON,0x0d21ef751e5e374cc5739434f136ffce2d431175,1,69.0,1781018431,True,1,250.0,1781018533.0,True,225.0,451.764598,0.0,1.0,643.9414424875,0.0,Flipper,1781018869.0,0.09333333333333334,Grail,64.39414424875,382.764598,6.480561481865942,False,True
ELON LAUNCH,LAUNCH,gELON,0x0dad0e5ca7449f6291b008577010f4bde03e55eb,1,69.0,1781016157,True,1,125.0,1781016197.0,True,125.0,247.804089,0.0,1.0,321.97072124375,0.0,Flipper,1781016217.0,0.005555555555555556,Grail,0.0,178.804089,2.5913636086956524,False,True
ELON LAUNCH,LAUNCH,gELON,0x0dd29a896e1f200efdf2f6df76d27e23df04413d,1,69.0,1781015873,True,2,250.0,1781015905.0,True,294.1835991338528,552.819079,0.0,1.0,643.9414424875,0.0,Flipper,1781016023.0,0.03277777777777778,Grail,0.0,483.819079,7.011870710144928,False,True
ELON LAUNCH,LAUNCH,gELON,0x0fceeab024973babfaaac1f452911b6cbaa75a68,1,69.0,1781016019,True,1,125.0,1781016091.0,True,167.6677297237938,220.07878000000002,0.0,1.0,321.97072124375,0.0,Flipper,1782474287.0,405.05444444444447,OKX Wallet,0.0,151.07878000000002,2.1895475362318844,False,True
ELON LAUNCH,LAUNCH,gELON,0x106f579b3c8bc21d4698e57e51e1bf128f8fe1b9,1,69.0,1781017011,True,1,200.0,1781017111.0,True,0.0,0.0,0.0,1.0,515.15315399,0.0,Flipper,,,,0.0,-69.0,-1.0,False,True
ELON LAUNCH,LAUNCH,gELON,0x10d3e40aeb8f01050b47ff606c9d19c013c7e938,1,69.0,1781015911,True,1,250.0,1783420117.0,True,664.9867734369343,627.563397,0.0,1.0,643.9414424875,0.0,Flipper,1786493693.0,853.7711111111112,Grail,0.0,558.563397,8.095121695652175,False,True
ELON LAUNCH,LAUNCH,gELON,0x10e9a9b6755ee52789343c656241a83450524de1,1,69.0,1781020249,True,1,125.0,1781020267.0,True,0.0,0.0,0.0,1.0,321.97072124375,0.0,Flipper,,,,0.0,-69.0,-1.0,False,True
ELON LAUNCH,LAUNCH,gELON,0x10eece768bb80edb3679bed1a4031f6dacc9887e,1,69.0,1781016025,True,1,125.0,1781016145.0,True,125.0,258.259757,0.0,1.0,321.97072124375,0.0,Flipper,1781016441.0,0.08222222222222222,Grail,0.0,189.25975699999998,2.7428950289855067,False,True
ELON LAUNCH,LAUNCH,gELON,0x11b4486c93c42eaf7bdd782679fb20c709901af4,1,69.0,1781015901,True,1,125.0,1783344579.0,True,164.11505092834034,192.797079,0.0,1.0,321.97072124375,0.0,Flipper,1788060601.0,1310.006111111111,Grail,0.0,123.797079,1.7941605652173913,False,True
ELON LAUNCH,LAUNCH,gELON,0x12c0a95e75064ad1e12529e7a6039eab054272ae,1,69.0,1781016537,True,1,150.0,1781016613.0,True,150.0,298.31151,0.0,1.0,386.3648654925,0.0,Flipper,1781016835.0,0.06166666666666667,Grail,0.0,229.31151,3.3233552173913044,False,True
ELON LAUNCH,LAUNCH,gELON,0x1512bb3b85696fa4d85cb4bbf78e9c4fe95db90f,1,69.0,1781016255,True,1,200.0,1781016321.0,True,100.0,204.434441,2.1316282072803007e-16,0.9999999999999998,515.15315399,1.0981149941144963e-13,Flipper,1781016355.0,0.009444444444444445,Grail,9.428590600901975e-14,135.434441,1.9628179855072476,False,True
ELON LAUNCH,LAUNCH,gELON,0x1804b142faeabbf08ecf4ff3843223b8d239f4ae,1,69.0,1781016375,True,1,150.0,1781016417.0,True,0.0,0.0,0.0,1.0,386.3648654925,0.0,Flipper,,,,0.0,-69.0,-1.0,False,True
ELON LAUNCH,LAUNCH,gELON,0x1b7a18879af7bbc5df6f27be0686a5cef890d9ba,1,69.0,1781016123,True,1,100.0,1781016251.0,True,100.0,207.363173,0.0,1.0,257.576576995,0.0,Flipper,1781016989.0,0.205,OKX Wallet,0.0,138.363173,2.005263376811594,False,True
ELON LAUNCH,LAUNCH,gELON,0x1bb42ee14895f93bbd377f2b2802b11b6ee40b9b,1,69.0,1781018259,True,1,250.0,1781021227.0,True,226.95,426.321825,0.0,1.0,643.9414424875,0.0,Flipper,1781022003.0,0.21555555555555556,Bots / Direct,59.37140099734753,357.321825,6.0390322608311235,False,True
ELON LAUNCH,LAUNCH,gELON,0x1d76bae9afebd67f2560ee9dd85a2022b2bda914,1,69.0,1781016027,True,1,125.0,1781016093.0,True,335.7585012171848,457.23349299999995,0.0,1.0,321.97072124375,0.0,Flipper,1781016119.0,0.007222222222222222,Grail,0.0,388.23349299999995,5.62657236231884,False,True
ELON LAUNCH,LAUNCH,gELON,0x1d9faf63a5e721ff7f027e57c4223f7b46f1cfd6,1,69.0,1781015909,False,0,0.0,,False,0.0,0.0,0.0,0.0,0.0,0.0,Unredeemed,,,,131.16241525050728,-69.0,0.9009045688479316,False,True
ELON LAUNCH,LAUNCH,gELON,0x2085b8e6da1a8bcbc6b937cfe2407a8f3dcf6593,1,69.0,1781015987,True,1,200.0,1781016015.0,True,367.65636490807833,693.9140420000001,0.000504637220672528,0.9994953627793275,515.15315399,0.2599654558502004,Flipper,1781016057.0,0.011666666666666667,Bots / Direct,0.2614168964444766,624.9140420000001,9.060513897049923,False,True
ELON LAUNCH,LAUNCH,gELON,0x20c3c97f6ad8ca78b8c30243bf4f487e884d353e,1,69.0,1781017353,True,1,200.0,1781017599.0,True,0.0,0.0,0.02,0.98,515.15315399,10.3030630798,Flipper,,,,10.3030630798,-69.0,-0.8506802452202898,False,True
ELON LAUNCH,LAUNCH,gELON,0x214de9af3c0c3e39838e05aa6ab09e6a9bfca289,1,69.0,1781016007,True,1,250.0,1781016145.0,True,218.794,206.617456,0.0,1.0,643.9414424875,0.0,Flipper,1786770051.0,1598.3072222222222,Grail,0.0,137.617456,1.9944558840579711,False,True
ELON LAUNCH,LAUNCH,gELON,0x228ed9b05e3fcae469e446977dcc0092a87ca20d,1,69.0,1781017211,True,1,125.0,1781017673.0,True,946.8,1785.4201560000001,0.0006475808129298456,0.9993524191870702,321.97072124375,0.20850206140263636,Flipper,1781017701.0,0.0077777777777777776,Grail,0.20850206140263636,1716.4201560000001,24.878676203788448,False,True
ELON LAUNCH,LAUNCH,gELON,0x23631b12402fe1b2404fccfab01557269b0df108,1,69.0,1781015887,False,0,0.0,,False,0.0,0.0,0.0,0.0,0.0,0.0,Unredeemed,,,,11.708475016190793,-69.0,-0.83031195628709,False,True
ELON LAUNCH,LAUNCH,gELON,0x2392591009f80b4582401e7540a1192aa8b917cc,1,69.0,1781015973,False,0,0.0,,False,0.0,0.0,0.0,0.0,0.0,0.0,Unredeemed,,,,3278.399244694135,-69.0,46.51303253179906,False,True
ELON LAUNCH,LAUNCH,gELON,0x24e045efaaaa10f72fa6104792ba8b5c2a9209ff,1,69.0,1781021491,True,1,150.0,1781021539.0,True,150.0,342.03720999999996,0.0,1.0,386.3648654925,0.0,Flipper,1781021785.0,0.06833333333333333,Grail,0.0,273.03720999999996,3.957061014492753,False,True
ELON LAUNCH,LAUNCH,gELON,0x2a52ac190a84e935246202e529aed50b41c8731c,1,69.0,1781015885,True,1,250.0,1781015935.0,True,3221.5020221812124,3996.3890509999997,4.547473508864641e-16,0.9999999999999996,643.9414424875,2.92830665097199e-13,Flipper,1781015973.0,0.010555555555555556,OKX Wallet,60.992934520531314,3927.3890509999997,57.802637471312046,True,True
ELON LAUNCH,LAUNCH,gELON,0x2ab3694be4624f9bdc5ec86d6339e7b6aa2ee869,1,69.0,1781016081,True,1,100.0,1781016099.0,True,100.0,202.759508,0.0,1.0,257.576576995,0.0,Flipper,1781016323.0,0.06222222222222222,Grail,0.0,133.759508,1.9385435942028986,False,True
ELON LAUNCH,LAUNCH,gELON,0x2ae8693486cddc27cfa7665cd5790b8c1b6f9452,1,69.0,1781016595,True,1,200.0,1781016653.0,True,100.0,181.542738,1.2789769243681803e-15,0.9999999999999987,515.15315399,6.588689964686977e-13,Flipper,1781016707.0,0.015,Grail,6.522714689875183e-13,112.54273800000001,1.631054173913053,False,True
ELON LAUNCH,LAUNCH,gELON,0x2b1f9682f9cc665832b5caf267f24aa325cdcedf,1,69.0,1781017153,True,1,200.0,1781017197.0,True,200.0,402.74647,0.0050367969159434,0.9949632030840566,515.15315399,2.5947218172553472,Flipper,1781017221.0,0.006666666666666667,Grail,2.594802259022687,333.74647,4.874511192159749,False,True
ELON LAUNCH,LAUNCH,gELON,0x2be60b0fb138479f7333086cc2460620436a110e,1,69.0,1781017849,True,1,125.0,1781742155.0,True,125.099856,119.114857,7.1306205882137865e-09,0.9999999928693795,321.97072124375,2.2958510537027258e-06,Flipper,1782862195.0,311.1222222222222,Grail,0.0,50.114857,0.726302275362319,False,True
ELON LAUNCH,LAUNCH,gELON,0x3178fc052c3cbfcd2bd2008bc9787edfd12cd6dc,1,69.0,1781016319,True,1,200.0,1781016409.0,True,200.0,382.368975,0.0,1.0,515.15315399,0.0,Flipper,1781016595.0,0.051666666666666666,Grail,0.0,313.368975,4.541579347826087,False,True
ELON LAUNCH,LAUNCH,gELON,0x31812d343117f062bf6db7d235afd03dde2c8bb4,1,69.0,1781016557,True,1,100.0,1781016609.0,True,100.0,185.369876,0.0,1.0,257.576576995,0.0,Flipper,1781016687.0,0.021666666666666667,Bots / Direct,0.0,116.369876,1.6865199420289856,False,True
ELON LAUNCH,LAUNCH,gELON,0x3511748c00b6b2dd9f77c1141cec9c0bd7ada5be,1,69.0,1781016011,True,1,150.0,1781016033.0,True,150.0,285.397884,0.0,1.0,386.3648654925,0.0,Flipper,1781016057.0,0.006666666666666667,OKX Wallet,0.0,216.39788399999998,3.136201217391304,False,True
ELON LAUNCH,LAUNCH,gELON,0x35c878ff10587b16c55a781c538c2dd95346767d,1,69.0,1781017663,True,1,200.0,1781017911.0,True,0.0,0.0,1.4210854715202003e-15,0.9999999999999986,515.15315399,7.320766627429975e-13,Flipper,,,,7.154678821532415e-13,-69.0,-0.9999999999999897,False,True
ELON LAUNCH,LAUNCH,gELON,0x36268dfae0b96d2805738ed39fa3e0ef15299db3,1,69.0,1781016073,True,1,200.0,1781016093.0,True,199.5,352.220234,0.0,1.0,515.15315399,0.0,Flipper,1781016123.0,0.008333333333333333,Maestro,1.287882884975,283.220234,4.123306041811231,False,True
ELON LAUNCH,LAUNCH,gELON,0x37810876c7f38b57645501d58dfa317a164ef0c7,1,69.0,1781017945,True,1,100.0,1781018047.0,True,100.15869578126605,217.192511,2.1094237467877975e-17,1.0,257.576576995,5.433381481295685e-15,Flipper,1781018089.0,0.011666666666666667,Grail,0.37596784197138194,148.192511,2.1531663600285706,False,True
ELON LAUNCH,LAUNCH,gELON,0x39d2da7bf40effbf6ef49662d663c699d581bb1a,1,69.0,1781016493,True,1,125.0,1781016509.0,True,125.0,234.828602,0.0,1.0,321.97072124375,0.0,Flipper,1781016523.0,0.0038888888888888888,Grail,0.0,165.828602,2.403313072463768,False,True
ELON LAUNCH,LAUNCH,gELON,0x3a7267635c171d7a8fb326d57f0ff9d8e79820b8,1,69.0,1781017083,True,1,100.0,1782491767.0,True,100.0,107.125538,0.0,1.0,257.576576995,0.0,Flipper,1782491791.0,0.006666666666666667,Grail,0.0,38.125538000000006,0.5525440289855073,False,True
ELON LAUNCH,LAUNCH,gELON,0x3ae3197be2385bf6295f7d19f03ab898d717fcfd,1,69.0,1781016001,True,1,150.0,1781016145.0,True,0.0,0.0,0.0,1.0,386.3648654925,0.0,Flipper,,,,0.0,-69.0,-1.0,False,True
ELON LAUNCH,LAUNCH,gELON,0x3c4113b60a5a8bc5b5939379b223331a55624afc,1,69.0,1781016111,True,1,200.0,1781016149.0,True,761.9572185350377,1121.8836600000002,3.441691376337985e-17,1.0,515.15315399,1.772998167580697e-14,Flipper,1781016173.0,0.006666666666666667,OKX Wallet,0.0,1052.8836600000002,15.259183478260873,False,True
ELON LAUNCH,LAUNCH,gELON,0x3d0ceabef21dffe06e065155a0123bea353888a7,1,69.0,1781015867,False,0,0.0,,False,0.0,0.0,0.0,0.0,0.0,0.0,Unredeemed,,,,0.0,-69.0,-1.0,False,True
ELON LAUNCH,LAUNCH,gELON,0x3dfac8d40954ac9a0d1b18fa5e69e080f326760f,1,69.0,1781017483,True,1,250.0,1781017599.0,True,0.0,0.0,0.008,0.992,643.9414424875,5.1515315399,Flipper,,,,5.1515315399,-69.0,-0.925340122610145,False,True
ELON LAUNCH,LAUNCH,gELON,0x3e2e77a3501f2aec2639ac314046686ab595cdf3,1,69.0,1781016629,True,1,100.0,1781016655.0,True,100.0,99.865519,0.0,1.0,257.576576995,0.0,Flipper,1781624477.0,168.83944444444444,BasedBot,0.0,30.865519000000006,0.4473263623188406,False,True
ELON LAUNCH,LAUNCH,gELON,0x3f322ac37155e431ca30cd8343c28ab0222c7ecb,1,69.0,1781015899,True,1,200.0,1781015925.0,True,200.0,478.887748,0.0,1.0,515.15315399,0.0,Flipper,1781015959.0,0.009444444444444445,Grail,0.0,409.887748,5.940402144927536,False,True
ELON LAUNCH,LAUNCH,gELON,0x3f5badee3fcfa1c73159629801de1af4548ddb2f,1,69.0,1781016035,True,1,150.0,1781016053.0,True,150.0,267.880544,0.0,1.0,386.3648654925,0.0,Flipper,1781016085.0,0.008888888888888889,Grail,0.0,198.880544,2.882326724637681,False,True
ELON LAUNCH,LAUNCH,gELON,0x409bbc0f3fdf07d7e48f5e49f68cc3d970363555,1,69.0,1781017757,False,0,0.0,,False,0.0,0.0,0.0,0.0,0.0,0.0,Unredeemed,,,,66.29873816511542,-69.0,-0.039148722244704004,False,True
ELON LAUNCH,LAUNCH,gELON,0x41bdc352898f8e5ed66842e0a9824628225817d7,1,69.0,1781016541,True,1,150.0,1781016563.0,True,564.5931761651414,904.401488,6.083576704914624e-07,0.9999993916423295,386.3648654925,0.00023504802953076452,Flipper,1781016583.0,0.005555555555555556,Grail,33.74898451271311,835.401488,12.596383659604538,False,True
ELON LAUNCH,LAUNCH,gELON,0x4242578633e4194007498e5f8aa9ab0c6964fd19,1,69.0,1781018827,True,1,125.0,1781018913.0,True,126.43447745869734,248.40057000000002,0.0,1.0,321.97072124375,0.0,Flipper,1781019109.0,0.05444444444444444,Grail,0.0,179.40057000000002,2.6000082608695654,False,True
ELON LAUNCH,LAUNCH,gELON,0x4be14afd66f701594f632f64bb445f20a5183194,1,69.0,1781018443,True,1,200.0,1781896855.0,True,196.45467598156816,263.978313,0.0,1.0,515.15315399,0.0,Flipper,1781897043.0,0.052222222222222225,OKX Wallet,0.0,194.978313,2.8257726521739133,False,True
ELON LAUNCH,LAUNCH,gELON,0x4ddba3e9b3845cf08c17d8e3b210daeae6e0ca7d,1,69.0,1781016743,True,1,200.0,1781017809.0,True,15.0,18.136009,4.831690603168682e-15,0.9999999999999951,515.15315399,2.4890606533261917e-12,Flipper,1781753175.0,204.26833333333335,Grail,2.462679349586115e-12,-50.863991,-0.7371592898550368,False,True
ELON LAUNCH,LAUNCH,gELON,0x4df7acceb2441c8c020d7b998deb001ac6724e96,1,69.0,1781016585,True,1,250.0,1781016613.0,True,265.51714708086314,474.910503,3.1974423109204506e-17,1.0,643.9414424875,2.0589656139646804e-14,Flipper,1781016693.0,0.022222222222222223,Grail,0.0,405.910503,5.882760913043478,False,True
ELON LAUNCH,LAUNCH,gELON,0x4e489bd4ba95145853fa36a032b715b03ae4ee2f,1,69.0,1781016837,True,1,200.0,1781018681.0,True,200.0,382.656819,0.0,1.0,515.15315399,0.0,Flipper,1781018965.0,0.07888888888888888,Grail,0.0,313.656819,4.545751,False,True
ELON LAUNCH,LAUNCH,gELON,0x4e88717518c8ae9aa3930298cbd1c1f6b7e83ec1,1,69.0,1781015895,True,1,200.0,1781015947.0,True,2185.369061568179,3540.00075,0.0,1.0,515.15315399,0.0,Flipper,1781015967.0,0.005555555555555556,0x API (Matcha/Rabby),0.0,3471.00075,50.304358695652176,True,True
ELON LAUNCH,LAUNCH,gELON,0x4f234ea0b719d989caff43ffc46f5c292624d4d8,1,69.0,1781017353,True,1,200.0,1781040739.0,True,341.0,493.692228,5.329070518200752e-17,1.0,515.15315399,2.7452874852862408e-14,Flipper,1781040809.0,0.019444444444444445,Grail,1.3301743377700723,424.692228,6.174237715040146,False,True
ELON LAUNCH,LAUNCH,gELON,0x4f240578aabc8d80ecc6bffd17387d75640412a6,1,69.0,1781015933,True,1,250.0,1789733071.0,True,100.0,159.090959,0.3374999999999999,0.6625000000000001,643.9414424875,217.3302368395312,Partial seller,1789733145.0,0.020555555555555556,OKX Wallet,217.33023683953124,90.090959,4.455379649848279,True,True
ELON LAUNCH,LAUNCH,gELON,0x521d0eb9ea6ecc29e7b995abc329490b4fc234f2,1,69.0,1781015961,True,1,200.0,1781016647.0,True,280.0821168426184,452.657985,0.0,1.0,515.15315399,0.0,Flipper,1781016689.0,0.011666666666666667,Grail,0.0,383.657985,5.560260652173913,False,True
ELON LAUNCH,LAUNCH,gELON,0x522cdb874b499f1518b4f584e5fbb8c8f4e31603,1,69.0,1781015967,True,1,100.0,1781015997.0,True,100.0,206.153478,0.0,1.0,257.576576995,0.0,Flipper,1781016009.0,0.0033333333333333335,BasedBot,0.0,137.153478,1.9877315652173912,False,True
ELON LAUNCH,LAUNCH,gELON,0x533b65ce39f438105f36d988d9c106f693ec2b74,1,69.0,1781019069,True,1,125.0,1781019161.0,True,166.01258659759526,304.175251,0.0,1.0,321.97072124375,0.0,Flipper,1781019215.0,0.015,Grail,0.0,235.175251,3.408336971014493,False,True
ELON LAUNCH,LAUNCH,gELON,0x534f757609e57ee164b929e0c50861559f9aa125,1,69.0,1781016035,True,1,100.0,1781016145.0,True,100.0,185.503219,0.0,1.0,257.576576995,0.0,Flipper,1781016761.0,0.1711111111111111,Grail,0.0,116.503219,1.6884524492753625,False,True
ELON LAUNCH,LAUNCH,gELON,0x53991b9ce11a4a44b5ab2e59d790a14ac7c5df47,1,69.0,1781015993,True,1,150.0,1781016145.0,True,150.0,265.248337,0.0,1.0,386.3648654925,0.0,Flipper,1781016725.0,0.16111111111111112,Grail,0.0,196.248337,2.844178797101449,False,True
ELON LAUNCH,LAUNCH,gELON,0x57a625f03449fed880c8b3d06aa46d3b9e486ba7,1,69.0,1781016273,True,1,150.0,1781016291.0,True,223.51851760827532,394.166827,0.0,1.0,386.3648654925,0.0,Flipper,1781016317.0,0.007222222222222222,Grail,0.0,325.166827,4.712562710144928,False,True
ELON LAUNCH,LAUNCH,gELON,0x587172910fececad2b2c6dcb68722606182588b3,1,69.0,1781016655,True,1,250.0,1781016677.0,True,317.3846884926429,605.072189,5.684341886080802e-17,0.9999999999999999,643.9414424875,3.6603833137149875e-14,Flipper,1781016917.0,0.06666666666666667,Bots / Direct,0.8963993946816312,536.072189,7.782153454995386,False,True
ELON LAUNCH,LAUNCH,gELON,0x58f617d0a859cbbc04f269c126dd6bd0b5174679,1,69.0,1781016251,True,1,125.0,1781328785.0,True,220.4504775194787,179.142719,0.0,1.0,321.97072124375,0.0,Flipper,1781328837.0,0.014444444444444444,0x API (Matcha/Rabby),0.0,110.142719,1.5962712898550726,False,True
ELON LAUNCH,LAUNCH,gELON,0x5ae1a1786d6e8ee80a6117914f0574a960bf7d0f,1,69.0,1781020131,True,1,200.0,1781020261.0,True,200.0,447.28467099999995,0.0,1.0,515.15315399,0.0,Flipper,1781020855.0,0.165,Grail,0.0,378.28467099999995,5.482386536231883,False,True
ELON LAUNCH,LAUNCH,gELON,0x5b899f5bd0ad9773ca7e7d73d787bb776f7c4d6e,1,69.0,1781015889,False,0,0.0,,False,36.0,36.784317,0.0,0.0,0.0,0.0,Unredeemed,1784224027.0,,Grail,2132.616554887362,-32.215683,30.44059234619365,False,True
ELON LAUNCH,LAUNCH,gELON,0x5c357af017c471d950cc8915bd97e2ae8c989b92,1,69.0,1781016303,True,1,150.0,1781016401.0,True,455.02732979252596,695.360802,0.0,1.0,386.3648654925,0.0,Flipper,1781016431.0,0.008333333333333333,Grail,17.745780764598152,626.360802,9.334878011081134,False,True
ELON LAUNCH,LAUNCH,gELON,0x5c425da5f5b89aeae5f33bbfed30ce30f62a3d6d,1,69.0,1781015911,False,0,0.0,,False,0.0,0.0,0.0,0.0,0.0,0.0,Unredeemed,,,,0.0,-69.0,-1.0,False,True
ELON LAUNCH,LAUNCH,gELON,0x5cffeab07c8866a48f377bf7fe823d348308d20e,1,69.0,1781016101,True,1,125.0,1781016533.0,True,125.0,236.345413,0.0,1.0,321.97072124375,0.0,Flipper,1781016557.0,0.006666666666666667,Grail,0.0,167.345413,2.42529584057971,False,True
ELON LAUNCH,LAUNCH,gELON,0x5e6a9572b19157facdfae5c9766c06fe01a1a611,1,69.0,1781015933,True,1,100.0,1781015949.0,True,107.44333516906937,218.857902,4.440892098500626e-17,1.0,257.576576995,1.1438697855359335e-14,Flipper,1781016007.0,0.01611111111111111,Grail,0.13064377809795394,149.857902,2.173747040262289,False,True
ELON LAUNCH,LAUNCH,gELON,0x5f09c6a8b7a8c7c354219764c1504e54f6176139,1,69.0,1781017863,True,1,100.0,1781018117.0,True,100.0,216.614421,0.0,1.0,257.576576995,0.0,Flipper,1781018449.0,0.09222222222222222,Other / Unknown,0.0,147.614421,2.1393394347826087,False,True
ELON LAUNCH,LAUNCH,gELON,0x5fdeeff2b4ad526b0240ab1398afbf49deb383e3,1,69.0,1781015947,True,1,250.0,1781016001.0,True,250.0,489.557374,0.0,1.0,643.9414424875,0.0,Flipper,1781016019.0,0.005,Grail,0.0,420.557374,6.095034405797101,False,True
ELON LAUNCH,LAUNCH,gELON,0x609c9f9ce72e5fc3e6b3d387f0857b745af96fa3,1,69.0,1781015999,True,1,100.0,1781016145.0,True,100.0,198.88332,0.0008247300600042706,0.9991752699399957,257.576576995,0.21243114580078096,Flipper,1781016945.0,0.2222222222222222,Grail,0.0,129.88332,1.882366956521739,False,True
ELON LAUNCH,LAUNCH,gELON,0x618d68e225c9ac8a1dfe11c8a26906f9da92407e,1,69.0,1781016435,True,1,250.0,1781016453.0,True,250.0,506.046648,0.0,1.0,643.9414424875,0.0,Flipper,1781016465.0,0.0033333333333333335,Grail,0.0,437.046648,6.334009391304348,False,True
ELON LAUNCH,LAUNCH,gELON,0x61ef23e677afd042b34605a9c08fc806ac974703,1,69.0,1781016103,True,1,100.0,1781016127.0,True,100.0,145.678549,0.0,1.0,257.576576995,0.0,Flipper,1781016145.0,0.005,Grail,0.0,76.678549,1.11128331884058,True,True
ELON LAUNCH,LAUNCH,gELON,0x630f77a10e249327a11ca3f43941d02e98b1f889,1,69.0,1781016023,True,1,250.0,1781016203.0,True,250.0,550.512633,0.003257618866273333,0.9967423811337267,643.9414424875,2.0977157918225444,Flipper,1781016267.0,0.017777777777777778,Grail,2.097715791822541,481.51263300000005,7.008845634664096,False,True
ELON LAUNCH,LAUNCH,gELON,0x638d05639156fafdb4421d078059f38712eb1aba,1,69.0,1781017505,True,1,250.0,1781017545.0,True,250.0,467.059206,0.0,1.0,643.9414424875,0.0,Flipper,1781017685.0,0.03888888888888889,Grail,0.0,398.059206,5.768974,False,True
ELON LAUNCH,LAUNCH,gELON,0x666d254b723ce08978efa1715978767e23df6126,1,69.0,1781020073,True,1,200.0,1781020119.0,True,235.1473386369832,512.148601,0.001502493828929481,0.9984975061710705,515.15315399,0.7740144348235336,Flipper,1781020279.0,0.044444444444444446,Grail,0.7740144348235652,443.148601,6.433661093258313,False,True
ELON LAUNCH,LAUNCH,gELON,0x6738e5114a64eb9a28038029f37b07c337e97340,1,69.0,1781015901,True,1,100.0,1781015923.0,True,100.0,173.472284,0.0,1.0,257.576576995,0.0,Flipper,1781016065.0,0.03944444444444444,Grail,0.0,104.472284,1.514091072463768,False,True
ELON LAUNCH,LAUNCH,gELON,0x68442253055c42961397da824511c61e531b7648,1,69.0,1781016531,True,1,100.0,1781016549.0,True,100.0,123.182878,0.0,1.0,257.576576995,0.0,Flipper,1781810253.0,220.47333333333333,Grail,0.0,54.182878,0.7852591014492754,False,True
ELON LAUNCH,LAUNCH,gELON,0x69c833f007f54f7fdd599f9efa39a503e6fbba31,1,69.0,1781015997,True,1,125.0,1781016033.0,True,183.06843283511904,301.11379600000004,3.0642155479654317e-17,1.0,321.97072124375,9.865876900247427e-15,Flipper,1781016141.0,0.03,Grail,0.0013636233436978488,232.11379600000004,3.3639878206281706,False,True
ELON LAUNCH,LAUNCH,gELON,0x6a10d50c1b25e6eea5c9a2153a2f111199c1cd4e,1,69.0,1781016367,True,1,200.0,1781016403.0,True,200.0,185.113409,0.0,1.0,515.15315399,0.0,Flipper,1783645519.0,730.31,Grail,0.0,116.11340899999999,1.6828030289855072,False,True
ELON LAUNCH,LAUNCH,gELON,0x6a2b7688875cfd0ed200eff704ad81fe1912cd70,1,69.0,1781016233,True,1,100.0,1781016605.0,True,100.0,202.797744,0.0,1.0,257.576576995,0.0,Flipper,1781017415.0,0.225,Grail,0.0,133.797744,1.9390977391304345,False,True
ELON LAUNCH,LAUNCH,gELON,0x6acfcc1e5133a4a4e397efdc14b1cd0903cbe1cc,1,69.0,1781019285,True,1,250.0,1781019581.0,True,250.0,427.53646100000003,0.0,1.0,643.9414424875,0.0,Flipper,1781019637.0,0.015555555555555555,Grail,0.0,358.53646100000003,5.196180594202899,False,True
ELON LAUNCH,LAUNCH,gELON,0x6afb06fc5a0dae2a86b96088338236d02f999999,1,69.0,1781015951,True,1,125.0,1781016009.0,True,2734.0972467388483,5074.287044,9.094947017729283e-16,0.9999999999999991,321.97072124375,2.92830665097199e-13,Flipper,1781016053.0,0.012222222222222223,OKX Wallet,117.46985528542403,5005.287044,74.24285361283223,True,True
ELON LAUNCH,LAUNCH,gELON,0x6cce35430fff6d0b20d4b73fce864e7a5be57471,1,69.0,1781015997,True,1,125.0,1790089229.0,True,100.5,270.29701,0.0,1.0,321.97072124375,0.0,Flipper,1790096129.0,1.9166666666666667,Bots / Direct,63.106261363775,201.29701,3.8319314690402173,False,True
ELON LAUNCH,LAUNCH,gELON,0x6dbceebd111de65a57c0968c3bad37e930cef708,1,69.0,1781015883,True,1,100.0,1781016267.0,True,100.0,209.642819,0.0,1.0,257.576576995,0.0,Flipper,1781016427.0,0.044444444444444446,GMGN,0.0,140.642819,2.038301724637681,False,True
ELON LAUNCH,LAUNCH,gELON,0x6f1760b5db759b9877833f524a62862737743253,1,69.0,1781019283,True,1,250.0,1781019617.0,True,250.0,552.424626,0.0,1.0,643.9414424875,0.0,Flipper,1781019799.0,0.050555555555555555,Grail,0.0,483.424626,7.006154,False,True
ELON LAUNCH,LAUNCH,gELON,0x6f1939d9aac9572912366298aca21af9b37bea93,1,69.0,1781016917,True,1,125.0,1781016973.0,True,125.0,284.905662,0.016,0.984,321.97072124375,5.1515315399,Flipper,1781017059.0,0.02388888888888889,Grail,5.1515315399,215.905662,3.2037274426072466,False,True
ELON LAUNCH,LAUNCH,gELON,0x70b2ee03ed78855c612f9ca0bed658aa740d24c1,1,69.0,1781018111,True,1,150.0,1781018137.0,True,177.057021071284,283.35752899999994,4.7369515717340015e-17,1.0,386.3648654925,1.8301916568574937e-14,Flipper,1781018165.0,0.0077777777777777776,Grail,19.169471803367443,214.35752899999994,3.3844492870053244,False,True
ELON LAUNCH,LAUNCH,gELON,0x738c2d3577bf9522eec1caf302675a48ecddd100,1,69.0,1781016231,True,1,200.0,1781016265.0,True,230.3320987690232,450.878378,1.7763568394002505e-17,1.0,515.15315399,9.150958284287469e-15,Flipper,1781016281.0,0.0044444444444444444,1inch,0.27201942840442855,381.878378,5.538411556933397,True,True
ELON LAUNCH,LAUNCH,gELON,0x739ed8fa0036d3ae2a5bed0585ebbab31cceddce,1,69.0,1781015971,False,0,0.0,,False,0.0,0.0,0.0,0.0,0.0,0.0,Unredeemed,,,,2.7166650804771213,-69.0,-0.9606280423119258,False,True
ELON LAUNCH,LAUNCH,gELON,0x7502e404dc96580157ffbc37504c5d88a2369a80,1,69.0,1781015903,True,1,200.0,1781016417.0,True,200.0,367.73523,0.0,1.0,515.15315399,0.0,Flipper,1781016547.0,0.03611111111111111,KyberSwap,0.0,298.73523,4.329496086956522,False,True
ELON LAUNCH,LAUNCH,gELON,0x75dc757da6c46fe5514c210f354b849cad6018b9,1,69.0,1781016265,True,1,250.0,1781016343.0,True,457.045995481915,426.787246,0.0,1.0,643.9414424875,0.0,Flipper,1783963475.0,818.6477777777778,0x API (Matcha/Rabby),4.3144076646662795,357.787246,5.247850053111105,False,True
ELON LAUNCH,LAUNCH,gELON,0x7695d6078c0bb810eb1be45e13f3d58bff903d2c,1,69.0,1781016345,True,1,150.0,1789230135.0,True,150.0,160.438065,0.0,1.0,386.3648654925,0.0,Flipper,1789230307.0,0.04777777777777778,Grail,0.0,91.438065,1.325189347826087,False,True
ELON LAUNCH,LAUNCH,gELON,0x77ad0d6e27eacb4f54df32bcb1b7b8f779bcb5f1,1,69.0,1781015887,False,0,0.0,,False,0.0,0.0,0.0,0.0,0.0,0.0,Unredeemed,,,,0.0,-69.0,-1.0,False,True
ELON LAUNCH,LAUNCH,gELON,0x77b25381694b7e81e7b6419d40a9d5c70c1b2cb5,1,69.0,1781021257,False,0,0.0,,False,0.0,0.0,0.0,0.0,0.0,0.0,Unredeemed,,,,0.0,-69.0,-1.0,False,True
ELON LAUNCH,LAUNCH,gELON,0x78bd9bae79c1bfbe3df3e7a67268a1922bd74c79,1,69.0,1781016013,True,1,125.0,1781016145.0,True,125.0,259.11391,0.0,1.0,321.97072124375,0.0,Flipper,1781016461.0,0.08777777777777777,Grail,0.0,190.11390999999998,2.755274057971014,False,True
ELON LAUNCH,LAUNCH,gELON,0x7a02aecf045689120e79b89777a5d882fa3f13f8,1,69.0,1781017001,True,1,100.0,1781017075.0,True,0.0,0.0,0.0,1.0,257.576576995,0.0,Flipper,,,,0.0,-69.0,-1.0,False,True
ELON LAUNCH,LAUNCH,gELON,0x7b2adeee812f2fde59a60ccd958226d1c9c82694,1,69.0,1781015901,False,0,0.0,,False,126.42744606952391,200.42467599999998,0.0,0.0,0.0,0.0,Unredeemed,1781031855.0,,Grail,1176.4375020258183,131.42467599999998,18.954524319214755,True,True
ELON LAUNCH,LAUNCH,gELON,0x7bba0d9cb8a9333407c1bf4cfd3f0ac4baf0260c,1,69.0,1781015897,True,1,250.0,1781015931.0,True,250.0,591.624717,0.0,1.0,643.9414424875,0.0,Flipper,1781015969.0,0.010555555555555556,OKX Wallet,0.0,522.624717,7.5742712608695655,False,True
ELON LAUNCH,LAUNCH,gELON,0x7c84247883a812d38e5e2d0628e4e9f60d56d61a,1,69.0,1781018823,True,1,100.0,1781018913.0,True,124.85295855821978,256.659581,7.105427357601002e-17,0.9999999999999999,257.576576995,1.8301916568574937e-14,Flipper,1781019089.0,0.04888888888888889,OKX Wallet,30.88665446516507,187.659581,3.1673367458719577,False,True
ELON LAUNCH,LAUNCH,gELON,0x7eb84dda9d85495520f8755e816afa59ecb9966f,1,69.0,1781016709,True,1,250.0,1781016843.0,True,250.0,302.379225,0.0,1.0,643.9414424875,0.0,Flipper,1781810979.0,220.59333333333333,Grail,0.0,233.37922500000002,3.382307608695652,False,True
ELON LAUNCH,LAUNCH,gELON,0x7ec91b05b3c44314e286ff03d1977efd0969fb12,1,69.0,1781016015,True,1,200.0,1781016037.0,True,200.0,452.63104799999996,0.0,1.0,515.15315399,0.0,Flipper,1781016231.0,0.05388888888888889,Grail,0.0,383.63104799999996,5.559870260869564,False,True
ELON LAUNCH,LAUNCH,gELON,0x7f0d0db7fde96ae1f82ec4e8c0ac9001520cf6e0,1,69.0,1781015887,False,0,0.0,,False,0.0,0.0,0.0,0.0,0.0,0.0,Unredeemed,,,,6963.095904324474,-69.0,99.91443339600687,False,True
ELON LAUNCH,LAUNCH,gELON,0x7f1d46e0803708586c2faac85310a449a89fc596,1,69.0,1781015915,True,1,125.0,1782997221.0,True,127.34167580248716,133.800738,0.0,1.0,321.97072124375,0.0,Flipper,1783015785.0,5.156666666666666,OKX Wallet,54.224219559363725,64.800738,1.7249993849183145,False,True
ELON LAUNCH,LAUNCH,gELON,0x7fead8049067210edf54f44e37e153879c473211,1,69.0,1781015917,True,1,150.0,1781015941.0,True,150.0,328.525961,0.0,1.0,386.3648654925,0.0,Flipper,1781015983.0,0.011666666666666667,Grail,0.0,259.525961,3.761245811594203,False,True
ELON LAUNCH,LAUNCH,gELON,0x8011e95d9b67844127807b20ec6124a23fdcf34c,1,69.0,1781017633,True,1,150.0,1790089243.0,True,26.974999999999998,84.893994,0.0,1.0,386.3648654925,0.0,Flipper,1790096179.0,1.9266666666666667,Bots / Direct,316.8835838480987,15.893994000000006,4.822863447073894,False,True
ELON LAUNCH,LAUNCH,gELON,0x8084c41c8ae279f7dd0456e7924421237f590646,1,69.0,1781018529,True,1,150.0,1781018549.0,True,150.0,346.211236,0.0,1.0,386.3648654925,0.0,Flipper,1781018657.0,0.03,Grail,0.0,277.211236,4.017554144927536,False,True
ELON LAUNCH,LAUNCH,gELON,0x80cf8b36d471f291f1be46c8fd4ad10b97c74c47,1,69.0,1781015921,True,1,100.0,1781015955.0,True,100.0,190.872727,0.0,1.0,257.576576995,0.0,Flipper,1781016051.0,0.02666666666666667,Grail,0.0,121.872727,1.7662714057971014,False,True
ELON LAUNCH,LAUNCH,gELON,0x81c9eb47f4e3a66d7e0ee6e95d29da2542d66601,1,69.0,1781016017,True,1,100.0,1781016145.0,True,100.0,194.952878,0.0,1.0,257.576576995,0.0,Flipper,1781016639.0,0.13722222222222222,Grail,0.0,125.952878,1.8254040289855071,False,True
ELON LAUNCH,LAUNCH,gELON,0x830588c0f09fe56f66e53ac937136ec94497e12c,1,69.0,1781017341,True,1,150.0,1781017599.0,True,0.0,0.0,0.02,0.98,386.3648654925,7.72729730985,Flipper,,,,7.72729730985,-69.0,-0.8880101839152174,False,True
ELON LAUNCH,LAUNCH,gELON,0x84125eee20d26781c216140e7c1cabc535d3b8b5,1,69.0,1781015939,True,1,200.0,1783664741.0,True,200.0,181.334027,0.0,1.0,515.15315399,0.0,Flipper,1783664795.0,0.015,Grail,0.0,112.33402699999999,1.628029376811594,False,True
ELON LAUNCH,LAUNCH,gELON,0x8492685dd2524bc2f623a8fa382512dc77eba811,1,69.0,1781015881,True,1,250.0,1781016037.0,True,0.0,0.0,0.0,1.0,643.9414424875,0.0,Flipper,,,,0.0,-69.0,-1.0,False,True
ELON LAUNCH,LAUNCH,gELON,0x86f308168464506aeb59b87e7764316458632600,1,69.0,1781017463,True,1,200.0,1781017599.0,True,0.0,0.0,0.024999999999999998,0.975,515.15315399,12.878828849749999,Flipper,,,,12.878828849749999,-69.0,-0.8133503065253623,False,True
ELON LAUNCH,LAUNCH,gELON,0x88422e46ac04bd166cc617fc42831d04f0241085,1,69.0,1781020175,True,1,100.0,1781020211.0,True,115.89759178857479,260.87201200000004,3.552713678800501e-17,1.0,257.576576995,9.150958284287469e-15,Flipper,1781020243.0,0.008888888888888889,Grail,0.0,191.87201200000004,2.78075379710145,False,True
ELON LAUNCH,LAUNCH,gELON,0x88e57735cd545d696377720c566f55701305de61,1,69.0,1781015955,True,1,100.0,1781015973.0,True,100.0,118.455507,0.0,1.0,257.576576995,0.0,Flipper,1781745071.0,202.52722222222224,Other / Unknown,0.0,49.455507,0.7167464782608695,False,True
ELON LAUNCH,LAUNCH,gELON,0x8c624b11a3a2eebf4132d81cc539b57c52efc27e,1,69.0,1781016619,True,1,150.0,1781016633.0,True,150.0,278.563876,0.0,1.0,386.3648654925,0.0,Flipper,1781016659.0,0.007222222222222222,Grail,0.0,209.563876,3.0371576231884054,False,True
ELON LAUNCH,LAUNCH,gELON,0x8d63d43e2c8279d6ae5790429bc3d480f850ce73,1,69.0,1781015929,True,1,150.0,1784608425.0,True,274.2580714667443,285.614027,0.0,1.0,386.3648654925,0.0,Flipper,1784608467.0,0.011666666666666667,Grail,0.0,216.61402700000002,3.139333724637681,False,True
ELON LAUNCH,LAUNCH,gELON,0x91ef2eaa17cddfe1b80369dea2edefc15b43ee94,1,69.0,1781016191,True,1,125.0,1781017171.0,True,0.0,0.0,4.5474735088646405e-15,0.9999999999999954,321.97072124375,1.464153325485995e-12,Flipper,,,,1.4764469696957297e-12,-69.0,-0.9999999999999786,False,True
ELON LAUNCH,LAUNCH,gELON,0x961b6d76bf42b204191e2df70b88282146875d76,1,69.0,1781016135,True,1,125.0,1781016203.0,True,130.90202715395813,251.12544599999998,0.0,1.0,321.97072124375,0.0,Flipper,1781016207.0,0.0011111111111111111,GMGN,0.0,182.12544599999998,2.639499217391304,False,True
ELON LAUNCH,LAUNCH,gELON,0x96289e0c5e166343915352377e13e94f46815ae1,1,69.0,1781015909,True,1,250.0,1781015965.0,True,258.2154779540224,494.785925,3.5527136788005004e-17,1.0,643.9414424875,2.287739571071867e-14,Flipper,1781016041.0,0.021111111111111112,Grail,0.0,425.785925,6.170810507246377,False,True
ELON LAUNCH,LAUNCH,gELON,0x9672c88e56dd243ddfc1e3c0df98cfa2dc8f874a,1,69.0,1781016467,True,1,125.0,1781016499.0,True,125.0,238.397026,0.0,1.0,321.97072124375,0.0,Flipper,1781016519.0,0.005555555555555556,Grail,0.0,169.397026,2.455029362318841,False,True
ELON LAUNCH,LAUNCH,gELON,0x97984422c7c31572c283f9429607471119c9b7f8,1,69.0,1781015887,True,1,125.0,1781015927.0,True,125.0,290.053357,0.0,1.0,321.97072124375,0.0,Flipper,1781015973.0,0.012777777777777779,Grail,0.0,221.053357,3.2036718405797107,False,True
ELON LAUNCH,LAUNCH,gELON,0x98c43cd41e4a41f9b093146a2e2105f2a0bcd544,1,69.0,1781017055,True,1,150.0,1781017081.0,True,0.0,0.0,0.0,1.0,386.3648654925,0.0,Flipper,,,,0.0,-69.0,-1.0,False,True
ELON LAUNCH,LAUNCH,gELON,0x9a2b09c6b6f3fe2536af06550e739e002749fb5e,1,69.0,1781015933,True,1,150.0,1781016917.0,True,75.0,156.951338,5.779080917515482e-15,0.9999999999999942,386.3648654925,2.2328338213661423e-12,Flipper,1781016983.0,0.018333333333333333,Grail,2.242866074544352e-12,87.95133799999999,1.2746570724638007,False,True
ELON LAUNCH,LAUNCH,gELON,0x9a913c9055c3333c75125f1cf83ee152b18c8ae3,1,69.0,1781018205,True,1,250.0,1781018245.0,True,250.0,544.759808,0.0,1.0,643.9414424875,0.0,Flipper,1781018271.0,0.007222222222222222,Grail,0.0,475.759808,6.895069681159421,False,True
ELON LAUNCH,LAUNCH,gELON,0x9a9fc28b68d6a2dab7c6791f34f5cbc96567f3b9,1,69.0,1781018015,False,0,0.0,,False,0.0,0.0,0.0,0.0,0.0,0.0,Unredeemed,,,,0.0,-69.0,-1.0,False,True
ELON LAUNCH,LAUNCH,gELON,0x9ae6b57c7d70bce7c8ada556d41f6e13c0799f45,1,69.0,1781015939,True,1,250.0,1783609409.0,True,523.3346269130678,462.298119,0.0,1.0,643.9414424875,0.0,Flipper,1783695725.0,23.976666666666667,Grail,16.504859806253013,393.298119,5.939173605887725,False,True
ELON LAUNCH,LAUNCH,gELON,0x9b2515a0aa5e5cfbeebd50b2c6c0cbafb3fe77e7,1,69.0,1781015967,True,1,100.0,1790092893.0,True,100.0,243.182561,0.0,1.0,257.576576995,0.0,Flipper,1790093073.0,0.05,Bots / Direct,0.0,174.182561,2.5243849420289854,False,True
ELON LAUNCH,LAUNCH,gELON,0x9b2fd05649a0ee0d91094bc08b92a3b60298692e,1,69.0,1781016037,True,1,200.0,1781016145.0,True,200.0,431.495255,0.0,1.0,515.15315399,0.0,Flipper,1789582035.0,2379.413888888889,OKX Wallet,0.0,362.495255,5.253554420289855,False,True
ELON LAUNCH,LAUNCH,gELON,0x9c81235b2fda4687e0159b19f56e835712ab0a8a,1,69.0,1781022819,True,1,100.0,1781022847.0,True,100.0,258.004817,0.0,1.0,257.576576995,0.0,Flipper,1781022875.0,0.0077777777777777776,Grail,0.0,189.004817,2.7392002463768117,False,True
ELON LAUNCH,LAUNCH,gELON,0x9f73e6579f9e13b0da069d460fe021c77b27436e,1,69.0,1781016299,True,1,200.0,1781016359.0,True,134.697,126.76583,0.0,1.0,515.15315399,0.0,Flipper,1786856709.0,1622.3194444444443,Grail,0.0,57.765829999999994,0.8371859420289853,False,True
ELON LAUNCH,LAUNCH,gELON,0x9ff21445e728af4f3134b57f496e7f4dd8013e48,1,69.0,1781016575,False,0,0.0,,False,304.209,368.555837,0.0,0.0,0.0,0.0,Unredeemed,1781083179.0,,Grail,43.78076523653583,299.555837,4.975892786036751,False,True
ELON LAUNCH,LAUNCH,gELON,0xa0d4805d1e7b4d35f962cd435be87571ddb80d97,1,69.0,1781020137,True,1,250.0,1781020259.0,True,250.0,552.10067,0.0,1.0,643.9414424875,0.0,Flipper,1781020289.0,0.008333333333333333,Grail,0.0,483.10067000000004,7.001458985507247,False,True
ELON LAUNCH,LAUNCH,gELON,0xa3c1cd90099dc4a1607263836483655aba62b2b3,1,69.0,1781015985,True,1,250.0,1781108071.0,True,250.0,410.888179,0.0,1.0,643.9414424875,0.0,Flipper,1781108147.0,0.021111111111111112,Grail,0.0,341.888179,4.954901144927536,False,True
ELON LAUNCH,LAUNCH,gELON,0xa45111cdd1443e9f47e749ab714ace08915d3b45,1,69.0,1781015881,True,1,150.0,1781015903.0,True,349.80452275305356,765.761499,5.773159728050814e-17,0.9999999999999999,386.3648654925,2.2305460817950705e-14,Flipper,1781015907.0,0.0011111111111111111,BasedBot,0.224604273744757,696.761499,10.101247873532532,True,True
ELON LAUNCH,LAUNCH,gELON,0xa4d41fe1ae9822020789f251659b1256e1d09777,1,69.0,1781019791,True,1,150.0,1781019821.0,True,0.402,0.451423,3.1501571094424045e-06,0.9999968498428906,386.3648654925,0.0012171100278699572,Flipper,1788535493.0,2087.6866666666665,Grail,0.0012171100278864004,-68.548577,-0.993439998405393,False,True
ELON LAUNCH,LAUNCH,gELON,0xa802524c4af4fb2832333d6922a4731c626b7430,1,69.0,1781021009,True,1,100.0,1781021037.0,True,75.0,180.454863,0.25,0.75,257.576576995,64.39414424875,Partial seller,1781021101.0,0.017777777777777778,Grail,64.39414424875,111.45486299999999,2.5485363369384055,False,True
ELON LAUNCH,LAUNCH,gELON,0xa84f8eac13b6bd3756fc6a2cd6edaff2e7197444,1,69.0,1781015999,True,1,100.0,1786951347.0,True,99.8805150288783,93.592128,0.0,1.0,257.576576995,0.0,Flipper,1787267163.0,87.72666666666667,Grail,0.0,24.592128000000002,0.356407652173913,False,True
ELON LAUNCH,LAUNCH,gELON,0xa8cff29431eb3470d582e3458aebe9dea47c59c9,1,69.0,1781018221,True,1,150.0,1781018317.0,True,150.01451259443257,294.447211,0.10647480525094011,0.8935251947490599,386.3648654925,41.138123809119605,Partial seller,1781018375.0,0.01611111111111111,Grail,0.0,225.44721099999998,3.2673508840579704,False,True
ELON LAUNCH,LAUNCH,gELON,0xa916d872a98930c37ad7ecc150da89f8ef48fc5c,1,69.0,1781018745,True,1,125.0,1781018767.0,True,0.0,0.0,0.0,1.0,321.97072124375,0.0,Flipper,,,,0.0,-69.0,-1.0,False,True
ELON LAUNCH,LAUNCH,gELON,0xaa58e52bcecd1e3805a7ca799f14f06307f0927a,1,69.0,1781015939,True,1,250.0,1783379893.0,True,306.0,555.455009,0.6308148487452103,0.3691851512547897,643.9414424875,406.2078236435249,Holder,1788790057.0,1502.8233333333333,OKX Wallet,406.2078236435249,486.455009,12.937142502080071,False,True
ELON LAUNCH,LAUNCH,gELON,0xaab1dc6c5e63ad528f7d510f11f7191dbcd6552b,1,69.0,1781017627,True,1,250.0,1789488481.0,True,250.0,287.831495,0.0,1.0,643.9414424875,0.0,Flipper,1789488723.0,0.06722222222222222,Grail,0.0,218.83149500000002,3.1714709420289857,False,True
ELON LAUNCH,LAUNCH,gELON,0xadc9994f09588fac09933731db4bf3a2ca0cea79,1,69.0,1781015895,True,1,150.0,1781015913.0,True,150.0,360.818392,0.0,1.0,386.3648654925,0.0,Flipper,1781015943.0,0.008333333333333333,Sigma,0.0,291.818392,4.2292520579710144,False,True
ELON LAUNCH,LAUNCH,gELON,0xae4b59fbd28eeae34f9f350c39153806e694b76e,1,69.0,1781015987,True,1,150.0,1781016145.0,True,150.0,341.632054,0.0,1.0,386.3648654925,0.0,Flipper,1789581827.0,2379.356111111111,OKX Wallet,0.0,272.632054,3.951189188405797,False,True
ELON LAUNCH,LAUNCH,gELON,0xaf186526734e9038f21d2b0698ae02417c21cc70,1,69.0,1781015951,True,1,100.0,1781015981.0,True,1499.8646963314688,2313.9634690000003,4.973799150320702e-16,0.9999999999999996,257.576576995,1.2811341598002456e-13,Flipper,1781015997.0,0.0044444444444444444,KyberSwap,0.024702231774364824,2244.9634690000003,32.536060452634416,False,True
ELON LAUNCH,LAUNCH,gELON,0xaf21ae3bbebd8d3672cff25b6203104018bb8457,1,69.0,1781016589,True,1,150.0,1781017397.0,True,306.48732402819877,494.633779,0.0,1.0,386.3648654925,0.0,Flipper,1781017431.0,0.009444444444444445,Grail,0.0,425.633779,6.168605492753623,False,True
ELON LAUNCH,LAUNCH,gELON,0xaf46123e9ab90ca8e01b1e9cc50057cf9477f003,1,69.0,1781016003,True,1,100.0,1781016021.0,True,100.0,193.142413,0.0,1.0,257.576576995,0.0,Flipper,1781016039.0,0.005,Grail,10.9470045222875,124.142413,1.9578176452505436,True,True
ELON LAUNCH,LAUNCH,gELON,0xb033f119a9ed1ebb9a628861ced9e3b636742069,1,69.0,1781015975,True,1,125.0,1781016103.0,True,0.0,0.0,0.0007895131824006967,0.9992104868175993,321.97072124375,0.25420012876900067,Flipper,,,,0.25420012876896403,-69.0,-0.9963159401627686,True,True
ELON LAUNCH,LAUNCH,gELON,0xb0d1f1a39166977d5d9c846803dd114f86397b16,1,69.0,1781015961,False,0,0.0,,False,0.0,0.0,0.0,0.0,0.0,0.0,Unredeemed,,,,0.0,-69.0,-1.0,False,True
ELON LAUNCH,LAUNCH,gELON,0xb1c9c618f172669f6287cfbb026d0b2ddd3cd5c7,1,69.0,1781015965,True,1,100.0,1781015991.0,True,105.06100530866581,218.595302,3.552713678800501e-17,1.0,257.576576995,9.150958284287469e-15,Flipper,1781015999.0,0.0022222222222222222,BasedBot,0.0,149.595302,2.168047855072464,True,True
ELON LAUNCH,LAUNCH,gELON,0xb28abd03711d4d563828d6d196f714cce0106274,1,69.0,1781015975,True,1,250.0,1781016039.0,True,250.0,509.93604,0.0,1.0,643.9414424875,0.0,Flipper,1781016299.0,0.07222222222222222,KyberSwap,0.0,440.93604,6.390377391304348,False,True
ELON LAUNCH,LAUNCH,gELON,0xb3b550e0a844705310639cb343ddec7354facc0d,1,69.0,1781017905,True,1,150.0,1781541751.0,True,150.0,145.141638,0.0,1.0,386.3648654925,0.0,Flipper,1781541765.0,0.0038888888888888888,Grail,0.0,76.141638,1.1035020000000002,True,True
ELON LAUNCH,LAUNCH,gELON,0xb52d992b81b72e216c8a6e19b6d211683168e570,1,69.0,1781015913,True,1,150.0,1781015933.0,True,234.13902524040873,604.896908,1.8947806286936006e-16,0.9999999999999998,386.3648654925,7.320766627429975e-14,Flipper,1781015939.0,0.0016666666666666668,BasedBot,0.0,535.896908,7.766621855072465,True,True
ELON LAUNCH,LAUNCH,gELON,0xb6bd8add47d3b1679df9a63286d4636dac7448b0,1,69.0,1781015897,True,1,100.0,1781015935.0,True,404.4152258788829,520.532811,0.0,1.0,257.576576995,0.0,Flipper,1781015991.0,0.015555555555555555,Grail,0.848838701020864,451.53281100000004,6.556255792768419,False,True
ELON LAUNCH,LAUNCH,gELON,0xb8b60d295e7b69ea01df49e24a268da0692cbedf,1,69.0,1781019181,True,1,125.0,1781019205.0,False,26874.601408334136,38156.681517,1.0,0.0,321.97072124375,321.97072124375,Holder,1782190789.0,325.44,Grail,2226.8456054305343,38087.681517,584.2685090207324,False,True
ELON LAUNCH,LAUNCH,gELON,0xbb36765bfbf75a31054c1525219b998b2e6f5d10,1,69.0,1781018825,True,1,100.0,1781018913.0,True,106.70511347521243,211.18650699999998,0.0,1.0,257.576576995,0.0,Flipper,1781019035.0,0.03388888888888889,Grail,13.586306853971106,142.18650699999998,2.2575770123763927,False,True
ELON LAUNCH,LAUNCH,gELON,0xbbb489c5804e5f0d7c78dee0c1ffebf6eafe23c6,1,69.0,1781015941,True,1,150.0,1781015959.0,True,199.80571901862828,387.991212,0.0034142959408639192,0.996585704059136,386.3648654925,1.3191639919434768,Flipper,1781016029.0,0.019444444444444445,Grail,1.3191639919434717,318.991212,4.6421793622020795,False,True
ELON LAUNCH,LAUNCH,gELON,0xbe3d4dc77185b38a50640bc3f7be1cfaeb09c53a,1,69.0,1781016373,True,1,200.0,1781016479.0,True,296.50283044451413,526.5594990000001,1.3322676295501878e-16,0.9999999999999999,515.15315399,6.863218713215601e-14,Flipper,1781016543.0,0.017777777777777778,OKX Wallet,16.753642760275547,457.5594990000001,6.87410350377211,False,True
ELON LAUNCH,LAUNCH,gELON,0xbec2c1ca116a832f4ddab165000610ee850fd338,1,69.0,1781015923,True,1,200.0,1785085813.0,True,200.0,210.562113,0.004048256162217569,0.9959517438377824,515.15315399,2.0854719301258338,Flipper,1785085861.0,0.013333333333333334,OKX Wallet,2.08547193012585,141.562113,2.081849056958346,False,True
ELON LAUNCH,LAUNCH,gELON,0xc0a7b5d19f06890828b2887b456f47962b9529a9,1,69.0,1781018373,False,0,0.0,,False,0.0,0.0,0.0,0.0,0.0,0.0,Unredeemed,,,,0.0,-69.0,-1.0,False,True
ELON LAUNCH,LAUNCH,gELON,0xc17a2e9afd0e5d257c7f8de715f89f482e196c20,1,69.0,1781018607,True,1,250.0,1781018761.0,True,250.0,517.142144,0.0,1.0,643.9414424875,0.0,Flipper,1781018855.0,0.026111111111111113,Grail,0.0,448.14214400000003,6.494813681159421,False,True
ELON LAUNCH,LAUNCH,gELON,0xc4517c6648898aa73062890c6a721cd88a6a7313,1,69.0,1781018233,False,0,0.0,,False,101.64399999999999,125.32190700000001,0.0,0.0,0.0,0.0,Unredeemed,1781639131.0,,Grail,966.9270877733106,56.32190700000001,14.829695576424792,False,True
ELON LAUNCH,LAUNCH,gELON,0xc64145cb852d00f8ca2f6573cb96a6ea562c683e,1,69.0,1781017439,True,1,125.0,1781017457.0,True,125.0,258.593209,0.0,1.0,321.97072124375,0.0,Flipper,1781017497.0,0.011111111111111112,Grail,0.0,189.593209,2.7477276666666666,False,True
ELON LAUNCH,LAUNCH,gELON,0xc66d3cdf5bbd8c36c478be93fbe3796c772ac6b4,1,69.0,1781019265,True,1,200.0,1781019297.0,True,200.0,396.605052,0.0,1.0,515.15315399,0.0,Flipper,1781019325.0,0.0077777777777777776,Grail,0.0,327.605052,4.747899304347826,False,True
ELON LAUNCH,LAUNCH,gELON,0xc69aaf51a76832bc2d2d78fcfac045f6e4701135,1,69.0,1781016105,True,1,100.0,1781030313.0,True,91.17723353933013,181.614464,0.0008213295797602882,0.9991786704202397,257.576576995,0.21155526173939684,Flipper,1781030371.0,0.01611111111111111,Other / Unknown,22.936935107395758,112.614464,1.9645130305419674,False,True
ELON LAUNCH,LAUNCH,gELON,0xc6eaacaa6de1b7c98ff558da46e0bbd62a333885,1,69.0,1781015883,False,0,0.0,,False,165.52488889314736,321.77524,0.0,0.0,0.0,0.0,Unredeemed,1789574607.0,,Grail,0.0,252.77524,3.6634092753623184,False,True
ELON LAUNCH,LAUNCH,gELON,0xc6fac2424e017e1b789651a82018d2cc8623653f,1,69.0,1781016065,False,0,0.0,,False,0.0,0.0,0.0,0.0,0.0,0.0,Unredeemed,,,,0.0,-69.0,-1.0,False,True
ELON LAUNCH,LAUNCH,gELON,0xc883c0c0726bbcaa322de3ce86909596fa0834af,1,69.0,1781017113,True,1,200.0,1781017699.0,True,206.24,383.724088,0.0005401652275103164,0.9994598347724897,515.15315399,0.27826782062766536,Flipper,1781017719.0,0.005555555555555556,Bots / Direct,0.0,314.724088,4.561218666666667,True,True
ELON LAUNCH,LAUNCH,gELON,0xc9174488d99af3e5c6f22caf7f03ef0080b26824,1,69.0,1781016009,True,1,250.0,1781016145.0,True,133.449,125.481734,0.0,1.0,643.9414424875,0.0,Flipper,1786949109.0,1648.0455555555557,Grail,0.0,56.481734,0.8185758550724638,False,True
ELON LAUNCH,LAUNCH,gELON,0xc9f19bce748444ec3d9ebf764c4bbc4e799f2a28,1,69.0,1781015895,True,1,150.0,1781016045.0,True,168.59199999999998,297.446195,0.003957069583783834,0.9960429304162162,386.3648654925,1.528872657483104,Flipper,1781016081.0,0.01,Grail,0.0,228.446195,3.310814420289855,False,True
ELON LAUNCH,LAUNCH,gELON,0xcadb43cc179801dadad9e9041c7565f528940a0d,1,69.0,1781016181,True,1,150.0,1781016211.0,True,174.2993027276563,297.795593,9.473903143468003e-17,0.9999999999999999,386.3648654925,3.6603833137149875e-14,Flipper,1781016707.0,0.13777777777777778,Grail,0.96591216373125,228.795593,3.3298768864308883,False,True
ELON LAUNCH,LAUNCH,gELON,0xcbbcdc02613148258f1e39294517b4fdfd15b7c6,1,69.0,1781017685,True,1,150.0,1790089249.0,True,15.0,40.992252,0.9,0.09999999999999998,386.3648654925,347.72837894325,Holder,1790096195.0,1.9294444444444445,Bots / Direct,347.72837894325,-28.007748,4.63363233251087,False,True
ELON LAUNCH,LAUNCH,gELON,0xcd60d10d9aefdb480aa38a592e759a44dca502b1,1,69.0,1781015977,False,0,0.0,,False,0.0,0.0,0.0,0.0,0.0,0.0,Unredeemed,,,,0.0,-69.0,-1.0,False,True
ELON LAUNCH,LAUNCH,gELON,0xd139225554b252f5956944594084b0dc270da4f8,1,69.0,1781016277,True,1,125.0,1781016351.0,True,125.0,258.719976,0.0,1.0,321.97072124375,0.0,Flipper,1781016393.0,0.011666666666666667,Grail,0.0,189.71997599999997,2.749564869565217,False,True
ELON LAUNCH,LAUNCH,gELON,0xd35e25f8c2ef0f27998911d1977257a76ca35879,1,69.0,1781017055,True,1,150.0,1781017103.0,True,150.0,179.113024,0.0,1.0,386.3648654925,0.0,Flipper,1781810993.0,220.525,Grail,0.0,110.113024,1.5958409275362317,False,True
ELON LAUNCH,LAUNCH,gELON,0xd395c8989cc132b76b44ca1acfd17186524304a3,1,69.0,1781016283,True,1,100.0,1781016443.0,True,128.41336845805313,242.739094,3.552713678800501e-17,1.0,257.576576995,9.150958284287469e-15,Flipper,1781016721.0,0.07722222222222222,Grail,0.0006038340762740467,173.739094,2.517966635276468,False,True
ELON LAUNCH,LAUNCH,gELON,0xd60b8d278a98e068eaf3508e95cf1b0089961288,1,69.0,1781015985,True,1,250.0,1789584281.0,True,249.75,384.833636,0.001,0.999,643.9414424875,0.6439414424875,Flipper,1789584413.0,0.03666666666666667,Fomo,0.6439414424875,315.833636,4.5866315571375,False,True
ELON LAUNCH,LAUNCH,gELON,0xd612d0b07027d7505fced8e01ed89438450d2b83,1,69.0,1781015889,True,1,200.0,1781015941.0,True,200.0,492.219934,0.0,1.0,515.15315399,0.0,Flipper,1781015959.0,0.005,Grail,0.0,423.219934,6.1336222318840585,False,True
ELON LAUNCH,LAUNCH,gELON,0xd76d82d4f7348004a07ed1de05f20cc74355ee2e,1,69.0,1781019535,True,1,100.0,1781019567.0,True,117.4654498391017,228.630222,3.552713678800501e-17,1.0,257.576576995,9.150958284287469e-15,Flipper,1781019595.0,0.0077777777777777776,Grail,0.0,159.630222,2.3134814782608695,False,True
ELON LAUNCH,LAUNCH,gELON,0xdbbef500e484c829bbae0f8c7a1644e12adcec6e,1,69.0,1781016151,True,1,100.0,1781016217.0,True,100.0,201.304088,0.01103695403241403,0.988963045967586,257.576576995,2.842860840120368,Flipper,1781016337.0,0.03333333333333333,Other / Unknown,2.842987489709198,132.304088,1.9586532679668003,False,True
ELON LAUNCH,LAUNCH,gELON,0xdd3014109ecb84d7b5ee26052b5489084b58123e,1,69.0,1781015909,True,1,150.0,1781015959.0,True,2299.4852632468383,2999.7631919999994,0.002429126807534961,0.9975708731924651,386.3648654925,0.9385292522574711,Flipper,1781015975.0,0.0044444444444444444,OKX Wallet,25.2693930188093,2930.7631919999994,42.84105195679433,True,True
ELON LAUNCH,LAUNCH,gELON,0xdfdb9fed04ad01152c60e6958b4a837e90ac7873,1,69.0,1781016859,True,1,200.0,1781016951.0,True,200.0,419.970166,0.0,1.0,515.15315399,0.0,Flipper,1781017125.0,0.04833333333333333,Grail,0.0,350.970166,5.0865241449275365,False,True
ELON LAUNCH,LAUNCH,gELON,0xe095ba55a62cd627eb9db0c93e65b77e07fce073,1,69.0,1781015985,True,1,250.0,1781016145.0,True,250.0,239.703956,0.0,1.0,643.9414424875,0.0,Flipper,1786723077.0,1585.2588888888888,Grail,0.0,170.703956,2.4739703768115944,False,True
ELON LAUNCH,LAUNCH,gELON,0xe0f01c8be4cc91fcf17d1255e30413cf89576346,1,69.0,1781016035,True,1,200.0,1781016059.0,True,3595.0831550000003,4794.766636,1.2600423815456453e-09,0.9999999987399576,515.15315399,6.491148070143101e-07,Flipper,1781250585.0,65.14611111111111,Grail,0.0,4725.766636,68.48937153623189,False,True
ELON LAUNCH,LAUNCH,gELON,0xe21f548b8910846aabaa062fa7c9821e64de9cb1,1,69.0,1781017583,True,1,125.0,1785914027.0,True,124.6875,117.301579,0.0,1.0,321.97072124375,0.0,Flipper,1785914645.0,0.17166666666666666,KyberSwap,0.8049268031093749,48.301579000000004,0.7116884899001361,False,True
ELON LAUNCH,LAUNCH,gELON,0xe24936e883d5d986e3c56512f59c4675a004db2e,1,69.0,1781015981,True,1,250.0,1781016127.0,True,250.0,479.999123,0.0,1.0,643.9414424875,0.0,Flipper,1781016167.0,0.011111111111111112,Grail,0.0,410.999123,5.956509028985507,False,True
ELON LAUNCH,LAUNCH,gELON,0xe2a8f2b1508db783cbd8e85057181b9ec1219dec,1,69.0,1781016025,False,0,0.0,,False,310.875,342.47920099999993,0.0,0.0,0.0,0.0,Unredeemed,1782485781.0,,Grail,702.0532131479338,273.47920099999993,14.138150929680197,False,True
ELON LAUNCH,LAUNCH,gELON,0xe592fea2d09800c14f9f27d0ace7300be171f48c,1,69.0,1781017427,True,1,125.0,1781017931.0,True,126.21600000000001,192.662715,0.018407638250723092,0.9815923617492769,321.97072124375,5.926720563979355,Flipper,1781018069.0,0.03833333333333333,Grail,0.0,123.66271499999999,1.792213260869565,False,True
ELON LAUNCH,LAUNCH,gELON,0xe6786b71a8c6733daecc8d6b340ac7c4bdd03f95,1,69.0,1781016119,True,1,125.0,1781016151.0,True,206.1810330985089,331.428854,0.0,1.0,321.97072124375,0.0,Flipper,1781771725.0,209.88166666666666,Unknown App E,0.0,262.428854,3.803316724637681,True,True
ELON LAUNCH,LAUNCH,gELON,0xe72013c9b98286a70bd5d9c6e42ddda285c577a7,1,69.0,1781017415,True,1,200.0,1781017611.0,True,200.0,243.026179,0.0,1.0,515.15315399,0.0,Flipper,1782285071.0,352.0722222222222,GMGN,0.0,174.026179,2.522118536231884,False,True
ELON LAUNCH,LAUNCH,gELON,0xe7b696dcb50c12c9d107a9d2f99ee35cfbdc7260,1,69.0,1781016061,False,0,0.0,,False,2248.8256471791037,5304.230133000001,0.0,0.0,0.0,0.0,Unredeemed,1781023487.0,,Grail,4763.716615585814,5235.230133000001,144.912271718635,False,True
ELON LAUNCH,LAUNCH,gELON,0xe8866b49d62050fea07f5f4aa29c5c5c58f7ee6e,1,69.0,1781021693,True,1,100.0,1781021791.0,True,137.46698214627628,310.693432,0.0,1.0,257.576576995,0.0,Flipper,1781021917.0,0.035,GMGN,0.0,241.69343199999997,3.50280336231884,False,True
ELON LAUNCH,LAUNCH,gELON,0xec6ff00b2d6b7f60f1431aaf192cb883f1b414f7,1,69.0,1781015891,True,1,100.0,1781015993.0,True,100.0,181.471773,0.0,1.0,257.576576995,0.0,Flipper,1781016099.0,0.029444444444444443,Grail,0.0,112.47177300000001,1.630025695652174,False,True
ELON LAUNCH,LAUNCH,gELON,0xec9e512fe7e90134d8ca7295329ccb0a57c91ecb,1,69.0,1781015991,False,0,0.0,,False,0.0,0.0,0.0,0.0,0.0,0.0,Unredeemed,,,,0.0,-69.0,-1.0,False,True
ELON LAUNCH,LAUNCH,gELON,0xed7bede5640254c60095257ddec0533a36a2200e,1,69.0,1781018511,True,1,125.0,1781018531.0,True,125.0,285.357348,0.0,1.0,321.97072124375,0.0,Flipper,1781018559.0,0.0077777777777777776,Grail,0.0,216.357348,3.1356137391304344,False,True
ELON LAUNCH,LAUNCH,gELON,0xed89ea70a367e41bb4ff1a0a185bf0c07dec69de,1,69.0,1781016079,True,1,125.0,1781016161.0,True,125.0,246.586216,0.0,1.0,321.97072124375,0.0,Flipper,1781016205.0,0.012222222222222223,Grail,0.0,177.586216,2.573713275362319,False,True
ELON LAUNCH,LAUNCH,gELON,0xedf9aacfbde1e0fadaaecb8122edd61b10697816,1,69.0,1781017115,True,1,200.0,1781017277.0,True,100.0,197.03563,7.105427357601001e-16,0.9999999999999993,515.15315399,3.6603833137149874e-13,Flipper,1781017341.0,0.017777777777777778,Grail,3.5773265319373576e-13,128.03563,1.8555888405797156,False,True
ELON LAUNCH,LAUNCH,gELON,0xef17179557b3e2932807d0fecab6bbfcf0dcfc8b,1,69.0,1781015931,True,1,150.0,1783420073.0,True,310.3158032362373,286.680391,3.789561257387201e-16,0.9999999999999997,386.3648654925,1.464153325485995e-13,Flipper,1786240699.0,783.5072222222223,Grail,0.0028268335075310744,217.680391,3.154829243963877,False,True
ELON LAUNCH,LAUNCH,gELON,0xf06ffe33bac0719eae891cb10e2a2e6e242a1266,1,69.0,1781016191,True,1,100.0,1781016255.0,True,489.6059595655101,802.925757,0.0,1.0,257.576576995,0.0,Flipper,1781218613.0,56.21055555555556,BasedBot,0.0,733.925757,10.636605173913043,True,True
ELON LAUNCH,LAUNCH,gELON,0xf09862c059eb0b18b8d8661a9d46c6ceee73b728,1,69.0,1781016191,False,0,0.0,,False,0.0,0.0,0.0,0.0,0.0,0.0,Unredeemed,,,,0.2603222879085268,-69.0,-0.996227213218717,False,True
ELON LAUNCH,LAUNCH,gELON,0xf176dc0a5750c977eb7c9622d2d02bf5a0ce0e7b,1,69.0,1781020321,False,0,0.0,,False,0.0,0.0,0.0,0.0,0.0,0.0,Unredeemed,,,,0.0,-69.0,-1.0,False,True
ELON LAUNCH,LAUNCH,gELON,0xf2551fe11a371b3bca91f337facc2cac767704e1,1,69.0,1781017687,True,1,150.0,1781017725.0,True,150.0,271.972563,0.0,1.0,386.3648654925,0.0,Flipper,1781017739.0,0.0038888888888888888,Grail,0.0,202.97256299999998,2.9416313478260867,False,True
ELON LAUNCH,LAUNCH,gELON,0xf27c10488b579e5bcd6ec8cc2922315c2d799c6f,1,69.0,1781015891,True,1,200.0,1787948289.0,False,0.766859,0.86097,1.0,0.0,515.15315399,515.15315399,Holder,1788245097.0,82.44666666666667,Grail,2318.2033091437816,-68.13903,32.60962723396785,False,True
ELON LAUNCH,LAUNCH,gELON,0xf437501b147111ca79c304149a8f6c119e2d5c6e,1,69.0,1781017601,True,1,100.0,1781017819.0,True,100.0,195.53837,0.0,1.0,257.576576995,0.0,Flipper,1781017843.0,0.006666666666666667,Grail,0.0,126.53836999999999,1.833889420289855,False,True
ELON LAUNCH,LAUNCH,gELON,0xf49ce99ad91f9c7ece36970d799c8d8d9c4cfcf2,1,69.0,1781015883,True,1,250.0,1781015905.0,False,384.55798446838344,895.640843,1.0,0.0,643.9414424875,643.9414424875,Holder,1781015915.0,0.002777777777777778,Grail,754.0195239905001,826.640843,22.90812126073189,False,True
ELON LAUNCH,LAUNCH,gELON,0xf687bbb975953e8c8198bbc264f5380545f867ea,1,69.0,1781020423,True,1,150.0,1781020567.0,False,0.0,0.0,1.0,0.0,386.3648654925,386.3648654925,Holder,,,,386.3648654925,-69.0,4.59949080423913,True,True
ELON LAUNCH,LAUNCH,gELON,0xf70fa1b8443c620ca7d43a9d17f4bde8b09031cc,1,69.0,1781016377,True,1,200.0,1782292733.0,False,828.7185366232864,1537.842887,1.0,0.0,515.15315399,515.15315399,Holder,1782751855.0,127.5338888888889,Bots / Direct,467.93970913405593,1468.842887,28.069312987450086,False,True
ELON LAUNCH,LAUNCH,gELON,0xf7915670cd3a9c5f3fd69994a0955f275f6020d6,1,69.0,1781019947,True,1,250.0,1784051159.0,True,257.3818619797782,259.82446600000003,0.000121596373749003,0.999878403626251,643.9414424875,0.07830094431318217,Flipper,1784051205.0,0.012777777777777779,Grail,1.73603449842156,190.82446600000003,2.790731891281472,False,True
ELON LAUNCH,LAUNCH,gELON,0xf88353e6b33d1f9f6f325dbcbb697ddd0be3bd5c,1,69.0,1781016999,False,0,0.0,,False,39.863011082564626,98.22834599999999,0.0,0.0,0.0,0.0,Unredeemed,1790084855.0,,Bots / Direct,319.3811811987146,29.228345999999988,5.052311988387168,False,True
ELON LAUNCH,LAUNCH,gELON,0xf9545c1661efc79cb66c2647086791633fb6f59a,1,69.0,1781015903,True,1,150.0,1781015933.0,True,150.0,360.406722,0.0,1.0,386.3648654925,0.0,Flipper,1781015947.0,0.0038888888888888888,BasedBot,0.0,291.406722,4.223285826086957,True,True
ELON LAUNCH,LAUNCH,gELON,0xf9618f5eef7ab2ade5da71508e73ff5f1df6fc4b,1,69.0,1781016513,True,1,125.0,1781016593.0,True,125.0,228.780978,0.0,1.0,321.97072124375,0.0,Flipper,1781016763.0,0.04722222222222222,Bots / Direct,0.0,159.780978,2.315666347826087,False,True
ELON LAUNCH,LAUNCH,gELON,0xf9640ac4e36b8abddbe85a383e2354942128f22a,1,69.0,1781017621,True,1,250.0,1790089225.0,True,71.4,189.172878,0.0,1.0,643.9414424875,0.0,Flipper,1790096099.0,1.9094444444444445,Bots / Direct,460.03176651306995,120.172878,8.408762963957535,False,True
ELON LAUNCH,LAUNCH,gELON,0xfb2a620a4829f85710562299285e9a6ae6182027,1,69.0,1781016535,True,1,250.0,1781016579.0,True,258.91469131994654,452.75171900000004,0.0012759485763683357,0.9987240514236316,643.9414424875,0.8216361668064982,Flipper,1781016649.0,0.019444444444444445,Grail,0.8223191200433057,383.75171900000004,5.573536784348454,False,True
ELON LAUNCH,LAUNCH,gELON,0xfbcd62d39d74f061374098f51548cdeb34488521,1,69.0,1781016815,False,0,0.0,,False,0.0,0.0,0.0,0.0,0.0,0.0,Unredeemed,,,,16.468512603363322,-69.0,-0.7613259042990823,False,True
ELON LAUNCH,LAUNCH,gELON,0xfc258b128dd2839666530eb0611b5c00735a5aaa,1,69.0,1781015909,True,1,200.0,1781015931.0,True,200.0,385.435967,0.0,1.0,515.15315399,0.0,Flipper,1781016043.0,0.03111111111111111,Grail,0.0,316.435967,4.586028507246377,False,True
ELON LAUNCH,LAUNCH,gELON,0xfd498df93ec5a75649a23cfa27c19e68c23251a3,1,69.0,1781015869,True,1,250.0,1781015893.0,True,250.0,751.617359,0.003051593431477727,0.9969484065685222,643.9414424875,1.9650474761511474,Flipper,1781015903.0,0.002777777777777778,Grail,1.9650474761511645,682.617359,9.921484151828277,False,True
ELON LAUNCH,LAUNCH,gELON,0xfd8d3023e2897dc555df02cb69d0a712f2f1243a,1,69.0,1781022549,False,0,0.0,,False,0.0,0.0,0.0,0.0,0.0,0.0,Unredeemed,,,,0.0,-69.0,-1.0,False,True
ELON LAUNCH,LAUNCH,gELON,0xfe5d4f8e6bfdc08b5b0cacd8201d8f3aff1dbe6b,1,69.0,1781018783,False,0,0.0,,False,0.0,0.0,0.0,0.0,0.0,0.0,Unredeemed,,,,0.0,-69.0,-1.0,False,True
ELON LAUNCH,LAUNCH,gELON,0xfecd0cb6ee16c61bc7e8c5c7a464f6b3a8f1a075,1,69.0,1781016243,True,1,250.0,1781016279.0,True,824.0631623251586,1121.655431,1.1368683772161603e-16,0.9999999999999999,643.9414424875,7.320766627429975e-14,Flipper,1781016297.0,0.005,Other / Unknown,0.8174224300816354,1052.655431,15.267722513479445,False,True
Founder,FOUNDER,gWEMBY,0x05e486f5726b7de06f2bd69a1972f1b0d7fda20c,1,0.0,1783386627,True,1,75.0,1783386683.0,True,75.0,21.4795,0.0,1.0,17.9019705,0.0,Flipper,1786544839.0,877.2655555555556,Grail,0.0,21.4795,,False,True
Founder,FOUNDER,"gKAI,gWEMBY",0x08aa5c33318ccdff182f190cdd9735eb461f0171,1,0.0,1783381597,True,2,65.0,1790089587.0,True,50.0,14.032063,0.8016743212160002,0.19832567878399976,60.177013249999995,48.242366249999996,Holder,1790089609.0,0.006111111111111111,Grail,49.85045919617717,14.032063,,False,True
Founder,FOUNDER,"gCOOP,gKAI,gKIRK,gPIKA,gWEMBY,gYAMAL",0x08f9ff0f6e5f45dc13f60202770bd6b7ef1b5f96,1,0.0,1783378567,True,7,330.0,1784585657.0,True,330.2888171486667,110.03517299999999,1.1691450734192318e-16,0.9999999999999999,219.472891,2.5659564926172607e-14,Flipper,1784787975.0,56.199444444444445,Grail,0.020438617884336967,110.03517299999999,,False,True
Founder,FOUNDER,,0x0b00ef608b84a25b647a873931580be96ed31cf4,1,0.0,1783397465,False,0,0.0,,False,0.0,0.0,0.0,0.0,0.0,0.0,Unredeemed,,,,0.0,0.0,,False,True
Founder,FOUNDER,,0x0c13dcadddda7c48300e0bb210ab897a10c11fdc,1,0.0,1783382803,False,0,0.0,,False,0.0,0.0,0.0,0.0,0.0,0.0,Unredeemed,,,,0.0,0.0,,False,True
Founder,FOUNDER,gWEMBY,0x0dd3c3c95a486c47febc259a4e5a3911fd9ea922,1,0.0,1783460515,True,1,75.0,1783460541.0,True,75.0,25.566174,0.0,1.0,17.9019705,0.0,Flipper,1783460625.0,0.023333333333333334,Grail,0.0,25.566174,,False,True
Founder,FOUNDER,"gALLEN,gELON,gKAI,gWEMBY,gYAMAL",0x10d3e40aeb8f01050b47ff606c9d19c013c7e938,1,0.0,1783386041,True,14,850.0,1783401221.0,True,2913.3765652853226,1386.830371,0.0,1.0,912.2234898875,0.0,Flipper,1783401269.0,0.013333333333333334,Grail,0.0013734507057795776,1386.830371,,False,True
Founder,FOUNDER,"gALLEN,gCHAR,gCOOP,gJENSEN,gKAI,gPIKA,gWEMBY,gYAMAL",0x11b4486c93c42eaf7bdd782679fb20c709901af4,1,0.0,1783382843,True,22,151050.0,1783383003.0,True,1070.0,233.22098499999998,0.8978694966836157,0.10213050331638429,1994.514213,1790.8134725546279,Holder,1783383057.0,0.015,Grail,1845.1494829852254,233.22098499999998,,False,True
Founder,FOUNDER,gKIRK,0x1233cb2157b0be813ba408acf6fa01f1bd9becad,1,0.0,1783382747,True,5,600.0,1784585613.0,True,600.0,126.97551,0.0,1.0,692.8550700000001,0.0,Flipper,1784585675.0,0.017222222222222222,Grail,0.0,126.97551,,False,True
Founder,FOUNDER,"gPIKA,gVITALIK,gVLAD,gWEMBY",0x1512bb3b85696fa4d85cb4bbf78e9c4fe95db90f,1,0.0,1783392045,True,6,25459.999999999996,1783434021.0,True,334.0,222.744683,0.13155965645217754,0.8684403435478225,330.8934261,43.53222546,Partial seller,1784255489.0,228.18555555555557,Grail,43.53222545999999,222.744683,,False,True
Founder,FOUNDER,,0x1533328f6212e07a26f4cea90789d621b14b7346,1,0.0,1783569341,False,0,0.0,,False,0.0,0.0,0.0,0.0,0.0,0.0,Unredeemed,,,,0.0,0.0,,False,True
Founder,FOUNDER,,0x1654b7ea307d2c3214fc7c7fe35b4bd214594b27,1,0.0,1783440695,False,0,0.0,,False,0.0,0.0,0.0,0.0,0.0,0.0,Unredeemed,,,,0.0,0.0,,False,True
Founder,FOUNDER,,0x1bb44ec33676edab7df7c48dbf624b859dee3186,1,0.0,1783568793,False,0,0.0,,False,0.0,0.0,0.0,0.0,0.0,0.0,Unredeemed,,,,0.0,0.0,,False,True
Founder,FOUNDER,,0x1c66f0b0e531389f0ca14230d8e28168b8791527,1,0.0,1783382303,False,0,0.0,,False,0.0,0.0,0.0,0.0,0.0,0.0,Unredeemed,,,,0.0,0.0,,True,True
Founder,FOUNDER,gWEMBY,0x1cca0855ea168426ffa62c4d514b296df11dec52,1,0.0,1783459337,True,1,75.0,1783459357.0,True,75.0,25.695402,0.0,1.0,17.9019705,0.0,Flipper,1783459727.0,0.10277777777777777,Grail,0.0,25.695402,,False,True
Founder,FOUNDER,,0x1d9faf63a5e721ff7f027e57c4223f7b46f1cfd6,1,0.0,1783535909,False,0,0.0,,False,0.0,0.0,0.0,0.0,0.0,0.0,Unredeemed,,,,0.0,0.0,,False,True
Founder,FOUNDER,,0x1f1f0397c672e73046d6a158d865dad3dfcbd963,1,0.0,1783568919,False,0,0.0,,False,0.0,0.0,0.0,0.0,0.0,0.0,Unredeemed,,,,0.0,0.0,,False,True
Founder,FOUNDER,"gPIKA,gWEMBY,gYAMAL",0x1f99e396ae474cb37435db195394f3b7e96cf9eb,1,0.0,1784757697,True,11,300.0,1784757737.0,True,654.7603382097193,158.08615899999998,0.07448185449744846,0.9255181455025515,64.09425265,4.7738588,Partial seller,1784777623.0,5.523888888888889,Grail,4.7738588,158.08615899999998,,False,True
Founder,FOUNDER,"gALLEN,gCOOP,gKAI,gVITALIK,gWEMBY",0x214de9af3c0c3e39838e05aa6ab09e6a9bfca289,1,0.0,1783402925,True,8,725.0,1783402975.0,True,150.0,30.642515,0.07669650710286106,0.923303492897139,353.76286385000003,27.132376,Partial seller,1783403017.0,0.011666666666666667,Grail,27.132376,30.642515,,False,True
Founder,FOUNDER,,0x23631b12402fe1b2404fccfab01557269b0df108,1,0.0,1783408023,False,0,0.0,,False,0.0,0.0,0.0,0.0,0.0,0.0,Unredeemed,,,,0.0,0.0,,False,True
Founder,FOUNDER,"gCHAR,gPIKA,gWEMBY,gYAMAL",0x2392591009f80b4582401e7540a1192aa8b917cc,1,0.0,1783379667,True,15,530.0,1786628271.0,False,1500.0,390.852605,1.0,0.0,93.63477926,93.63477926,Holder,1790780525.0,1153.4038888888888,0x API (Matcha/Rabby),5283.695451445715,390.852605,,False,True
Founder,FOUNDER,,0x27115772707bd193e9bdab58c117be884d22e346,1,0.0,1787840143,False,0,0.0,,False,0.0,0.0,0.0,0.0,0.0,0.0,Unredeemed,,,,0.0,0.0,,False,True
Founder,FOUNDER,gYAMAL,0x28c755811fc65de713d2338c0bc4267b95af76fc,1,0.0,1783385961,True,1,75.0,1783385989.0,True,75.0,19.825117,0.0,1.0,11.285196000000001,0.0,Flipper,1783386005.0,0.0044444444444444444,Grail,0.0,19.825117,,False,True
Founder,FOUNDER,gYAMAL,0x2987825a138dd8f31189bee2550dc34d284077b7,1,0.0,1783382725,True,1,42.0,1788120715.0,False,0.0,0.0,1.0,0.0,6.31970976,6.31970976,Holder,,,,19.59401718733917,0.0,,True,True
Founder,FOUNDER,,0x29bed086b7582a84dd1f290a37e9ea75fe7e8125,1,0.0,1783569733,False,0,0.0,,False,0.0,0.0,0.0,0.0,0.0,0.0,Unredeemed,,,,0.0,0.0,,False,True
Founder,FOUNDER,"gMBAPPE,gRONALDO,gSPEED",0x2be60b0fb138479f7333086cc2460620436a110e,1,0.0,1783383389,True,10,202.0,1783439623.0,False,0.0,0.0,1.0,0.0,115.6040427984,115.6040427984,Holder,,,,115.6040427984,0.0,,False,True
Founder,FOUNDER,"gWEMBY,gYAMAL",0x2d6210d50f3cfbd4ad08b0d77851bed6df6a0f00,1,0.0,1783436519,True,2,118.0,1783436555.0,True,75.0,19.776339,0.47630052579507104,0.523699474204929,21.54899242,10.26379642,Partial seller,1783436577.0,0.006111111111111111,Grail,10.26379642,19.776339,,False,True
Founder,FOUNDER,,0x2f28a76712d42086b9f2f56a5c76772690a31225,1,0.0,1783570087,False,0,0.0,,False,0.0,0.0,0.0,0.0,0.0,0.0,Unredeemed,,,,0.0,0.0,,False,True
Founder,FOUNDER,,0x2f442b0f45598d9ee1e5f02187b03e6504845986,1,0.0,1783568585,False,0,0.0,,False,0.0,0.0,0.0,0.0,0.0,0.0,Unredeemed,,,,0.0,0.0,,False,True
Founder,FOUNDER,gWEMBY,0x31955a2690f5fce5fb0f0f051419e46c4a43009d,1,0.0,1783385839,True,1,75.0,1783385905.0,True,75.0,26.578625,0.008614222840970645,0.9913857771590293,17.9019705,0.15421156317948267,Flipper,1783385915.0,0.002777777777777778,Grail,0.1542115631794814,26.578625,,True,True
Founder,FOUNDER,"gWEMBY,gYAMAL",0x319f28ff0b852292cda4a2bcd8a49e3dd2e0e678,1,0.0,1783569833,True,2,270.0,1790564175.0,False,43.0,12.508967,1.0,0.0,42.3911788,42.3911788,Holder,1790564215.0,0.011111111111111112,Grail,42.3911788,12.508967,,False,True
Founder,FOUNDER,"gCOOP,gYAMAL",0x35c878ff10587b16c55a781c538c2dd95346767d,1,0.0,1783409465,True,2,150.0,1783409505.0,True,0.0,0.0,1.1229469546093784e-14,0.9999999999999888,22.374065,2.5124888153982283e-13,Flipper,,,,2.5071139623725e-13,0.0,,False,True
Founder,FOUNDER,,0x3900a3b08165a18e423c5b9897f8399c49dd7972,1,0.0,1783568249,False,0,0.0,,False,0.0,0.0,0.0,0.0,0.0,0.0,Unredeemed,,,,0.0,0.0,,False,True
Founder,FOUNDER,"gALLEN,gCOOP,gKAI,gVITALIK",0x3ae3197be2385bf6295f7d19f03ab898d717fcfd,1,0.0,1783401559,True,7,675.0,1785870221.0,True,200.0,20.315376999999998,0.05953072624466696,0.9404692737553331,341.82821685,20.349282000000002,Partial seller,1785870269.0,0.013333333333333334,Grail,20.349282000000002,20.315376999999998,,False,True
Founder,FOUNDER,"gCHAR,gPIKA,gWEMBY",0x3d4f21e6b488bcf2104d2a80496a792521e31283,1,0.0,1787580463,True,7,235.0,1790613659.0,True,178.62099999999998,37.849241,0.6538811450330272,0.3461188549669728,49.70549065,32.50148314065043,Holder,1791109183.0,137.64555555555555,Grail,34.91376000463388,37.849241,,False,True
Founder,FOUNDER,gYAMAL,0x3e9e3d99a449fa3b1ca63aae2a7b9d11f689cf39,1,0.0,1783400345,True,1,75.0,1783400515.0,True,1590.9324994894087,372.77187699999996,3.0316490059097606e-15,0.999999999999997,11.285196000000001,3.421275323489681e-14,Flipper,1783436853.0,10.09388888888889,GMGN,6.208028974534587,372.77187699999996,,False,True
Founder,FOUNDER,"gCOOP,gJENSEN,gKAI,gVITALIK,gYAMAL",0x41bdc352898f8e5ed66842e0a9824628225817d7,1,0.0,1783382601,True,9,130444.99999999999,1783382639.0,True,228065.6727234522,766.0259640664278,0.0026568895152356362,0.9973431104847643,391.57096905000003,1.040360802139603,Flipper,1785884089.0,694.8472222222222,Grail,0.0,766.0259640664278,,False,True
Founder,FOUNDER,"gJENSEN,gPIKA,gVITALIK,gWEMBY,gYAMAL",0x424aba67e02b67475cc1acfbd780dbd3a244f706,1,0.0,1783383355,True,16,60479.99999999999,1783383385.0,True,549.4454213917977,583.090345,0.2740630132625291,0.725936986737471,389.56504575,106.7653703,Partial seller,1783383397.0,0.0033333333333333335,Grail,309.8536328572972,583.090345,,False,True
Founder,FOUNDER,"gWEMBY,gYAMAL",0x42e6217b03ecbb7b5ebb503af6ec0ed07ed8aaa6,1,0.0,1783568403,True,4,330.0,1790564827.0,False,0.0,0.0,1.0,0.0,73.47525060000001,73.47525060000001,Holder,,,,83.73904702,0.0,,False,True
Founder,FOUNDER,,0x4359d0c6224f8a6f5b4473640095f1ed343b0479,1,0.0,1788198811,False,0,0.0,,False,0.0,0.0,0.0,0.0,0.0,0.0,Unredeemed,,,,0.0,0.0,,False,True
Founder,FOUNDER,gKIRK,0x453bc807bd51a4f62401fc599583422a2404736a,1,0.0,1783378865,True,1,120.0,1788538401.0,True,206.1774511678829,174.223871,2.3684757858670006e-16,0.9999999999999998,138.57101400000002,3.282020912820372e-14,Flipper,1788538459.0,0.01611111111111111,Grail,0.0020511693059157405,174.223871,,True,True
Founder,FOUNDER,"gALLEN,gCHAR,gKIRK,gPIKA,gWEMBY,gYAMAL",0x4603fe6e2382da1bbfbb97e930d609524e3537d5,1,0.0,1783381607,True,22,11276.0,1788263147.0,True,12677.70538131143,6588.394614,0.7228219999129668,0.2771780000870332,2295.5230577400002,1659.2545674419557,Holder,1788276121.0,3.6038888888888887,Grail,145.42164604990157,6588.394614,,False,True
Founder,FOUNDER,,0x4768a13f05e7df1f3127769c041196320336d880,1,0.0,1783570169,False,0,0.0,,False,0.0,0.0,0.0,0.0,0.0,0.0,Unredeemed,,,,0.0,0.0,,False,True
Founder,FOUNDER,,0x48b6205565d0ccdac3c9c34a7b255ec55adde579,1,0.0,1783567823,False,0,0.0,,False,0.0,0.0,0.0,0.0,0.0,0.0,Unredeemed,,,,0.0,0.0,,False,True
Founder,FOUNDER,,0x48c457867ddefe44737307367f651ac9c0792048,1,0.0,1783569553,False,0,0.0,,False,0.0,0.0,0.0,0.0,0.0,0.0,Unredeemed,,,,0.0,0.0,,False,True
Founder,FOUNDER,"gCOOP,gWEMBY",0x4ddba3e9b3845cf08c17d8e3b210daeae6e0ca7d,1,0.0,1783409121,True,2,150.0,1783409173.0,True,0.0,0.0,1.8811924254208873e-14,0.9999999999999812,26.785248,5.038820565061997e-13,Flipper,,,,5.0388649041923e-13,0.0,,False,True
Founder,FOUNDER,"gCHAR,gPIKA,gYAMAL",0x4f234ea0b719d989caff43ffc46f5c292624d4d8,1,0.0,1783381079,True,4,250.0,1783425337.0,True,310.58,63.475537,1.279794347785577e-05,0.9999872020565221,38.6227265,0.0004942914707076821,Flipper,1783425375.0,0.010555555555555556,Grail,0.0,63.475537,,False,True
Founder,FOUNDER,"gALLEN,gCOOP,gELON,gJENSEN,gKAI,gVITALIK,gWEMBY",0x4f240578aabc8d80ecc6bffd17387d75640412a6,1,0.0,1783379785,True,10,30945.0,1785870547.0,True,30805.812471986745,461.80379845752935,0.24674996761829668,0.7532500323817033,921.9281115375001,227.48573166827555,Partial seller,1786203413.0,92.46277777777777,OKX Wallet,227.48573166827558,461.80379845752935,,True,True
Founder,FOUNDER,,0x587f88d58cc01ffdca4a618570c78da823d56dbc,1,0.0,1783395119,False,0,0.0,,False,0.0,0.0,0.0,0.0,0.0,0.0,Unredeemed,,,,0.0,0.0,,True,True
Founder,FOUNDER,"gCHAR,gPIKA,gWEMBY",0x5897c4414a49eb9d754eea66d776c9f51ecae7e2,1,0.0,1783381261,True,3,143.0,1783425955.0,True,965.3453115744726,234.661625,4.737684984827259e-16,0.9999999999999996,25.79880942,1.2222663201555406e-14,Flipper,1783959423.0,148.18555555555557,Grail,0.0006894820555547282,234.661625,,True,True
Founder,FOUNDER,"gKIRK,gVITALIK,gWEMBY,gYAMAL",0x5b899f5bd0ad9773ca7e7d73d787bb776f7c4d6e,1,0.0,1783406755,True,14,570.0,1788189623.0,True,492.03200000000004,224.53296400000002,0.0,1.0,389.27934400000004,0.0,Flipper,1788272743.0,23.08888888888889,Grail,0.001321596453673404,224.53296400000002,,False,True
Founder,FOUNDER,"gCOOP,gJENSEN,gKAI,gVITALIK,gWEMBY",0x5c357af017c471d950cc8915bd97e2ae8c989b92,1,0.0,1783382513,True,10,90505.0,1783382545.0,True,500345.7788130176,1866.9702577899573,0.008517843796534736,0.9914821562034652,457.19050165,3.894277278314057,Flipper,1784165845.0,217.58333333333334,Grail,0.0006935350508240483,1866.9702577899573,,False,True
Founder,FOUNDER,"gALLEN,gCOOP,gJENSEN,gSWIFT,gVITALIK,gWEMBY",0x5c425da5f5b89aeae5f33bbfed30ce30f62a3d6d,1,0.0,1783380057,True,9,160649.99999999997,1785870441.0,True,160681.65430899142,737.9539626941017,0.0,1.0,517.5914987,0.0,Flipper,1785870505.0,0.017777777777777778,OKX Wallet,0.0,737.9539626941017,,False,True
Founder,FOUNDER,"gALLEN,gCOOP,gWEMBY",0x5da41929367056e2b6099a7a3f4fb94b106a0d88,1,0.0,1783385805,True,4,600.0,1783385861.0,True,599.0,74.981291,0.0038105189648099695,0.99618948103519,65.852271,0.2509313275213056,Flipper,1783385889.0,0.0077777777777777776,Grail,0.25093132752130565,74.981291,,False,True
Founder,FOUNDER,"gKAI,gWEMBY,gYAMAL",0x5e3f408b76ef2befae784b968bde8be679fb285d,1,0.0,1783393985,True,12,415.0,1784051335.0,True,340.0,410.802953,0.09323799303925671,0.9067620069607433,379.6004374,35.39318294,Partial seller,1787584235.0,981.3611111111111,Grail,35.39318294,410.802953,,True,True
Founder,FOUNDER,,0x614d28c0f9b230bde602bd69449ccfbb178b5d21,1,0.0,1783568297,False,0,0.0,,False,0.0,0.0,0.0,0.0,0.0,0.0,Unredeemed,,,,0.0,0.0,,False,True
Founder,FOUNDER,"gKAI,gVITALIK,gWEMBY,gYAMAL",0x61ef23e677afd042b34605a9c08fc806ac974703,1,0.0,1783406805,True,6,245.0,1783406831.0,True,245.5,99.30251799999999,0.7615631432083465,0.2384368567916535,198.37866825,151.0778821379558,Holder,1787584209.0,1160.3827777777778,Grail,164.20599383795582,99.30251799999999,,True,True
Founder,FOUNDER,,0x62a2f5e9f3da9c3a1a63ed695c3c21057a067cf0,1,0.0,1784031695,False,0,0.0,,False,0.0,0.0,0.0,0.0,0.0,0.0,Unredeemed,,,,0.0,0.0,,False,True
Founder,FOUNDER,gYAMAL,0x6496155a2f4a42d1cac1d98ff5d4cacd33e41622,1,0.0,1783524199,True,1,75.0,1787584579.0,True,553.0,94.130177,0.0,1.0,11.285196000000001,0.0,Flipper,1790629129.0,845.7083333333334,Grail,0.0,94.130177,,False,True
Founder,FOUNDER,gYAMAL,0x65e51a6f396599558e647d7e4d8e6e6ca6ee4a9b,1,0.0,1783394571,True,1,250.0,1783394605.0,True,250.0,51.226523,0.0,1.0,37.61732,0.0,Flipper,1787376453.0,1106.068888888889,Other / Unknown,0.0,51.226523,,False,True
Founder,FOUNDER,gWEMBY,0x6a10d50c1b25e6eea5c9a2153a2f111199c1cd4e,1,0.0,1783645373,True,1,100.0,1783645395.0,True,100.0,26.379268,0.0,1.0,23.869294,0.0,Flipper,1783645433.0,0.010555555555555556,Grail,0.0,26.379268,,False,True
Founder,FOUNDER,,0x6b594c80de240404fc8b798ba1736102e76c5984,1,0.0,1783570197,False,0,0.0,,False,0.0,0.0,0.0,0.0,0.0,0.0,Unredeemed,,,,0.0,0.0,,False,True
Founder,FOUNDER,gKIRK,0x6bd032e99440eb400bb783a162869e07cb377dd4,1,0.0,1783382665,True,2,240.0,1784585049.0,True,120.0,26.30359,0.5,0.5,277.14202800000004,138.57101400000002,Holder,1784585517.0,0.13,Grail,138.57101400000002,26.30359,,False,True
Founder,FOUNDER,"gELON,gPIKA,gVITALIK,gWEMBY,gYAMAL",0x6cce35430fff6d0b20d4b73fce864e7a5be57471,1,0.0,1783384931,True,14,615.0,1785879981.0,True,590.5,579.1796059999999,0.08291948707723497,0.917080512922765,633.78605994375,52.55321500723745,Partial seller,1785880013.0,0.008888888888888889,Grail,115.65947637101247,579.1796059999999,,False,True
Founder,FOUNDER,"gCHAR,gKIRK,gMBAPPE,gPIKA,gRONALDO,gWEMBY",0x7313ce5bb2482bbf57420221e8c6efc72b4a3ede,1,0.0,1783384263,True,21,740.0,1786085833.0,True,740.0,162.37974,1.1816856194944232e-17,1.0,287.0501795,3.392030691884429e-15,Flipper,1786085933.0,0.027777777777777776,Grail,0.0023725977008352797,162.37974,,False,True
Founder,FOUNDER,,0x739ed8fa0036d3ae2a5bed0585ebbab31cceddce,1,0.0,1783395983,False,0,0.0,,False,0.0,0.0,0.0,0.0,0.0,0.0,Unredeemed,,,,0.0,0.0,,False,True
Founder,FOUNDER,gWEMBY,0x73a555c4b3e139f7282251c6dc4f86e0f89ddcfc,1,0.0,1789608335,True,1,75.0,1789608357.0,False,0.0,0.0,1.0,0.0,17.9019705,17.9019705,Holder,,,,22.6758293,0.0,,False,True
Founder,FOUNDER,"gKAI,gVITALIK",0x75dc757da6c46fe5514c210f354b849cad6018b9,1,0.0,1783408681,True,3,155.0,1787584723.0,True,155.0,206.880674,0.0,1.0,268.39488065,0.0,Flipper,1787584841.0,0.03277777777777778,Grail,0.0,206.880674,,False,True
Founder,FOUNDER,"gELON,gWEMBY,gYAMAL",0x7695d6078c0bb810eb1be45e13f3d58bff903d2c,1,0.0,1783387371,True,7,380.0,1789230129.0,True,380.0,213.323034,0.0,1.0,433.3241122925,0.0,Flipper,1789230235.0,0.029444444444444443,Grail,0.0,213.323034,,False,True
Founder,FOUNDER,,0x77ad0d6e27eacb4f54df32bcb1b7b8f779bcb5f1,1,0.0,1783379989,False,0,0.0,,False,0.0,0.0,0.0,0.0,0.0,0.0,Unredeemed,,,,0.0,0.0,,False,True
Founder,FOUNDER,gWEMBY,0x79afc144ff81d9bea860183226c437c81d844baa,1,0.0,1783405301,True,1,100.0,1784047769.0,True,169.11109405506588,48.391152,0.0,1.0,23.869294,0.0,Flipper,1784128445.0,22.41,Grail,8.62593301692796e-05,48.391152,,False,True
Founder,FOUNDER,"gALLEN,gCHAR,gPIKA,gWEMBY,gYAMAL",0x7b2adeee812f2fde59a60ccd958226d1c9c82694,1,0.0,1783379269,True,80,1740.0,1786483169.0,True,3333.848398341963,615.0228290000001,2.590911263218227e-16,0.9999999999999998,268.5406625,6.957650271033345e-14,Flipper,1786483385.0,0.06,Grail,0.0001486685157161034,615.0228290000001,,True,True
Founder,FOUNDER,,0x7ca0e79e843fb4827b19c9edef327b2d3db557fb,1,0.0,1783408937,False,0,0.0,,False,0.0,0.0,0.0,0.0,0.0,0.0,Unredeemed,,,,0.0,0.0,,True,True
Founder,FOUNDER,,0x7ee5f26c3001c0031e96bfc146b4138a24c3f50a,1,0.0,1783381407,False,0,0.0,,False,0.0,0.0,0.0,0.0,0.0,0.0,Unredeemed,,,,0.0,0.0,,False,True
Founder,FOUNDER,gKIRK,0x7f0d0db7fde96ae1f82ec4e8c0ac9001520cf6e0,1,0.0,1783379333,True,1,120.0,1788538949.0,True,120.0,99.805995,0.6990883819822288,0.3009116180177712,138.57101400000002,96.87338596689679,Holder,1788538971.0,0.006111111111111111,Grail,96.87338596689679,99.805995,,False,True
Founder,FOUNDER,"gALLEN,gCOOP,gKAI,gVITALIK,gWEMBY",0x7f1d46e0803708586c2faac85310a449a89fc596,1,0.0,1783379315,True,8,735.0,1783380453.0,True,823.4331828156322,370.43502,0.0,1.0,302.79679245,0.0,Flipper,1783659859.0,77.61277777777778,OKX Wallet,0.00017422837126621424,370.43502,,False,True
Founder,FOUNDER,"gCOOP,gELON,gVITALIK,gWEMBY,gYAMAL",0x8011e95d9b67844127807b20ec6124a23fdcf34c,1,0.0,1783385653,True,16,680.0,1785880173.0,True,316.975,282.554901,0.11118391934767614,0.8888160806523239,707.5608312925,78.66938640000001,Partial seller,1785880193.0,0.005555555555555556,Grail,395.5529702480987,282.554901,,False,True
Founder,FOUNDER,,0x817e58ff9043772ee4a23d29cfe942c40bfe0ab7,1,0.0,1783431001,False,0,0.0,,False,0.0,0.0,0.0,0.0,0.0,0.0,Unredeemed,,,,0.0,0.0,,False,True
Founder,FOUNDER,,0x82e46ea8cb2e740898d866de956b989a44e6000f,1,0.0,1783568121,False,0,0.0,,False,0.0,0.0,0.0,0.0,0.0,0.0,Unredeemed,,,,0.0,0.0,,False,True
Founder,FOUNDER,"gCHAR,gCOOP,gKAI,gPIKA,gSPEED,gVLAD,gWEMBY,gYAMAL",0x83a7a0f0d724e22cfe8463b41c1d959baca13c88,1,0.0,1783438683,True,22,40708.0,1787543529.0,False,0.0,0.0,1.0,0.0,310.8595553476,310.8595553476,Holder,,,,30863.79550223195,0.0,,False,True
Founder,FOUNDER,"gCOOP,gELON,gKAI,gVITALIK,gYAMAL",0x84125eee20d26781c216140e7c1cabc535d3b8b5,1,0.0,1783393495,True,6,445.0,1783393527.0,True,445.0,413.56443,0.0,1.0,711.57102204,0.0,Flipper,1783394493.0,0.2683333333333333,Grail,0.0,413.56443,,False,True
Founder,FOUNDER,"gCHAR,gPIKA,gWEMBY,gYAMAL",0x87a14ff88796b2182959c2783a50ef55870d0a5d,1,0.0,1784757601,True,10,305.0,1784757657.0,True,544.0745924474464,101.919186,0.5882508709883663,0.41174912901163374,55.4768604,32.634311450000006,Holder,1790308187.0,1541.8138888888889,Grail,103.66450383400928,101.919186,,False,True
Founder,FOUNDER,"gCHAR,gCOOP,gELON,gPIKA,gWEMBY,gYAMAL",0x8d63d43e2c8279d6ae5790429bc3d480f850ce73,1,0.0,1783385723,True,17,775.0,1783386217.0,True,2356.2670714667443,921.04244,0.017979082058228773,0.9820209179417713,493.2866703725,8.868841524857626,Flipper,1784608467.0,339.5138888888889,Grail,16.910816837265877,921.04244,,False,True
Founder,FOUNDER,gYAMAL,0x8defe0fb8b33690e30c18506a05f9dcc94200f2b,1,0.0,1783401517,True,1,75.0,1783401543.0,True,75.0,20.046445,0.0,1.0,11.285196000000001,0.0,Flipper,1783401561.0,0.005,Grail,0.0,20.046445,,False,True
Founder,FOUNDER,gWEMBY,0x8e4563d0d7d178de8d8bca8ea005b65a9defa7c7,1,0.0,1789430319,True,1,75.0,1789430355.0,False,0.0,0.0,1.0,0.0,17.9019705,17.9019705,Holder,,,,17.9019705,0.0,,False,True
Founder,FOUNDER,"gCOOP,gWEMBY",0x91ef2eaa17cddfe1b80369dea2edefc15b43ee94,1,0.0,1783408089,True,2,350.0,1783408319.0,True,258.699,75.267899,2.548657853844107e-16,0.9999999999999998,74.523836,1.8993575991999022e-14,Flipper,1785870493.0,683.9372222222222,Grail,1.848231547455e-14,75.267899,,False,True
Founder,FOUNDER,,0x95d09928249db1a107b414598ae3451b7e61f5ea,1,0.0,1783382809,False,0,0.0,,False,0.0,0.0,0.0,0.0,0.0,0.0,Unredeemed,,,,0.0,0.0,,False,True
Founder,FOUNDER,"gCOOP,gWEMBY",0x984332f81679556cad592e5b6ece39157be4d77f,1,0.0,1783386351,True,2,200.0,1783829431.0,True,100.0,13.755326,0.6164607109600891,0.38353928903991086,38.719895,23.869294,Holder,1785886743.0,571.4755555555555,Grail,23.869294,13.755326,,False,True
Founder,FOUNDER,gWEMBY,0x993393b71650f464211131b270dc76119fa37931,1,0.0,1783484471,True,1,75.0,1783484523.0,True,75.0,19.866751,0.0,1.0,17.9019705,0.0,Flipper,1783716167.0,64.34555555555555,OKX Wallet,0.0,19.866751,,False,True
Founder,FOUNDER,,0x9a9fc28b68d6a2dab7c6791f34f5cbc96567f3b9,1,0.0,1783461161,False,0,0.0,,False,0.0,0.0,0.0,0.0,0.0,0.0,Unredeemed,,,,0.0,0.0,,False,True
Founder,FOUNDER,"gCHAR,gELON,gPIKA",0x9ae6b57c7d70bce7c8ada556d41f6e13c0799f45,1,0.0,1783380521,True,9,445.0,1783609359.0,True,1283.334626913068,625.488371,0.0,1.0,674.5899805375,0.0,Flipper,1783695725.0,23.990555555555556,Grail,16.504859806253013,625.488371,,False,True
Founder,FOUNDER,"gALLEN,gELON",0x9b2515a0aa5e5cfbeebd50b2c6c0cbafb3fe77e7,1,0.0,1783379315,True,3,700.0,1786981517.0,True,100.0,243.182561,0.13644638257226482,0.8635536174277352,298.275140995,40.698564000000005,Partial seller,1790093073.0,864.3211111111111,Bots / Direct,40.698564000000005,243.182561,,False,True
Founder,FOUNDER,"gALLEN,gCOOP,gKAI,gVITALIK,gYAMAL",0x9b2fd05649a0ee0d91094bc08b92a3b60298692e,1,0.0,1783401729,True,8,745.0,1783403091.0,True,150.0,27.002919,0.07125060568592928,0.9287493943140708,380.80204005,27.132376,Partial seller,1783403137.0,0.012777777777777779,Grail,27.132561738181717,27.002919,,False,True
Founder,FOUNDER,,0x9beadc1297f97fff916a487e49dea1004510c59e,1,0.0,1783408371,False,0,0.0,,False,0.0,0.0,0.0,0.0,0.0,0.0,Unredeemed,,,,0.0,0.0,,False,True
Founder,FOUNDER,gYAMAL,0x9f39b0f516269a577c666d8251466e022ce54470,1,0.0,1783480269,True,1,100.0,1784861885.0,True,3997.625743052757,851.461823,0.0,1.0,15.046928000000001,0.0,Flipper,1785282099.0,116.72611111111111,Grail,0.0025430074106909824,851.461823,,False,True
Founder,FOUNDER,"gALLEN,gCOOP,gKAI,gVITALIK,gWEMBY",0x9f73e6579f9e13b0da069d460fe021c77b27436e,1,0.0,1783404947,True,8,685.0,1783493427.0,True,100.0,13.348223,0.13431456657778015,0.8656854334222198,290.86214545,39.067023,Partial seller,1785870291.0,660.24,Grail,39.067023,13.348223,,False,True
Founder,FOUNDER,gYAMAL,0x9ff21445e728af4f3134b57f496e7f4dd8013e48,1,0.0,1783400919,True,1,30.0,1788563941.0,False,40.0,7.560158,1.0,0.0,4.514078400000001,4.514078400000001,Holder,1788564007.0,0.018333333333333333,Grail,0.9161462929015187,7.560158,,False,True
Founder,FOUNDER,gYAMAL,0xa02969462a47298bc8f6ccfb44ebc0c662a712e6,1,0.0,1790953365,True,1,75.0,1790953895.0,True,75.0,12.568248,0.0,1.0,11.285196000000001,0.0,Flipper,1790953945.0,0.013888888888888888,Grail,3.3618004984205516,12.568248,,False,True
Founder,FOUNDER,,0xa358fc7b2732e62588e892040de4df34df401958,1,0.0,1783441639,False,0,0.0,,False,0.0,0.0,0.0,0.0,0.0,0.0,Unredeemed,,,,0.0,0.0,,False,True
Founder,FOUNDER,"gPIKA,gWEMBY,gYAMAL",0xa4317a6bfa52fd81ba471c4eccaa2d586e3d4608,1,0.0,1783382383,True,5,345.0,1783382407.0,True,208.76695,55.466956,0.3872934559414083,0.6127065440585917,55.426229750000005,21.46621606968,Partial seller,1783382435.0,0.0077777777777777776,Grail,24.090721763314477,55.466956,,False,True
Founder,FOUNDER,"gALLEN,gCOOP,gELON,gKAI,gKIRK,gMBAPPE,gVITALIK,gWEMBY",0xa84f8eac13b6bd3756fc6a2cd6edaff2e7197444,1,0.0,1783381647,True,9,875.0,1785900113.0,True,864.8805150288783,255.85871,0.08542944903252363,0.9145705509674764,564.704171645,48.242366249999996,Partial seller,1785900133.0,0.005555555555555556,Grail,106.53037555552355,255.85871,,False,True
Founder,FOUNDER,"gALLEN,gCOOP,gKAI,gVITALIK,gWEMBY",0xaa58e52bcecd1e3805a7ca799f14f06307f0927a,1,0.0,1783381783,True,5,405.0,1783381835.0,True,405.0,134.246812,0.0,1.0,151.49452065,0.0,Flipper,1785870351.0,691.2544444444444,OKX Wallet,0.0,134.246812,,False,True
Founder,FOUNDER,"gCOOP,gELON,gKAI,gVITALIK,gYAMAL",0xaab1dc6c5e63ad528f7d510f11f7191dbcd6552b,1,0.0,1783385321,True,6,535.0,1785880079.0,True,455.0,404.72215200000005,0.13927488516012335,0.8607251148398767,903.2600289375,125.8014368,Partial seller,1785880105.0,0.007222222222222222,Grail,125.8014368,404.72215200000005,,False,True
Founder,FOUNDER,gWEMBY,0xac3938e7f24cafe7f9118dafbf2f53063c082a18,1,0.0,1783386561,True,1,75.0,1783906485.0,False,0.0,0.0,1.0,0.0,17.9019705,17.9019705,Holder,,,,34.69791432252707,0.0,,False,True
Founder,FOUNDER,"gWEMBY,gYAMAL",0xac4961dbd7d5eeef93e42a6e4134b37bde16d9e3,1,0.0,1783384811,True,11,325.0,1784801641.0,True,582.9558145593592,156.68742799999998,0.0,1.0,57.72488200000001,0.0,Flipper,1787567315.0,768.2427777777777,Grail,0.0,156.68742799999998,,False,True
Founder,FOUNDER,"gALLEN,gCOOP,gJENSEN,gVITALIK,gWEMBY",0xae4b59fbd28eeae34f9f350c39153806e694b76e,1,0.0,1783401283,True,9,100869.99999999999,1785870221.0,True,100.0,16.942933,0.13736807188865582,0.8626319281113441,383.1546172,52.633211,Partial seller,1786033477.0,45.34888888888889,Grail,52.633211,16.942933,,False,True
Founder,FOUNDER,,0xaf2471e1d36d6356da6233adedb322a57fd04367,1,0.0,1783570149,False,0,0.0,,False,0.0,0.0,0.0,0.0,0.0,0.0,Unredeemed,,,,0.0,0.0,,False,True
Founder,FOUNDER,,0xb0b667ac91133709828cd174d9ef60a6194ba080,1,0.0,1788869891,False,0,0.0,,False,0.0,0.0,0.0,0.0,0.0,0.0,Unredeemed,,,,0.0,0.0,,False,True
Founder,FOUNDER,"gWEMBY,gYAMAL",0xb0d1f1a39166977d5d9c846803dd114f86397b16,1,0.0,1783381729,True,5,130.0,1788461495.0,True,197.0,43.491924999999995,0.0,1.0,23.0899528,0.0,Flipper,1788461949.0,0.12611111111111112,Grail,0.0,43.491924999999995,,False,True
Founder,FOUNDER,"gPIKA,gWEMBY,gYAMAL",0xb15d23c1380b60ecadb569403338b89b99213ee6,1,0.0,1783466723,True,10,295.0,1783466767.0,False,0.0,0.0,1.0,0.0,65.54749775,65.54749775,Holder,,,,73.95319835,0.0,,False,True
Founder,FOUNDER,gYAMAL,0xb5521a923e0ae9534a471c51881ec8bbaa511d3e,1,0.0,1783400629,True,1,75.0,1783400659.0,True,604.0969460279792,132.857418,0.0,1.0,11.285196000000001,0.0,Flipper,1783844787.0,123.36888888888889,GMGN,0.0,132.857418,,False,True
Founder,FOUNDER,gWEMBY,0xb687fa8e5e1db62ef56d9e19eb09f3b7dd8d2519,1,0.0,1783382959,True,1,50.0,1783382989.0,True,50.0,17.914074,1.1368683772161603e-15,0.9999999999999989,11.934647,1.3568122767537715e-14,Flipper,1783384225.0,0.3433333333333333,OKX Wallet,0.0,17.914074,,True,True
Founder,FOUNDER,"gCOOP,gKAI,gKIRK,gVITALIK,gVLAD,gWEMBY",0xb6bd8add47d3b1679df9a63286d4636dac7448b0,1,0.0,1783379519,True,9,25534.999999999996,1783379555.0,True,3945685.038229771,3277.668283664242,3.357178531240034e-18,1.0,525.48345685,1.764141779858619e-15,Flipper,1784225117.0,234.87833333333333,Fomo,0.0010600526609198127,3277.668283664242,,False,True
Founder,FOUNDER,gYAMAL,0xb8717d2583dbdcf4e9381475a580f55127d6d5ba,1,0.0,1783397887,True,2,280.0,1783397917.0,False,0.0,0.0,1.0,0.0,42.1313984,42.1313984,Holder,,,,4.5140784000002006,0.0,,False,True
Founder,FOUNDER,"gCOOP,gKAI,gPIKA,gVLAD,gWEMBY,gYAMAL",0xb8b60d295e7b69ea01df49e24a268da0692cbedf,1,0.0,1783390239,True,14,25609.999999999996,1785832733.0,True,2032844.264777446,14436.785238374901,0.06781453834669839,0.9321854616533016,178.7683039,12.123090000000781,Partial seller,1785870823.0,10.580555555555556,Grail,19673.008629144282,14436.785238374901,,False,True
Founder,FOUNDER,"gPIKA,gWEMBY,gYAMAL",0xb8d5da4e2afb4e6c7ab0f5576b4a7a3473379741,1,0.0,1783438455,True,9,272.0,1788896045.0,False,4000.0,1130.5040060000001,1.0,0.0,46.191827260000004,46.191827260000004,Holder,1789495755.0,166.5861111111111,Grail,3657.7071506539596,1130.5040060000001,,True,True
Founder,FOUNDER,,0xb979b4c6b2eacd8e35f68fa83a8a3e39d83fa842,1,0.0,1783567751,False,0,0.0,,False,0.0,0.0,0.0,0.0,0.0,0.0,Unredeemed,,,,0.0,0.0,,False,True
Founder,FOUNDER,gYAMAL,0xbaffe7325f708d8b10e3bd0b6de95193bf2b9f9f,1,0.0,1783568527,True,1,250.0,1790562431.0,False,0.0,0.0,1.0,0.0,37.61732,37.61732,Holder,,,,37.617320000000205,0.0,,False,True
Founder,FOUNDER,"gALLEN,gKAI,gVITALIK,gWEMBY",0xbbb489c5804e5f0d7c78dee0c1ffebf6eafe23c6,1,0.0,1783384129,True,6,545.0,1783384149.0,True,3763.734638499424,1139.917581,0.06373589375202039,0.9362641062479796,213.11082605000001,13.582808966528102,Partial seller,1783690345.0,85.05444444444444,Grail,920.3085497058141,1139.917581,,False,True
Founder,FOUNDER,"gCOOP,gKAI,gKIRK,gPIKA,gVITALIK,gWEMBY,gYAMAL",0xbe6cef7632a5fce88ba629ef57b7e1d26ae03865,1,0.0,1783380547,True,9,470.0,1788191927.0,False,0.0,0.0,1.0,0.0,297.4205374,297.4205374,Holder,,,,481.7388662,0.0,,False,True
Founder,FOUNDER,"gCOOP,gELON,gKAI,gSWIFT,gVITALIK,gYAMAL",0xbec2c1ca116a832f4ddab165000610ee850fd338,1,0.0,1783379307,True,8,660.0,1783379357.0,True,854.1544818288991,955.972263,0.0038241072438695064,0.9961758927561305,913.07299229,3.491689043997795,Flipper,1783430509.0,14.20888888888889,OKX Wallet,3.4916890439978028,955.972263,,False,True
Founder,FOUNDER,"gWEMBY,gYAMAL",0xc0a7b5d19f06890828b2887b456f47962b9529a9,1,0.0,1783398265,True,2,50.0,1790193783.0,False,0.0,0.0,1.0,0.0,9.287937200000002,9.287937200000002,Holder,,,,59.42249969289641,0.0,,False,True
Founder,FOUNDER,"gALLEN,gWEMBY",0xc4517c6648898aa73062890c6a721cd88a6a7313,1,0.0,1783398249,True,3,240.0,1786983943.0,True,276.2987665638146,36.520855,0.0,1.0,23.113905600000002,0.0,Flipper,1788177265.0,331.47833333333335,Grail,0.0,36.520855,,False,True
Founder,FOUNDER,"gWEMBY,gYAMAL",0xc55d35af6a5ff6299ef3fb8632bbac6cce17dc8b,1,0.0,1783567369,True,4,310.0,1790561519.0,True,352.0,69.301004,0.0,1.0,51.9388964,0.0,Flipper,1790561677.0,0.04388888888888889,Grail,0.0,69.301004,,False,True
Founder,FOUNDER,"gALLEN,gPIKA,gYAMAL",0xc6eaacaa6de1b7c98ff558da46e0bbd62a333885,1,0.0,1783385629,True,3,305.0,1783386241.0,True,299.0095507916402,38.655041,0.05201806804695473,0.9479819319530453,29.362538750000002,1.5273825387288453,Partial seller,1783386257.0,0.0044444444444444444,Grail,1.5290966997484907,38.655041,,False,True
Founder,FOUNDER,"gKAI,gVITALIK,gWEMBY",0xc6fac2424e017e1b789651a82018d2cc8623653f,1,0.0,1786981301,True,5,225.0,1787574193.0,True,175.1266849056986,220.57181500000002,0.03827907925870106,0.9617209207412989,311.77988685,11.934647,Flipper,1787584233.0,2.7888888888888888,Bots / Direct,11.934647,220.57181500000002,,False,True
Founder,FOUNDER,gWEMBY,0xc906bc091aaa6c6ff1af0167b7cae6248f6d7847,1,0.0,1783570071,True,4,310.0,1790563689.0,True,353.0,103.934363,0.0,1.0,73.9948114,0.0,Flipper,1790563891.0,0.05611111111111111,Grail,0.0,103.934363,,False,True
Founder,FOUNDER,"gALLEN,gCOOP,gKAI,gVITALIK,gYAMAL",0xc9174488d99af3e5c6f22caf7f03ef0080b26824,1,0.0,1783403075,True,8,765.0,1784617873.0,True,150.0,26.805304,0.06581496202171588,0.9341850379782841,412.25239925,27.132376,Partial seller,1784617889.0,0.0044444444444444444,Grail,27.132376,26.805304,,False,True
Founder,FOUNDER,"gCOOP,gMBAPPE,gRONALDO,gVITALIK,gVLAD,gWEMBY,gYAMAL",0xc9f19bce748444ec3d9ebf764c4bbc4e799f2a28,1,0.0,1783383377,True,16,25969.999999999996,1788189571.0,True,26116.96839692975,392.6497399888768,0.0019996291543003713,0.9980003708456996,424.161316,0.8481653336000126,Flipper,1788189689.0,0.03277777777777778,1inch,2.299086865041479,392.6497399888768,,False,True
Founder,FOUNDER,"gELON,gVITALIK,gWEMBY,gYAMAL",0xcbbcdc02613148258f1e39294517b4fdfd15b7c6,1,0.0,1783385699,True,13,490.0,1785880363.0,True,378.709,187.197497,0.8088983621636803,0.19110163783631973,507.63991689249997,410.62909734325,Holder,1785880403.0,0.011111111111111112,Grail,424.3011167613321,187.197497,,False,True
Founder,FOUNDER,"gCHAR,gWEMBY,gYAMAL",0xcd70f2e90a979338476447021e4879935dd5555a,1,0.0,1783382429,True,9,272.0,1789747629.0,False,1211.799,264.31642899999997,1.0,0.0,46.73838526,46.73838526,Holder,1790605057.0,238.17444444444445,Grail,188.8208661603304,264.31642899999997,,False,True
Founder,FOUNDER,gWEMBY,0xd0ab8fb0876d6983390ffc539f3fbb3dd430bf82,1,0.0,1783381801,True,1,20.0,1790089965.0,True,19.866,7.135016,0.0,1.0,4.7738588,0.0,Flipper,1790532577.0,122.94777777777777,Other / Unknown,0.03198485396000008,7.135016,,False,True
Founder,FOUNDER,,0xd1c8e3f7ef2509d38b2d868d069a8498994a0308,1,0.0,1783569271,False,0,0.0,,False,0.0,0.0,0.0,0.0,0.0,0.0,Unredeemed,,,,0.0,0.0,,False,True
Founder,FOUNDER,"gELON,gKAI",0xd60b8d278a98e068eaf3508e95cf1b0089961288,1,0.0,1783379511,True,2,310.0,1787584261.0,True,310.1895,566.011315,0.0010019214457125667,0.9989980785542875,836.9109074875,0.8385189863624921,Flipper,1787584383.0,0.03388888888888889,Fomo,0.8385189863624921,566.011315,,False,True
Founder,FOUNDER,"gALLEN,gCOOP,gJENSEN,gKAI,gVITALIK,gVLAD,gYAMAL",0xdd3014109ecb84d7b5ee26052b5489084b58123e,1,0.0,1783383311,True,14,115765.0,1783383577.0,True,5676733.368126763,4939.29403266673,0.6334696290880971,0.3665303709119029,538.64727425,341.21668902846204,Holder,1783383631.0,0.015,OKX Wallet,852.4474775139585,4939.29403266673,,True,True
Founder,FOUNDER,"gALLEN,gCOOP,gKAI,gVITALIK,gWEMBY",0xe095ba55a62cd627eb9db0c93e65b77e07fce073,1,0.0,1783388461,True,7,685.0,1783388655.0,True,150.0,31.740844,0.09328259598038387,0.9067174040196161,290.86214545,27.132376,Partial seller,1783388669.0,0.0038888888888888888,Grail,27.132376,31.740844,,False,True
Founder,FOUNDER,"gCHAR,gCOOP,gELON,gPIKA,gWEMBY,gYAMAL",0xe21f548b8910846aabaa062fa7c9821e64de9cb1,1,0.0,1783383245,True,15,608.0,1785913999.0,True,506.9625,206.06179600000002,0.03628118729288665,0.9637188127071133,409.31959806375,14.850601,Flipper,1785914645.0,0.17944444444444443,Grail,15.79237843285937,206.06179600000002,,False,True
Founder,FOUNDER,"gPIKA,gWEMBY,gYAMAL",0xe2a8f2b1508db783cbd8e85057181b9ec1219dec,1,0.0,1783379385,True,4,95.0,1788461269.0,True,72.11072806785978,15.132905,0.2104066898311953,0.7895933101688047,17.80890975,3.74711375,Partial seller,1790958943.0,693.7983333333333,Grail,3.7474109385398364,15.132905,,False,True
Founder,FOUNDER,"gCHAR,gPIKA,gVITALIK,gWEMBY,gYAMAL",0xe7b696dcb50c12c9d107a9d2f99ee35cfbdc7260,1,0.0,1783413697,True,15,466.0,1783414223.0,True,10557.570025250296,1698.17747,0.7978909157546746,0.20210908424532537,143.86908094,114.79183274,Holder,1783713021.0,82.99944444444445,Grail,813.7469315240885,1698.17747,,False,True
Founder,FOUNDER,,0xe86a744d629c18517268e777368f41aeb0756a6a,1,0.0,1788198991,False,0,0.0,,False,0.0,0.0,0.0,0.0,0.0,0.0,Unredeemed,,,,0.0,0.0,,False,True
Founder,FOUNDER,gKIRK,0xeb3c20a9fd5574f7a3c633f6b47ea4b2411b3320,1,0.0,1783380101,True,1,120.0,1788537617.0,True,120.0,141.049017,0.0,1.0,138.57101400000002,0.0,Flipper,1788537641.0,0.006666666666666667,Grail,0.0,141.049017,,False,True
Founder,FOUNDER,,0xec9e512fe7e90134d8ca7295329ccb0a57c91ecb,1,0.0,1783388077,False,0,0.0,,False,0.0,0.0,0.0,0.0,0.0,0.0,Unredeemed,,,,0.0,0.0,,False,True
Founder,FOUNDER,gWEMBY,0xede0807a5b14e7dc285624a6ea1aedaa4455a17b,1,0.0,1783435449,True,1,75.0,1783435491.0,False,0.0,0.0,0.9999999999999968,3.219646771412954e-15,17.9019705,17.901970499999944,Holder,,,,17.9019705,0.0,,False,True
Founder,FOUNDER,"gALLEN,gELON,gVITALIK,gWEMBY,gYAMAL",0xef17179557b3e2932807d0fecab6bbfcf0dcfc8b,1,0.0,1783386197,True,16,820.0,1783420023.0,True,980.3158032362373,534.791751,2.0761144260984829e-16,0.9999999999999998,705.2372966925,1.464153325485995e-13,Flipper,1783420051.0,0.0077777777777777776,Grail,0.0028268335075310744,534.791751,,False,True
Founder,FOUNDER,"gPIKA,gWEMBY,gYAMAL",0xef7387af4197cb20ad7b65705b30132c1f01b54c,1,0.0,1783383181,True,11,340.0,1783383211.0,True,361.0567999189265,89.20416599999999,0.0,1.0,63.05513105,0.0,Flipper,1783383981.0,0.21388888888888888,Grail,0.0,89.20416599999999,,False,True
Founder,FOUNDER,,0xf0a7799eeaef88a082aec91d80c3652bb0a3f001,1,0.0,1783568207,False,0,0.0,,False,0.0,0.0,0.0,0.0,0.0,0.0,Unredeemed,,,,0.0,0.0,,False,True
Founder,FOUNDER,"gWEMBY,gYAMAL",0xf27436dda169f733838b839b782b493cc287a6ff,1,0.0,1783914849,True,2,130.0,1783948309.0,True,130.0,33.149854,1.1950766963422674e-16,0.9999999999999999,28.3833724,3.392030691884429e-15,Flipper,1783948337.0,0.0077777777777777776,Grail,8.600277694341421e-05,33.149854,,False,True
Founder,FOUNDER,"gALLEN,gCHAR,gCOOP,gELON,gKAI,gKIRK,gPIKA,gSWIFT,gVITALIK,gWEMBY,gYAMAL",0xf27c10488b579e5bcd6ec8cc2922315c2d799c6f,1,0.0,1783382809,True,32,2670.0,1783658429.0,True,7958.751451729267,4107.078613,0.5401983181982121,0.45980168180178793,2411.79779049,1302.8491102568619,Holder,1783658449.0,0.005555555555555556,Grail,4202.124587631473,4107.078613,,False,True
Founder,FOUNDER,"gALLEN,gCOOP,gPIKA,gWEMBY,gYAMAL",0xf49ce99ad91f9c7ece36970d799c8d8d9c4cfcf2,1,0.0,1783383055,True,13,615.0,1785879853.0,True,803.9322069796029,148.942139,0.0,1.0,81.09341355000001,0.0,Flipper,1789737403.0,1071.5416666666667,Grail,1.785292074060252e-05,148.942139,,False,True
Founder,FOUNDER,"gCHAR,gVLAD,gWEMBY,gYAMAL",0xf687bbb975953e8c8198bbc264f5380545f867ea,1,0.0,1783438925,True,13,40300.0,1784758747.0,True,28060.0,32.99306600101933,0.8773548439428308,0.12264515605716919,87.5793439,76.8381616,Holder,1788463001.0,1028.9594444444444,Fomo,380.94260134587006,32.99306600101933,,True,True
Founder,FOUNDER,"gKIRK,gSWIFT",0xf6b48ed91717471a0f9cbf5dad071d77fe62d12f,1,0.0,1783379269,True,3,290.0,1783677119.0,True,290.0,192.06312200000002,0.0,1.0,274.9251529,0.0,Flipper,1783677133.0,0.0038888888888888888,Grail,0.0,192.06312200000002,,False,True
Founder,FOUNDER,"gALLEN,gELON,gKAI,gPIKA,gSWIFT,gVITALIK,gWEMBY,gYAMAL",0xf7915670cd3a9c5f3fd69994a0955f275f6020d6,1,0.0,1783428315,True,18,1035.0,1783680173.0,True,1054.8491150020982,649.470829,0.0007948664870624075,0.9992051335129376,1141.8866239375,0.907647409392753,Flipper,1783680241.0,0.01888888888888889,Grail,3.3555420621536483,649.470829,,False,True
Founder,FOUNDER,,0xf88353e6b33d1f9f6f325dbcbb697ddd0be3bd5c,1,0.0,1783396421,False,0,0.0,,False,0.0,0.0,0.0,0.0,0.0,0.0,Unredeemed,,,,0.0,0.0,,False,True
Founder,FOUNDER,"gCOOP,gELON,gKAI,gPIKA,gWEMBY,gYAMAL",0xf9640ac4e36b8abddbe85a383e2354942128f22a,1,0.0,1783443339,True,14,625.0,1785879803.0,True,431.4,274.887456,0.06345651068117074,0.9365434893188292,760.2429716375,48.242366249999996,Partial seller,1785879829.0,0.007222222222222222,Grail,508.27413276306993,274.887456,,False,True
Founder,FOUNDER,gYAMAL,0xfb1a9a437ca56f0393c416d52491bd7af6c9baca,1,0.0,1783394709,True,1,100.0,1783394733.0,False,0.0,0.0,1.0,0.0,15.046928000000001,15.046928000000001,Holder,,,,15.046928000000001,0.0,,False,True
Founder,FOUNDER,"gSWIFT,gWEMBY",0xfb9c065a59239f0b91f112dab22bb2810a238d7e,1,0.0,1783387793,True,2,160.0,1783388757.0,True,160.0,70.973223,0.22558639815242384,0.7744136018475761,86.07903995,19.418260578739098,Partial seller,1783388831.0,0.020555555555555556,Grail,45.809178021649686,70.973223,,False,True
Founder,FOUNDER,,0xfbcd62d39d74f061374098f51548cdeb34488521,1,0.0,1783384145,False,0,0.0,,False,0.0,0.0,0.0,0.0,0.0,0.0,Unredeemed,,,,0.0,0.0,,False,True
Founder,FOUNDER,"gALLEN,gCOOP,gPIKA,gWEMBY,gYAMAL",0xfecd0cb6ee16c61bc7e8c5c7a464f6b3a8f1a075,1,0.0,1783405793,True,8,475.0,1783627351.0,True,474.6875,67.557817,1.6992478135943356e-17,1.0,62.67442415,1.0649937820517153e-15,Flipper,1783629229.0,0.5216666666666666,1inch,0.10952500333500001,67.557817,,False,True
Founder,FOUNDER,"gCHAR,gPIKA,gWEMBY",0xff33bf06084da62688bcbe811bf06ab67f67b47a,1,0.0,1783400981,True,17,410.0,1789584141.0,True,410.0,96.928612,0.0,1.0,70.79142895,0.0,Flipper,1789584177.0,0.01,Grail,0.0,96.928612,,False,True
JENSEN LAUNCH,LAUNCH,gJENSEN,0x0b00ef608b84a25b647a873931580be96ed31cf4,3,90.0,1790098709,False,0,0.0,,False,0.0,0.0,0.0,0.0,0.0,0.0,Unredeemed,,,,0.0,-90.0,-1.0,False,True
JENSEN LAUNCH,LAUNCH,gJENSEN,0x0dd29a896e1f200efdf2f6df76d27e23df04413d,5,150.0,1790098640,True,4,299999.99999999994,1790546266.0,True,302329.4096425735,1070.7654250578962,0.001394265362288764,0.9986057346377112,380.90594999999996,0.5310839723746958,Flipper,1790546315.0,0.01361111111111111,Unknown App H,0.5310839723747793,920.7654250578962,6.141976726868473,False,True
JENSEN LAUNCH,LAUNCH,gJENSEN,0x0fceeab024973babfaaac1f452911b6cbaa75a68,1,30.0,1790098648,True,1,10000.0,1790099251.0,False,80258.03987802366,149.2610283175117,1.0,0.0,12.696865,12.696865,Holder,1790531542.0,120.08083333333333,Unknown App H,47.90169442387692,119.26102831751169,5.572090758046287,False,True
JENSEN LAUNCH,LAUNCH,gJENSEN,0x10966e5ddce205a52d4d2f4722e685f48805fb7d,5,150.0,1790098659,True,5,170000.0,1790098696.0,True,170000.0,448.2339012649005,0.0860699656326442,0.9139300343673558,215.846705,18.57791848126949,Partial seller,1790532094.0,120.38833333333334,Fomo,18.577918481269528,298.2339012649005,2.1120787983078,False,True
JENSEN LAUNCH,LAUNCH,gJENSEN,0x10eece768bb80edb3679bed1a4031f6dacc9887e,5,150.0,1790098636,False,0,0.0,,False,0.0,0.0,0.0,0.0,0.0,0.0,Unredeemed,,,,0.0,-150.0,-1.0,False,True
JENSEN LAUNCH,LAUNCH,gJENSEN,0x11b4486c93c42eaf7bdd782679fb20c709901af4,5,150.0,1790098688,True,5,140000.0,1790164992.0,False,0.0,0.0,1.0,0.0,177.75611,177.75611,Holder,,,,232.09212043059767,-150.0,0.5472808028706511,False,True
JENSEN LAUNCH,LAUNCH,gJENSEN,0x1804b142faeabbf08ecf4ff3843223b8d239f4ae,5,150.0,1790098664,False,0,0.0,,False,0.0,0.0,0.0,0.0,0.0,0.0,Unredeemed,,,,0.0,-150.0,-1.0,False,True
JENSEN LAUNCH,LAUNCH,gJENSEN,0x18aeaba4a846f65c2fdc8c43deba1f51a514215a,1,30.0,1790098619,True,1,10000.0,1790891266.0,True,10508.885332924261,14.572350348804257,0.0,1.0,12.696865,0.0,Flipper,1790891283.0,0.004722222222222222,Fomo,1.3550216369656392,-15.427649651195743,-0.46908760047433684,True,True
JENSEN LAUNCH,LAUNCH,gJENSEN,0x214de9af3c0c3e39838e05aa6ab09e6a9bfca289,5,150.0,1790098634,False,0,0.0,,False,0.0,0.0,0.0,0.0,0.0,0.0,Unredeemed,,,,0.0,-150.0,-1.0,False,True
JENSEN LAUNCH,LAUNCH,gJENSEN,0x228ed9b05e3fcae469e446977dcc0092a87ca20d,5,150.0,1790098698,True,4,40000.0,1790099456.0,True,39999.0,128.2156510143585,2.5e-05,0.999975,50.78746,0.0012696865,Flipper,1790558939.0,127.63416666666667,Fomo,0.0012696865,-21.784348985641486,-0.14522052866094326,False,True
JENSEN LAUNCH,LAUNCH,gJENSEN,0x23631b12402fe1b2404fccfab01557269b0df108,5,150.0,1790098627,False,0,0.0,,False,0.0,0.0,0.0,0.0,0.0,0.0,Unredeemed,,,,0.0,-150.0,-1.0,False,True
JENSEN LAUNCH,LAUNCH,gJENSEN,0x25f547fc0db87305aae98aa27de88d30aa48c540,5,150.0,1790098647,True,2,74999.99999999999,1790563327.0,True,74900.0,228.02575010656454,0.0013345955890682916,0.9986654044109317,95.22648749999999,0.1270888501799668,Flipper,1790563352.0,0.006944444444444444,Fomo,0.1270888501799714,78.02575010656454,0.5210189263782967,False,True
JENSEN LAUNCH,LAUNCH,gJENSEN,0x25fc3dc81a4904bd2cbc9d39efe224466e7b1b91,3,90.0,1790098638,True,1,49999.99999999999,1790528568.0,True,24999.999999999996,52.924824784247434,0.5,0.5,63.48432499999999,31.742162499999996,Holder,1790528706.0,0.03833333333333333,Fomo,31.742162499999996,-37.075175215752566,-0.05925569684169529,False,True
JENSEN LAUNCH,LAUNCH,gJENSEN,0x291e59a85014269f99ee0df9e89083bbf5a80d62,3,90.0,1790098654,True,2,20000.0,1790528546.0,False,0.0,0.0,1.0,0.0,25.39373,25.39373,Holder,,,,25.39373,-90.0,-0.7178474444444445,False,True
JENSEN LAUNCH,LAUNCH,gJENSEN,0x2a52ac190a84e935246202e529aed50b41c8731c,5,150.0,1790098664,False,0,0.0,,False,316468.08698423085,460.3184840668067,0.0,0.0,0.0,0.0,Unredeemed,1790133336.0,,Unknown App H,0.0,310.3184840668067,2.0687898937787113,True,True
JENSEN LAUNCH,LAUNCH,gJENSEN,0x2ab3694be4624f9bdc5ec86d6339e7b6aa2ee869,5,150.0,1790098685,True,5,50000.0,1790098796.0,True,49999.99999999999,88.56104930007326,1.455191522836685e-16,0.9999999999999999,63.484325000000005,9.238185157300905e-15,Flipper,1790099132.0,0.09333333333333334,Unknown App H,0.0,-61.438950699926735,-0.4095930046661782,False,True
JENSEN LAUNCH,LAUNCH,gJENSEN,0x3ae3197be2385bf6295f7d19f03ab898d717fcfd,5,150.0,1790098634,False,0,0.0,,False,0.0,0.0,0.0,0.0,0.0,0.0,Unredeemed,,,,0.0,-150.0,-1.0,False,True
JENSEN LAUNCH,LAUNCH,gJENSEN,0x404ff977e0fc357c25fb5c342399da6e57a0ded3,3,90.0,1790098629,True,3,109999.99999999999,1790528610.0,True,97500.0,206.93612368719144,0.685577769020885,0.31442223097911504,139.665515,95.75157218285294,Holder,1790528661.0,0.014166666666666666,Fomo,98.92578843285295,116.93612368719144,2.3984656902227153,False,True
JENSEN LAUNCH,LAUNCH,gJENSEN,0x41bdc352898f8e5ed66842e0a9824628225817d7,5,150.0,1790098621,True,4,129999.99999999999,1790098971.0,True,227466.85576209938,299.68059006642784,0.0,1.0,165.059245,0.0,Flipper,1790255722.0,43.54194444444445,Fomo,0.0,149.68059006642784,0.9978706004428524,False,True
JENSEN LAUNCH,LAUNCH,gJENSEN,0x424aba67e02b67475cc1acfbd780dbd3a244f706,3,90.0,1790098673,True,2,59999.99999999999,1790539791.0,False,0.0,0.0,1.0,0.0,76.18119,76.18119,Holder,,,,278.5332426252669,-90.0,2.09481380694741,False,True
JENSEN LAUNCH,LAUNCH,gJENSEN,0x4603fe6e2382da1bbfbb97e930d609524e3537d5,5,150.0,1790098660,False,0,0.0,,False,0.0,0.0,0.0,0.0,0.0,0.0,Unredeemed,,,,2982.5344396641117,-150.0,18.88356293109408,False,True
JENSEN LAUNCH,LAUNCH,gJENSEN,0x4b941bff84fccca7f0033a0331a3c5427dab2f0d,3,90.0,1790098668,True,2,20000.0,1790528470.0,False,0.0,0.0,1.0,0.0,25.39373,25.39373,Holder,,,,25.39373,-90.0,-0.7178474444444445,False,True
JENSEN LAUNCH,LAUNCH,gJENSEN,0x4f240578aabc8d80ecc6bffd17387d75640412a6,5,150.0,1790098679,True,3,30000.0,1790533273.0,True,30000.0,76.73830345752934,0.26661423453071115,0.7333857654692888,38.090595,10.155494828744333,Partial seller,1790533367.0,0.026111111111111113,Unknown App H,10.155494828744331,-73.26169654247066,-0.42070801142484227,True,True
JENSEN LAUNCH,LAUNCH,gJENSEN,0x52e2a414c65bd8ea41b6c5b5276ed9452ecad088,3,90.0,1790098704,False,0,0.0,,False,0.0,0.0,0.0,0.0,0.0,0.0,Unredeemed,,,,0.0,-90.0,-1.0,False,True
JENSEN LAUNCH,LAUNCH,gJENSEN,0x533b65ce39f438105f36d988d9c106f693ec2b74,3,90.0,1790098655,False,0,0.0,,False,0.0,0.0,0.0,0.0,0.0,0.0,Unredeemed,,,,0.0,-90.0,-1.0,False,True
JENSEN LAUNCH,LAUNCH,gJENSEN,0x534f757609e57ee164b929e0c50861559f9aa125,5,150.0,1790098635,False,0,0.0,,False,0.0,0.0,0.0,0.0,0.0,0.0,Unredeemed,,,,0.0,-150.0,-1.0,False,True
JENSEN LAUNCH,LAUNCH,gJENSEN,0x53991b9ce11a4a44b5ab2e59d790a14ac7c5df47,5,150.0,1790098635,False,0,0.0,,False,0.0,0.0,0.0,0.0,0.0,0.0,Unredeemed,,,,0.0,-150.0,-1.0,False,True
JENSEN LAUNCH,LAUNCH,gJENSEN,0x5ae1a1786d6e8ee80a6117914f0574a960bf7d0f,3,90.0,1790098645,True,2,20000.0,1790145303.0,False,20000.0,47.76367250400975,1.0,0.0,25.39373,25.39373,Holder,1790528369.0,106.40722222222222,Unknown App H,46.382064169777735,-42.23632749599025,0.04606374081986098,False,True
JENSEN LAUNCH,LAUNCH,gJENSEN,0x5c357af017c471d950cc8915bd97e2ae8c989b92,5,150.0,1790098622,True,5,90000.0,1790205479.0,True,498387.5106657792,833.4272897899573,0.0,1.0,114.27178500000001,0.0,Flipper,1790257403.0,14.423333333333334,Fomo,0.0,683.4272897899573,4.5561819319330485,False,True
JENSEN LAUNCH,LAUNCH,gJENSEN,0x5c425da5f5b89aeae5f33bbfed30ce30f62a3d6d,5,150.0,1790098670,True,3,159999.99999999997,1790532566.0,True,160000.0,425.3006466941017,0.0,1.0,203.14983999999998,0.0,Flipper,1790532628.0,0.017222222222222222,Fomo,0.0,275.3006466941017,1.8353376446273448,False,True
JENSEN LAUNCH,LAUNCH,gJENSEN,0x5f09c6a8b7a8c7c354219764c1504e54f6176139,1,30.0,1790098661,True,1,49999.99999999999,1790158753.0,True,93868.07045551606,143.4542005690248,0.0,1.0,63.48432499999999,0.0,Flipper,1790345250.0,51.804722222222225,0x API (Matcha/Rabby),0.2415417246932675,113.4542005690248,3.7898580764572687,False,True
JENSEN LAUNCH,LAUNCH,gJENSEN,0x5f4d14f966f5098aa7b529ea3510343a8281399e,5,150.0,1790098640,False,0,0.0,,False,0.0,0.0,0.0,0.0,0.0,0.0,Unredeemed,,,,0.0,-150.0,-1.0,False,True
JENSEN LAUNCH,LAUNCH,gJENSEN,0x5fc13c6ef9aff76ec6f753eb549a73096f5ccbea,1,30.0,1790098687,True,1,10000.0,1790099022.0,True,36310.3620514702,79.04994568085071,0.0,1.0,12.696865,0.0,Flipper,1790542089.0,123.07416666666667,Other / Unknown,0.023062919713286723,49.04994568085071,1.635766953352133,False,True
JENSEN LAUNCH,LAUNCH,gJENSEN,0x739ed8fa0036d3ae2a5bed0585ebbab31cceddce,3,90.0,1790098704,False,0,0.0,,False,0.0,0.0,0.0,0.0,0.0,0.0,Unredeemed,,,,0.0,-90.0,-1.0,False,True
JENSEN LAUNCH,LAUNCH,gJENSEN,0x7502e404dc96580157ffbc37504c5d88a2369a80,3,90.0,1790098646,False,0,0.0,,False,0.0,0.0,0.0,0.0,0.0,0.0,Unredeemed,,,,0.0,-90.0,-1.0,False,True
JENSEN LAUNCH,LAUNCH,gJENSEN,0x75dc757da6c46fe5514c210f354b849cad6018b9,3,90.0,1790098645,False,0,0.0,,False,0.0,0.0,0.0,0.0,0.0,0.0,Unredeemed,,,,0.0,-90.0,-1.0,False,True
JENSEN LAUNCH,LAUNCH,gJENSEN,0x76cde0047de56ea158c012011c7123503b1c2bf6,5,150.0,1790098660,True,4,169999.99999999997,1790098755.0,True,170000.0,301.8650396511359,0.0,1.0,215.846705,0.0,Flipper,1790098826.0,0.01972222222222222,Fomo,0.0,151.86503965113587,1.0124335976742391,False,True
JENSEN LAUNCH,LAUNCH,gJENSEN,0x78bd9bae79c1bfbe3df3e7a67268a1922bd74c79,5,150.0,1790098635,True,1,99999.99999999999,1790408889.0,True,0.0,0.0,0.0,1.0,126.96864999999998,0.0,Flipper,,,,0.0,-150.0,-1.0,False,True
JENSEN LAUNCH,LAUNCH,gJENSEN,0x7c2c293800e4d8951dd030aaedf7b05c101e7331,5,150.0,1790098661,True,5,155000.0,1790098694.0,True,154999.99999999997,420.0690866189545,0.04850064377565249,0.9514993562243476,196.8014075,9.544994959704525,Flipper,1790532505.0,120.50305555555556,Fomo,9.54499495970451,270.0690866189545,1.8640938771910602,False,True
JENSEN LAUNCH,LAUNCH,gJENSEN,0x7c84247883a812d38e5e2d0628e4e9f60d56d61a,3,90.0,1790098699,True,3,209999.99999999997,1790145604.0,True,210000.0,353.6990366739558,0.2400230347240687,0.7599769652759313,266.634165,63.99834144441806,Partial seller,1790145914.0,0.08611111111111111,Fomo,63.99834144441808,263.6990366739558,3.641081979093043,False,True
JENSEN LAUNCH,LAUNCH,gJENSEN,0x7f1d46e0803708586c2faac85310a449a89fc596,5,150.0,1790098649,False,0,0.0,,False,0.0,0.0,0.0,0.0,0.0,0.0,Unredeemed,,,,0.0,-150.0,-1.0,False,True
JENSEN LAUNCH,LAUNCH,gJENSEN,0x81c9eb47f4e3a66d7e0ee6e95d29da2542d66601,5,150.0,1790098634,False,0,0.0,,False,0.0,0.0,0.0,0.0,0.0,0.0,Unredeemed,,,,0.0,-150.0,-1.0,False,True
JENSEN LAUNCH,LAUNCH,gJENSEN,0x84125eee20d26781c216140e7c1cabc535d3b8b5,5,150.0,1790098637,False,0,0.0,,False,0.0,0.0,0.0,0.0,0.0,0.0,Unredeemed,,,,0.0,-150.0,-1.0,False,True
JENSEN LAUNCH,LAUNCH,gJENSEN,0x9b2fd05649a0ee0d91094bc08b92a3b60298692e,5,150.0,1790098636,False,0,0.0,,False,0.0,0.0,0.0,0.0,0.0,0.0,Unredeemed,,,,0.0,-150.0,-1.0,False,True
JENSEN LAUNCH,LAUNCH,gJENSEN,0x9f73e6579f9e13b0da069d460fe021c77b27436e,5,150.0,1790098636,False,0,0.0,,False,0.0,0.0,0.0,0.0,0.0,0.0,Unredeemed,,,,0.0,-150.0,-1.0,False,True
JENSEN LAUNCH,LAUNCH,gJENSEN,0xa0d4805d1e7b4d35f962cd435be87571ddb80d97,3,90.0,1790098643,True,3,30000.0,1790145278.0,True,30000.0,66.98267044739247,0.9223654161106263,0.07763458388937372,38.090595,35.13344750707634,Holder,1790528251.0,106.38138888888889,Unknown App H,35.13344750707634,-23.017329552607535,0.13462353282743122,False,True
JENSEN LAUNCH,LAUNCH,gJENSEN,0xa18e759b0a83b7ee4432be7413b3127a9b6e8075,5,150.0,1790098657,True,5,270000.0,1790098686.0,True,445537.7786506537,988.8578368465058,0.0,1.0,342.81535499999995,0.0,Flipper,1790528283.0,119.3325,Fomo,0.0,838.8578368465058,5.592385578976706,False,True
JENSEN LAUNCH,LAUNCH,gJENSEN,0xa84f8eac13b6bd3756fc6a2cd6edaff2e7197444,1,30.0,1790098708,False,0,0.0,,False,0.0,0.0,0.0,0.0,0.0,0.0,Unredeemed,,,,0.0,-30.0,-1.0,False,True
JENSEN LAUNCH,LAUNCH,gJENSEN,0xa8cff29431eb3470d582e3458aebe9dea47c59c9,3,90.0,1790098663,True,3,119999.99999999999,1790099069.0,True,166494.1543226409,307.72106928017064,0.0,1.0,152.36238,0.0,Flipper,1790527096.0,118.8963888888889,Fomo,0.0,217.72106928017064,2.419122992001896,False,True
JENSEN LAUNCH,LAUNCH,gJENSEN,0xae4b59fbd28eeae34f9f350c39153806e694b76e,5,150.0,1790098635,True,2,99999.99999999999,1790486398.0,True,0.0,0.0,0.0,1.0,126.96864999999998,0.0,Flipper,,,,0.0,-150.0,-1.0,False,True
JENSEN LAUNCH,LAUNCH,gJENSEN,0xb033f119a9ed1ebb9a628861ced9e3b636742069,5,150.0,1790098618,False,0,0.0,,False,522278.7445265702,1637.8983546408476,0.0,0.0,0.0,0.0,Unredeemed,1790552186.0,,Fomo,1466.2322951203491,1487.8983546408476,19.69420433174131,True,True
JENSEN LAUNCH,LAUNCH,gJENSEN,0xb280b53774b229252e51a540ae34b2380fafbc45,3,90.0,1790098671,False,0,0.0,,False,0.0,0.0,0.0,0.0,0.0,0.0,Unredeemed,,,,0.0,-90.0,-1.0,False,True
JENSEN LAUNCH,LAUNCH,gJENSEN,0xb3b550e0a844705310639cb343ddec7354facc0d,4,120.0,1790098624,False,0,0.0,,False,14642.983981696303,20.293372116747474,0.0,0.0,0.0,0.0,Unredeemed,1791036840.0,,Fomo,0.0,-99.70662788325252,-0.830888565693771,True,True
JENSEN LAUNCH,LAUNCH,gJENSEN,0xb84ffc5a7e1d19340a3bb79c1d14cf574566fe81,4,120.0,1790098615,True,1,99999.99999999999,1790098974.0,False,0.0,0.0,1.0,0.0,126.96864999999998,126.96864999999998,Holder,,,,126.96864999999998,-120.0,0.058072083333333246,False,True
JENSEN LAUNCH,LAUNCH,gJENSEN,0xbb36765bfbf75a31054c1525219b998b2e6f5d10,3,90.0,1790098699,True,3,45000.0,1790146343.0,True,60404.75854596238,102.96038243525678,0.0,1.0,57.135892500000004,0.0,Flipper,1790146504.0,0.04472222222222222,Fomo,0.0,12.960382435256776,0.14400424928063082,False,True
JENSEN LAUNCH,LAUNCH,gJENSEN,0xbec2c1ca116a832f4ddab165000610ee850fd338,5,150.0,1790098649,False,0,0.0,,False,0.0,0.0,0.0,0.0,0.0,0.0,Unredeemed,,,,0.0,-150.0,-1.0,False,True
JENSEN LAUNCH,LAUNCH,gJENSEN,0xc6eaacaa6de1b7c98ff558da46e0bbd62a333885,3,90.0,1790098654,False,0,0.0,,False,0.0,0.0,0.0,0.0,0.0,0.0,Unredeemed,,,,51.93409610253901,-90.0,-0.42295448774956657,False,True
JENSEN LAUNCH,LAUNCH,gJENSEN,0xc883c0c0726bbcaa322de3ce86909596fa0834af,5,150.0,1790098670,True,4,40000.0,1790099276.0,True,39999.0,70.77553145376882,2.5e-05,0.999975,50.78746,0.0012696865,Flipper,1790099351.0,0.020833333333333332,Fomo,0.0012696865,-79.22446854623118,-0.5281546590648746,True,True
JENSEN LAUNCH,LAUNCH,gJENSEN,0xc9174488d99af3e5c6f22caf7f03ef0080b26824,5,150.0,1790098631,False,0,0.0,,False,0.0,0.0,0.0,0.0,0.0,0.0,Unredeemed,,,,0.0,-150.0,-1.0,False,True
JENSEN LAUNCH,LAUNCH,gJENSEN,0xcd60d10d9aefdb480aa38a592e759a44dca502b1,5,150.0,1790098683,False,0,0.0,,False,0.0,0.0,0.0,0.0,0.0,0.0,Unredeemed,,,,0.0,-150.0,-1.0,False,True
JENSEN LAUNCH,LAUNCH,gJENSEN,0xcdb76d26908d00c50dd9c9eb6b0fc4eff7d9b3bd,5,150.0,1790098667,True,1,99999.99999999999,1790527672.0,True,99000.0,187.47325071704591,0.009999999999999856,0.9900000000000001,126.96864999999998,1.2696864999999815,Flipper,1790527688.0,0.0044444444444444444,Fomo,1.2696864999999815,37.473250717045914,0.2582862481136392,False,True
JENSEN LAUNCH,LAUNCH,gJENSEN,0xd34ee7d8fe01cc90ccd5d1f4efd9630087b8fd88,3,90.0,1790098633,True,1,49999.99999999999,1790528590.0,True,49999.99999999999,105.93512345986892,0.24266000000000004,0.7573399999999999,63.48432499999999,15.4051063045,Partial seller,1790528676.0,0.02388888888888889,Fomo,15.4051063045,15.935123459868919,0.34822477515965455,False,True
JENSEN LAUNCH,LAUNCH,gJENSEN,0xd60b8d278a98e068eaf3508e95cf1b0089961288,5,150.0,1790098654,False,0,0.0,,False,0.0,0.0,0.0,0.0,0.0,0.0,Unredeemed,,,,10.555945354313705,-150.0,-0.929627030971242,False,True
JENSEN LAUNCH,LAUNCH,gJENSEN,0xdd3014109ecb84d7b5ee26052b5489084b58123e,5,150.0,1790098646,True,5,90000.0,1790098729.0,True,90000.0,159.15914500464555,0.005869021815620363,0.9941309781843797,114.27178500000001,0.6706635990748798,Flipper,1790098771.0,0.011666666666666667,Unknown App H,0.6706635990748959,9.159145004645552,0.06553205735813616,True,True
JENSEN LAUNCH,LAUNCH,gJENSEN,0xe095ba55a62cd627eb9db0c93e65b77e07fce073,5,150.0,1790098635,False,0,0.0,,False,0.0,0.0,0.0,0.0,0.0,0.0,Unredeemed,,,,0.0,-150.0,-1.0,False,True
JENSEN LAUNCH,LAUNCH,gJENSEN,0xe24936e883d5d986e3c56512f59c4675a004db2e,5,150.0,1790098634,True,1,99999.99999999999,1790405201.0,True,0.0,0.0,0.0,1.0,126.96864999999998,0.0,Flipper,,,,0.0,-150.0,-1.0,False,True
JENSEN LAUNCH,LAUNCH,gJENSEN,0xe6786b71a8c6733daecc8d6b340ac7c4bdd03f95,5,150.0,1790098624,True,5,105000.0,1790098644.0,True,105000.0,179.16259539893832,0.0,1.0,133.3170825,0.0,Flipper,1790527155.0,119.03083333333333,Bots / Direct,0.0,29.162595398938322,0.1944173026595888,True,True
JENSEN LAUNCH,LAUNCH,gJENSEN,0xf27c10488b579e5bcd6ec8cc2922315c2d799c6f,5,150.0,1790098641,False,0,0.0,,False,666670.624318,770.7470990912942,0.0,0.0,0.0,0.0,Unredeemed,1790262670.0,,Fomo,4215.359180000158,620.7470990912942,32.24070852727635,False,True
JENSEN LAUNCH,LAUNCH,gJENSEN,0xf38e04d7663b6162f9a1fc923ab5faff45c11a34,5,150.0,1790098677,True,5,50000.0,1790098739.0,True,49875.0,108.81285742492045,1.455191522836685e-16,0.9999999999999999,63.484325000000005,9.238185157300905e-15,Flipper,1790528571.0,119.39777777777778,0x API (Matcha/Rabby),0.15871081250000002,-41.18714257507955,-0.2735228784171969,False,True
JENSEN LAUNCH,LAUNCH,gJENSEN,0xf6b48ed91717471a0f9cbf5dad071d77fe62d12f,5,150.0,1790098617,False,0,0.0,,False,0.0,0.0,0.0,0.0,0.0,0.0,Unredeemed,,,,0.0,-150.0,-1.0,False,True
JENSEN LAUNCH,LAUNCH,gJENSEN,0xf70fa1b8443c620ca7d43a9d17f4bde8b09031cc,5,150.0,1790098698,True,2,20000.0,1790099110.0,False,834104.44,2018.6113852643712,1.0,0.0,25.39373,25.39373,Holder,1790557095.0,127.21805555555555,Fomo,3281.200642822682,1868.6113852643712,34.33208018724702,False,True
JENSEN LAUNCH,LAUNCH,gJENSEN,0xf88353e6b33d1f9f6f325dbcbb697ddd0be3bd5c,5,150.0,1790098632,False,0,0.0,,False,0.0,0.0,0.0,0.0,0.0,0.0,Unredeemed,,,,0.0,-150.0,-1.0,False,True
KAI LAUNCH,LAUNCH,gKAI,0x018234dc8100e2bbee864d67cf0f8af8e4c052ae,1,50.0,1787584133,True,1,15.0,1787584143.0,True,13.571330410438986,43.686755,0.0,1.0,48.242366249999996,0.0,Flipper,1787920905.0,93.545,Grail,0.0,-6.313245000000002,-0.1262649,False,True
KAI LAUNCH,LAUNCH,gKAI,0x04286290d9cb5b5aa6b7f4805bd764295726d214,1,50.0,1787584133,True,1,15.0,1787584145.0,True,12.645944937420424,49.041609,0.0,1.0,48.242366249999996,0.0,Flipper,1787589513.0,1.491111111111111,Grail,0.0,-0.9583909999999989,-0.019167819999999947,False,True
KAI LAUNCH,LAUNCH,gKAI,0x049ec346b74b5b5917b332958f997fad14fdc80a,1,50.0,1787584161,True,1,15.0,1787584203.0,True,15.0,54.221254,0.0,1.0,48.242366249999996,0.0,Flipper,1787591511.0,2.03,Grail,0.0,4.221254000000002,0.08442507999999993,False,True
KAI LAUNCH,LAUNCH,gKAI,0x05aa29527e2fcf51638ff67b6995e89c8944bb8b,1,50.0,1787584191,True,1,15.0,1788989541.0,True,13.795,31.598807,2.960594732333751e-17,1.0,48.242366249999996,1.4282609539506551e-15,Flipper,1788989619.0,0.021666666666666667,Grail,0.0,-18.401193,-0.36802386,False,True
KAI LAUNCH,LAUNCH,gKAI,0x08aa5c33318ccdff182f190cdd9735eb461f0171,1,50.0,1787584153,True,1,15.0,1790089597.0,False,0.0,0.0,1.0,0.0,48.242366249999996,48.242366249999996,Holder,,,,49.850445125,-50.0,-0.0029910975000000395,False,True
KAI LAUNCH,LAUNCH,gKAI,0x08f7ce42b6477fd129e1c467af5c1bacbbf73349,1,50.0,1787584153,True,1,15.0,1787584211.0,True,15.0,48.603099,0.0,1.0,48.242366249999996,0.0,Flipper,1787606401.0,6.163888888888889,Grail,0.0,-1.3969009999999997,-0.027938020000000008,False,True
KAI LAUNCH,LAUNCH,gKAI,0x08f9ff0f6e5f45dc13f60202770bd6b7ef1b5f96,1,50.0,1787584179,True,1,15.0,1787665823.0,True,15.288817148666709,52.423441000000004,0.0,1.0,48.242366249999996,0.0,Flipper,1787665905.0,0.02277777777777778,Grail,0.0,2.423441000000004,0.04846882000000008,False,True
KAI LAUNCH,LAUNCH,gKAI,0x0b00ef608b84a25b647a873931580be96ed31cf4,1,50.0,1787584147,False,0,0.0,,False,0.0,0.0,0.0,0.0,0.0,0.0,Unredeemed,,,,0.0,-50.0,-1.0,False,True
KAI LAUNCH,LAUNCH,gKAI,0x0c13dcadddda7c48300e0bb210ab897a10c11fdc,1,50.0,1787584155,False,0,0.0,,False,0.0,0.0,0.0,0.0,0.0,0.0,Unredeemed,,,,10.742252845505488,-50.0,-0.7851549430898902,False,True
KAI LAUNCH,LAUNCH,gKAI,0x0dbebf0248cf14848f58c6cf7360947609224da4,1,50.0,1787584145,True,1,15.0,1787584253.0,True,15.0,45.575702,0.0,1.0,48.242366249999996,0.0,Flipper,1787584273.0,0.005555555555555556,Grail,0.0,-4.424298,-0.08848595999999997,False,True
KAI LAUNCH,LAUNCH,gKAI,0x0dd29a896e1f200efdf2f6df76d27e23df04413d,1,50.0,1787584143,False,0,0.0,,False,17.976882771007727,57.042735,0.0,0.0,0.0,0.0,Unredeemed,1789583579.0,,Grail,0.0,7.042735,0.1408547,False,True
KAI LAUNCH,LAUNCH,gKAI,0x0fceeab024973babfaaac1f452911b6cbaa75a68,1,50.0,1787584161,True,1,15.0,1787584667.0,True,15.0,42.604189,0.0,1.0,48.242366249999996,0.0,Flipper,1789735353.0,597.4127777777778,OKX Wallet,0.0,-7.395811000000002,-0.14791622000000004,False,True
KAI LAUNCH,LAUNCH,gKAI,0x106f579b3c8bc21d4698e57e51e1bf128f8fe1b9,1,50.0,1787584189,True,1,15.0,1787584241.0,True,0.0,0.0,0.0,1.0,48.242366249999996,0.0,Flipper,,,,0.0,-50.0,-1.0,False,True
KAI LAUNCH,LAUNCH,gKAI,0x10966e5ddce205a52d4d2f4722e685f48805fb7d,1,50.0,1787584183,True,1,15.0,1787584249.0,False,15.0,59.902259,1.0,0.0,48.242366249999996,48.242366249999996,Holder,1787823325.0,66.41,Grail,191.42585646422083,9.902259,4.026562309284417,False,True
KAI LAUNCH,LAUNCH,gKAI,0x10d3e40aeb8f01050b47ff606c9d19c013c7e938,1,50.0,1787584169,True,1,60.0,1787584267.0,True,85.88419917191082,327.179527,0.0,1.0,192.96946499999999,0.0,Flipper,1787584331.0,0.017777777777777778,Grail,0.0,277.179527,5.54359054,False,True
KAI LAUNCH,LAUNCH,gKAI,0x10eece768bb80edb3679bed1a4031f6dacc9887e,1,50.0,1787584155,True,1,15.0,1787585935.0,True,0.0,0.0,0.0,1.0,48.242366249999996,0.0,Flipper,,,,0.0,-50.0,-1.0,False,True
KAI LAUNCH,LAUNCH,gKAI,0x11b4486c93c42eaf7bdd782679fb20c709901af4,1,50.0,1787584155,True,1,15.0,1787584223.0,True,0.0,0.0,0.0,1.0,48.242366249999996,0.0,Flipper,,,,0.0,-50.0,-1.0,False,True
KAI LAUNCH,LAUNCH,gKAI,0x1804b142faeabbf08ecf4ff3843223b8d239f4ae,1,50.0,1787584163,True,1,60.0,1787584203.0,True,0.0,0.0,0.0,1.0,192.96946499999999,0.0,Flipper,,,,0.0,-50.0,-1.0,False,True
KAI LAUNCH,LAUNCH,gKAI,0x19c163d280ff6555e4d1fafadf0c17505c12159c,1,50.0,1787584133,True,1,15.0,1787584145.0,True,15.0,56.832979,0.0,1.0,48.242366249999996,0.0,Flipper,1787589735.0,1.5527777777777778,Grail,0.0,6.832979000000002,0.1366595800000001,False,True
KAI LAUNCH,LAUNCH,gKAI,0x1d9faf63a5e721ff7f027e57c4223f7b46f1cfd6,1,50.0,1787584179,False,0,0.0,,False,0.0,0.0,0.0,0.0,0.0,0.0,Unredeemed,,,,5.986956313725098,-50.0,-0.880260873725498,False,True
KAI LAUNCH,LAUNCH,gKAI,0x1dc8aea4942cfabbe84b8f038247be33c6b8fab4,1,50.0,1787584133,True,1,15.0,1787584145.0,True,14.25116625833514,54.800448,0.0,1.0,48.242366249999996,0.0,Flipper,1787589621.0,1.521111111111111,Grail,0.0,4.800448000000003,0.09600896000000003,False,True
KAI LAUNCH,LAUNCH,gKAI,0x2085b8e6da1a8bcbc6b937cfe2407a8f3dcf6593,1,50.0,1787584143,True,1,15.0,1787584175.0,True,15.033613110563694,51.266476,1.1842378929335003e-16,0.9999999999999999,48.242366249999996,5.7130438158026206e-15,Flipper,1787584239.0,0.017777777777777778,GMGN,0.0,1.2664759999999973,0.025329519999999883,False,True
KAI LAUNCH,LAUNCH,gKAI,0x214de9af3c0c3e39838e05aa6ab09e6a9bfca289,1,50.0,1787584171,True,1,15.0,1787585457.0,True,0.0,0.0,0.0,1.0,48.242366249999996,0.0,Flipper,,,,0.0,-50.0,-1.0,False,True
KAI LAUNCH,LAUNCH,gKAI,0x2245c505a9c436ca6d16b1634216eb635e545aa4,1,50.0,1787584253,True,1,15.0,1787584319.0,True,15.0,37.955379,0.0,1.0,48.242366249999996,0.0,Flipper,1787584331.0,0.0033333333333333335,Grail,0.0,-12.044621,-0.24089242,False,True
KAI LAUNCH,LAUNCH,gKAI,0x228ed9b05e3fcae469e446977dcc0092a87ca20d,1,50.0,1787584149,True,1,15.0,1787584237.0,True,15.0,48.7168,0.0,1.0,48.242366249999996,0.0,Flipper,1787584249.0,0.0033333333333333335,Grail,0.0,-1.2832000000000008,-0.02566400000000002,False,True
KAI LAUNCH,LAUNCH,gKAI,0x23631b12402fe1b2404fccfab01557269b0df108,1,50.0,1787584161,False,0,0.0,,False,0.0,0.0,0.0,0.0,0.0,0.0,Unredeemed,,,,0.0,-50.0,-1.0,False,True
KAI LAUNCH,LAUNCH,gKAI,0x2392591009f80b4582401e7540a1192aa8b917cc,1,50.0,1787584147,False,0,0.0,,False,0.0,0.0,0.0,0.0,0.0,0.0,Unredeemed,,,,505.8358352211471,-50.0,9.116716704422942,False,True
KAI LAUNCH,LAUNCH,gKAI,0x23c10b8ba82ab7bbab0c2d45e4df802cc509d32a,1,50.0,1787584211,True,1,15.0,1787584233.0,True,15.0,38.449693,0.0,1.0,48.242366249999996,0.0,Flipper,1787584315.0,0.02277777777777778,Bots / Direct,0.0,-11.550306999999997,-0.23100613999999997,False,True
KAI LAUNCH,LAUNCH,gKAI,0x24e045efaaaa10f72fa6104792ba8b5c2a9209ff,1,50.0,1787584157,True,1,15.0,1787584199.0,True,15.0,53.612339,0.0,1.0,48.242366249999996,0.0,Flipper,1787584231.0,0.008888888888888889,Grail,0.0,3.6123389999999986,0.07224677999999995,False,True
KAI LAUNCH,LAUNCH,gKAI,0x25f547fc0db87305aae98aa27de88d30aa48c540,1,50.0,1787584169,True,1,15.0,1787682033.0,True,15.009154878593849,52.85006,0.02054262092982242,0.9794573790701776,48.242366249999996,0.9910246426314087,Flipper,1787682047.0,0.0038888888888888888,Grail,0.9910246426314079,2.850059999999999,0.07682169285262819,False,True
KAI LAUNCH,LAUNCH,gKAI,0x25fc3dc81a4904bd2cbc9d39efe224466e7b1b91,1,50.0,1787584265,True,1,15.0,1787584361.0,True,15.0,37.505823,0.0,1.0,48.242366249999996,0.0,Flipper,1788187025.0,167.40666666666667,Grail,0.0,-12.494177,-0.24988354000000002,False,True
KAI LAUNCH,LAUNCH,gKAI,0x2638a90bd3643e7fb34b9c539a2e2ebd535e6071,1,50.0,1787584287,False,0,0.0,,False,0.0,0.0,0.0,0.0,0.0,0.0,Unredeemed,,,,7.83652271439272,-50.0,-0.8432695457121456,False,True
KAI LAUNCH,LAUNCH,gKAI,0x291e59a85014269f99ee0df9e89083bbf5a80d62,1,50.0,1787584263,True,1,15.0,1787584303.0,True,15.0,38.738911,2.960594732333751e-17,1.0,48.242366249999996,1.4282609539506551e-15,Flipper,1787584313.0,0.002777777777777778,Grail,0.0,-11.261088999999998,-0.22522177999999993,False,True
KAI LAUNCH,LAUNCH,gKAI,0x2987825a138dd8f31189bee2550dc34d284077b7,1,50.0,1787584155,False,0,0.0,,False,0.0,0.0,0.0,0.0,0.0,0.0,Unredeemed,,,,56.81617703486863,-50.0,0.13632354069737262,True,True
KAI LAUNCH,LAUNCH,gKAI,0x2a52ac190a84e935246202e529aed50b41c8731c,1,50.0,1787584143,True,1,15.0,1787584179.0,True,174.7585437152227,585.647067,0.0,1.0,48.242366249999996,0.0,Flipper,1787584197.0,0.005,OKX Wallet,0.0,535.647067,10.71294134,True,True
KAI LAUNCH,LAUNCH,gKAI,0x2ab3694be4624f9bdc5ec86d6339e7b6aa2ee869,1,50.0,1787584183,True,1,15.0,1787584225.0,True,34.227243070197986,112.07506000000001,0.0,1.0,48.242366249999996,0.0,Flipper,1787584235.0,0.002777777777777778,Grail,0.0,62.07506000000001,1.2415012,False,True
KAI LAUNCH,LAUNCH,gKAI,0x2b4be2284d0089e4bae8c328f5456f1345973b42,1,50.0,1787584185,True,1,15.0,1787871155.0,True,15.324,49.829941999999996,0.0007362309195188395,0.9992637690804812,48.242366249999996,0.03551752166400213,Flipper,1787871205.0,0.013888888888888888,Grail,0.03551752166399998,-0.17005800000000448,-0.002690809566720187,False,True
KAI LAUNCH,LAUNCH,gKAI,0x2c40aa8bbd0b49415ec80bc91ebf6d39c0e586bd,1,50.0,1787584205,True,1,15.0,1787584303.0,True,15.0,38.04776,0.0,1.0,48.242366249999996,0.0,Flipper,1787584317.0,0.0038888888888888888,Grail,0.0,-11.952240000000003,-0.23904480000000006,False,True
KAI LAUNCH,LAUNCH,gKAI,0x2da4d9e0f365cf8df0e4991a14b601852508b10d,1,50.0,1787584185,True,1,15.0,1788310299.0,True,15.0,51.11153,0.0,1.0,48.242366249999996,0.0,Flipper,1788310345.0,0.012777777777777779,Grail,0.0,1.111530000000002,0.0222306000000001,False,True
KAI LAUNCH,LAUNCH,gKAI,0x30db6b5cf544851dfcb3cdb6a145a634bac77e1e,1,50.0,1787584139,True,1,15.0,1787584219.0,True,15.0,53.300655,0.8964560652914182,0.10354393470858181,48.242366249999996,43.247161828822506,Holder,1787585921.0,0.4727777777777778,Grail,43.247161828822506,3.300654999999999,0.9309563365764502,False,True
KAI LAUNCH,LAUNCH,gKAI,0x3378d3703e9a7acca93123d565236c736fba0f02,1,50.0,1787584155,True,1,15.0,1787584187.0,True,15.0,54.06187,0.0,1.0,48.242366249999996,0.0,Flipper,1787591903.0,2.1433333333333335,Grail,0.0,4.061869999999999,0.08123740000000002,False,True
KAI LAUNCH,LAUNCH,gKAI,0x3511748c00b6b2dd9f77c1141cec9c0bd7ada5be,1,50.0,1787584139,True,1,15.0,1787584171.0,True,15.0,59.865562,0.0,1.0,48.242366249999996,0.0,Flipper,1787584185.0,0.0038888888888888888,Grail,0.0,9.865561999999997,0.1973112399999999,False,True
KAI LAUNCH,LAUNCH,gKAI,0x36268dfae0b96d2805738ed39fa3e0ef15299db3,1,50.0,1787584165,True,1,15.0,1787584191.0,True,15.0,57.705067,0.0,1.0,48.242366249999996,0.0,Flipper,1787584207.0,0.0044444444444444444,OKX Wallet,0.0,7.705067,0.15410133999999998,False,True
KAI LAUNCH,LAUNCH,gKAI,0x364f759eaaf37cfcbd220704de0ab7d65b07965d,1,50.0,1787584165,True,1,15.0,1787584241.0,False,0.0,0.0,1.0,0.0,48.242366249999996,48.242366249999996,Holder,,,,48.242366249999996,-50.0,-0.03515267500000008,False,True
KAI LAUNCH,LAUNCH,gKAI,0x39d2da7bf40effbf6ef49662d663c699d581bb1a,1,50.0,1787584241,True,1,15.0,1787584263.0,True,15.0,42.723794,0.0,1.0,48.242366249999996,0.0,Flipper,1787584279.0,0.0044444444444444444,Grail,0.0,-7.276206000000002,-0.14552412000000003,False,True
KAI LAUNCH,LAUNCH,gKAI,0x3ae3197be2385bf6295f7d19f03ab898d717fcfd,1,50.0,1787584153,True,1,15.0,1787585143.0,True,0.0,0.0,0.0,1.0,48.242366249999996,0.0,Flipper,,,,0.0,-50.0,-1.0,False,True
KAI LAUNCH,LAUNCH,gKAI,0x3c4113b60a5a8bc5b5939379b223331a55624afc,1,50.0,1787584147,True,1,15.0,1787584241.0,True,304.6718449746084,1371.251481,0.0,1.0,48.242366249999996,0.0,Flipper,1787809137.0,62.471111111111114,OKX Wallet,0.0,1321.251481,26.42502962,False,True
KAI LAUNCH,LAUNCH,gKAI,0x3f322ac37155e431ca30cd8343c28ab0222c7ecb,1,50.0,1787584153,True,1,15.0,1787584193.0,True,12.381,39.772203,0.2447596978502567,0.7552403021497434,48.242366249999996,11.80778698693142,Partial seller,1787584251.0,0.01611111111111111,Grail,11.80778698693142,-10.227797000000002,0.031599799738628365,False,True
KAI LAUNCH,LAUNCH,gKAI,0x41bdc352898f8e5ed66842e0a9824628225817d7,1,50.0,1787584145,True,1,15.0,1787584219.0,True,23.393,66.153028,0.021565293807278847,0.9784347061927211,48.242366249999996,1.040360802139603,Flipper,1788178689.0,165.13055555555556,Grail,0.0,16.153028000000006,0.32306056000000005,False,True
KAI LAUNCH,LAUNCH,gKAI,0x4242578633e4194007498e5f8aa9ab0c6964fd19,1,50.0,1787584179,True,1,15.0,1787809791.0,True,15.37778506329034,110.361556,0.0,1.0,48.242366249999996,0.0,Flipper,1788201957.0,108.935,OKX Wallet,0.0,60.36155599999999,1.2072311199999999,False,True
KAI LAUNCH,LAUNCH,gKAI,0x43ca9b301663af944fcc5c307ffde09dcd694f0f,1,50.0,1787584201,False,0,0.0,,False,0.0,0.0,0.0,0.0,0.0,0.0,Unredeemed,,,,0.0,-50.0,-1.0,False,True
KAI LAUNCH,LAUNCH,gKAI,0x453bc807bd51a4f62401fc599583422a2404736a,1,50.0,1787584293,False,0,0.0,,False,0.0,0.0,0.0,0.0,0.0,0.0,Unredeemed,,,,0.0,-50.0,-1.0,True,True
KAI LAUNCH,LAUNCH,gKAI,0x4603fe6e2382da1bbfbb97e930d609524e3537d5,1,50.0,1787584189,False,0,0.0,,False,48.29648731199211,106.594272,0.0,0.0,0.0,0.0,Unredeemed,1790270833.0,,KyberSwap,0.0,56.594272000000004,1.13188544,False,True
KAI LAUNCH,LAUNCH,gKAI,0x4b941bff84fccca7f0033a0331a3c5427dab2f0d,1,50.0,1787584247,True,1,60.0,1787584281.0,True,60.0,157.91165600000002,0.0,1.0,192.96946499999999,0.0,Flipper,1787584297.0,0.0044444444444444444,Grail,0.0,107.91165600000002,2.1582331200000002,False,True
KAI LAUNCH,LAUNCH,gKAI,0x4be14afd66f701594f632f64bb445f20a5183194,1,50.0,1787584155,True,1,15.0,1787748395.0,True,15.0,36.842832,0.0,1.0,48.242366249999996,0.0,Flipper,1787748413.0,0.005,Grail,0.0,-13.157167999999999,-0.26314335999999994,False,True
KAI LAUNCH,LAUNCH,gKAI,0x4df7acceb2441c8c020d7b998deb001ac6724e96,1,50.0,1787584143,True,1,15.0,1787584173.0,True,15.0,55.389502,0.0,1.0,48.242366249999996,0.0,Flipper,1787584223.0,0.013888888888888888,Grail,0.0,5.389502,0.10779004000000003,False,True
KAI LAUNCH,LAUNCH,gKAI,0x4f240578aabc8d80ecc6bffd17387d75640412a6,1,50.0,1787584173,True,1,15.0,1787809557.0,True,25.812471986745244,66.16031699999999,0.0,1.0,48.242366249999996,0.0,Flipper,1788188083.0,105.14611111111111,OKX Wallet,0.0,16.160316999999992,0.3232063399999998,True,True
KAI LAUNCH,LAUNCH,gKAI,0x517fa67831a99e6bb80a7c0b684d251c6380275c,1,50.0,1787584145,True,1,100.0,1787584181.0,True,100.0,379.313884,0.0,1.0,321.615775,0.0,Flipper,1787584207.0,0.007222222222222222,Grail,0.0,329.313884,6.586277679999999,False,True
KAI LAUNCH,LAUNCH,gKAI,0x521d0eb9ea6ecc29e7b995abc329490b4fc234f2,1,50.0,1787584155,True,1,15.0,1787584217.0,True,15.0,47.099918,0.0,1.0,48.242366249999996,0.0,Flipper,1787584259.0,0.011666666666666667,Grail,0.0,-2.9000819999999976,-0.058001639999999965,False,True
KAI LAUNCH,LAUNCH,gKAI,0x52e2a414c65bd8ea41b6c5b5276ed9452ecad088,1,50.0,1787584165,False,0,0.0,,False,0.0,0.0,0.0,0.0,0.0,0.0,Unredeemed,,,,0.20859364206639058,-50.0,-0.9958281271586722,False,True
KAI LAUNCH,LAUNCH,gKAI,0x533b65ce39f438105f36d988d9c106f693ec2b74,1,50.0,1787584155,True,1,15.0,1787605355.0,True,77.62773034588477,217.060698,0.0,1.0,48.242366249999996,0.0,Flipper,1787605379.0,0.006666666666666667,Grail,0.12924350050828196,167.060698,3.343798830010166,False,True
KAI LAUNCH,LAUNCH,gKAI,0x534f757609e57ee164b929e0c50861559f9aa125,1,50.0,1787584151,True,1,15.0,1787585889.0,True,0.0,0.0,0.0,1.0,48.242366249999996,0.0,Flipper,,,,0.0,-50.0,-1.0,False,True
KAI LAUNCH,LAUNCH,gKAI,0x53991b9ce11a4a44b5ab2e59d790a14ac7c5df47,1,50.0,1787584153,True,1,15.0,1787585717.0,True,0.0,0.0,0.0,1.0,48.242366249999996,0.0,Flipper,,,,0.0,-50.0,-1.0,False,True
KAI LAUNCH,LAUNCH,gKAI,0x57a625f03449fed880c8b3d06aa46d3b9e486ba7,1,50.0,1787584367,True,1,60.0,1787584391.0,True,60.0,187.00233,0.0,1.0,192.96946499999999,0.0,Flipper,1787584439.0,0.013333333333333334,Grail,0.0,137.00233,2.7400466,False,True
KAI LAUNCH,LAUNCH,gKAI,0x5897c4414a49eb9d754eea66d776c9f51ecae7e2,1,50.0,1787584367,False,0,0.0,,False,0.0,0.0,0.0,0.0,0.0,0.0,Unredeemed,,,,0.0,-50.0,-1.0,True,True
KAI LAUNCH,LAUNCH,gKAI,0x5ae1a1786d6e8ee80a6117914f0574a960bf7d0f,1,50.0,1787584165,True,1,15.0,1788245807.0,True,51.90136133016763,153.560424,0.0,1.0,48.242366249999996,0.0,Flipper,1789024281.0,216.24277777777777,Grail,0.0,103.56042400000001,2.07120848,False,True
KAI LAUNCH,LAUNCH,gKAI,0x5b899f5bd0ad9773ca7e7d73d787bb776f7c4d6e,1,50.0,1787584215,False,0,0.0,,False,0.0,0.0,0.0,0.0,0.0,0.0,Unredeemed,,,,0.0,-50.0,-1.0,False,True
KAI LAUNCH,LAUNCH,gKAI,0x5c357af017c471d950cc8915bd97e2ae8c989b92,1,50.0,1787584155,True,1,15.0,1787584389.0,True,15.049625306474042,45.026004,0.08069272670521635,0.9193072732947837,48.242366249999996,3.8928080754242025,Partial seller,1788006313.0,117.20111111111112,Grail,0.0,-4.973996,-0.09947991999999994,False,True
KAI LAUNCH,LAUNCH,gKAI,0x5c425da5f5b89aeae5f33bbfed30ce30f62a3d6d,1,50.0,1787584181,False,0,0.0,,False,0.0,0.0,0.0,0.0,0.0,0.0,Unredeemed,,,,0.0,-50.0,-1.0,False,True
KAI LAUNCH,LAUNCH,gKAI,0x5cec532257db856b9cc7c9cd23ba1e72cc57ac60,1,50.0,1787584211,True,1,15.0,1787584373.0,True,15.0,50.604958,0.0,1.0,48.242366249999996,0.0,Flipper,1787584819.0,0.1238888888888889,Grail,0.0,0.6049580000000034,0.012099159999999998,False,True
KAI LAUNCH,LAUNCH,gKAI,0x5cffeab07c8866a48f377bf7fe823d348308d20e,1,50.0,1787584241,True,1,15.0,1787584335.0,True,15.0,39.596467,0.0,1.0,48.242366249999996,0.0,Flipper,1787584343.0,0.0022222222222222222,Grail,0.0,-10.403533000000003,-0.20807066000000007,False,True
KAI LAUNCH,LAUNCH,gKAI,0x5e3f408b76ef2befae784b968bde8be679fb285d,1,50.0,1787584163,True,1,100.0,1787584191.0,True,100.0,349.994168,0.0,1.0,321.615775,0.0,Flipper,1787584235.0,0.012222222222222223,OKX Wallet,0.0,299.994168,5.99988336,True,True
KAI LAUNCH,LAUNCH,gKAI,0x5e6a9572b19157facdfae5c9766c06fe01a1a611,1,50.0,1787584173,True,1,15.0,1787878275.0,True,29.641146633327107,96.135103,0.0,1.0,48.242366249999996,0.0,Flipper,1790996225.0,866.0972222222222,Grail,0.0,46.135103,0.92270206,False,True
KAI LAUNCH,LAUNCH,gKAI,0x5effcc3ec2f21a2a5032611d1ea45a757f87ae84,1,50.0,1787584133,True,1,15.0,1787584145.0,True,14.336593228833646,54.969665,1.1842378929335003e-16,0.9999999999999999,48.242366249999996,5.7130438158026206e-15,Flipper,1787589659.0,1.5316666666666667,Grail,0.0,4.969664999999999,0.09939330000000002,False,True
KAI LAUNCH,LAUNCH,gKAI,0x5f4d14f966f5098aa7b529ea3510343a8281399e,1,50.0,1787584149,True,1,15.0,1787585859.0,True,0.0,0.0,0.0,1.0,48.242366249999996,0.0,Flipper,,,,0.0,-50.0,-1.0,False,True
KAI LAUNCH,LAUNCH,gKAI,0x5fc13c6ef9aff76ec6f753eb549a73096f5ccbea,1,50.0,1787584181,True,1,15.0,1788187877.0,True,15.0,37.112478,0.0,1.0,48.242366249999996,0.0,Flipper,1788187905.0,0.0077777777777777776,Grail,0.0,-12.887521999999997,-0.2577504399999999,False,True
KAI LAUNCH,LAUNCH,gKAI,0x5fcabfef2b7af7ac4fbd5799dc9c8902b712e0b1,1,50.0,1787584133,True,1,15.0,1787584143.0,True,15.0,57.004782,0.0,1.0,48.242366249999996,0.0,Flipper,1787589731.0,1.5522222222222222,Grail,0.0,7.004781999999999,0.14009563999999997,False,True
KAI LAUNCH,LAUNCH,gKAI,0x5fdeeff2b4ad526b0240ab1398afbf49deb383e3,1,50.0,1787584151,True,1,15.0,1787584185.0,True,15.0,56.238804,0.0,1.0,48.242366249999996,0.0,Flipper,1787584209.0,0.006666666666666667,Grail,0.0,6.238804000000002,0.12477607999999996,False,True
KAI LAUNCH,LAUNCH,gKAI,0x61ef23e677afd042b34605a9c08fc806ac974703,1,50.0,1787584161,True,1,15.0,1787584185.0,True,15.5,57.935389,0.424991312235971,0.575008687764029,48.242366249999996,20.502586537955818,Partial seller,1787584209.0,0.006666666666666667,Grail,20.50258653795582,7.935389000000001,0.5687595107591163,True,True
KAI LAUNCH,LAUNCH,gKAI,0x630f77a10e249327a11ca3f43941d02e98b1f889,1,50.0,1787584177,True,1,15.0,1787584223.0,True,15.0,47.662856,0.0,1.0,48.242366249999996,0.0,Flipper,1787584251.0,0.0077777777777777776,Grail,0.0,-2.337144000000002,-0.04674288000000004,False,True
KAI LAUNCH,LAUNCH,gKAI,0x638d05639156fafdb4421d078059f38712eb1aba,1,50.0,1787584155,True,1,15.0,1787584183.0,True,15.0,58.060182,0.0,1.0,48.242366249999996,0.0,Flipper,1787584203.0,0.005555555555555556,Grail,0.0,8.060181999999998,0.16120363999999987,False,True
KAI LAUNCH,LAUNCH,gKAI,0x666d254b723ce08978efa1715978767e23df6126,1,50.0,1787584153,True,1,15.0,1787584249.0,True,15.0,49.751645,0.0123559583400836,0.9876440416599164,48.242366249999996,0.596080667612055,Flipper,1787585165.0,0.2544444444444444,Grail,0.5960806676120544,-0.24835499999999655,0.006954513352241287,False,True
KAI LAUNCH,LAUNCH,gKAI,0x6738e5114a64eb9a28038029f37b07c337e97340,1,50.0,1787584185,True,1,15.0,1787585611.0,True,15.0,51.371601,0.02036598234782995,0.9796340176521701,48.242366249999996,0.9825031794650473,Flipper,1787594025.0,2.337222222222222,Grail,0.982503179465046,1.3716009999999983,0.04708208358930088,False,True
KAI LAUNCH,LAUNCH,gKAI,0x68442253055c42961397da824511c61e531b7648,1,50.0,1787584203,True,1,15.0,1787584227.0,True,15.0,49.911831,0.0,1.0,48.242366249999996,0.0,Flipper,1787584243.0,0.0044444444444444444,Grail,0.0,-0.08816900000000061,-0.001763379999999981,False,True
KAI LAUNCH,LAUNCH,gKAI,0x6a2b7688875cfd0ed200eff704ad81fe1912cd70,1,50.0,1787584173,True,1,15.0,1787584223.0,True,15.0,45.049229,0.0,1.0,48.242366249999996,0.0,Flipper,1787584273.0,0.013888888888888888,Grail,0.0,-4.950771000000003,-0.09901542000000008,False,True
KAI LAUNCH,LAUNCH,gKAI,0x6afb06fc5a0dae2a86b96088338236d02f999999,1,50.0,1787584151,True,1,60.0,1787584175.0,True,60.0,242.858223,0.0,1.0,192.96946499999999,0.0,Flipper,1787584179.0,0.0011111111111111111,GMGN,0.0,192.858223,3.85716446,True,True
KAI LAUNCH,LAUNCH,gKAI,0x6b41abdca985ec9c6c675f8b20004ad1002dd783,1,50.0,1787584133,True,1,15.0,1787584145.0,True,15.0,57.177366,0.0,1.0,48.242366249999996,0.0,Flipper,1787589697.0,1.5422222222222222,Grail,0.0,7.177365999999999,0.14354731999999992,False,True
KAI LAUNCH,LAUNCH,gKAI,0x6cce35430fff6d0b20d4b73fce864e7a5be57471,1,50.0,1787584193,False,0,0.0,,False,0.0,0.0,0.0,0.0,0.0,0.0,Unredeemed,,,,0.0,-50.0,-1.0,False,True
KAI LAUNCH,LAUNCH,gKAI,0x6f1760b5db759b9877833f524a62862737743253,1,50.0,1787584147,True,1,15.0,1787584335.0,True,15.0,55.273095,0.0,1.0,48.242366249999996,0.0,Flipper,1787589051.0,1.31,Grail,0.0,5.273094999999998,0.10546189999999989,False,True
KAI LAUNCH,LAUNCH,gKAI,0x6f790950f9a0fb4536fd856255b985188a8bb6c5,1,50.0,1787584179,True,1,15.0,1787584227.0,True,15.0,39.699264,0.0,1.0,48.242366249999996,0.0,Flipper,1787584297.0,0.019444444444444445,Grail,0.0,-10.300736,-0.20601471999999998,False,True
KAI LAUNCH,LAUNCH,gKAI,0x738c2d3577bf9522eec1caf302675a48ecddd100,1,50.0,1787584139,True,1,15.0,1787584163.0,True,15.0,60.240433,0.013709563544148769,0.9862904364558512,48.242366249999996,0.6613817856244729,Flipper,1787584179.0,0.0044444444444444444,Grail,0.6613817856244726,10.240433000000003,0.2180362957124895,True,True
KAI LAUNCH,LAUNCH,gKAI,0x739ed8fa0036d3ae2a5bed0585ebbab31cceddce,1,50.0,1787584169,False,0,0.0,,False,0.0,0.0,0.0,0.0,0.0,0.0,Unredeemed,,,,0.19952782812151865,-50.0,-0.9960094434375696,False,True
KAI LAUNCH,LAUNCH,gKAI,0x7502e404dc96580157ffbc37504c5d88a2369a80,1,50.0,1787584163,True,1,15.0,1787584201.0,True,27.321514533014685,82.409919,0.0,1.0,48.242366249999996,0.0,Flipper,1787584339.0,0.03833333333333333,1inch,0.004824236625000183,32.409919,0.6482948647325,False,True
KAI LAUNCH,LAUNCH,gKAI,0x75dc757da6c46fe5514c210f354b849cad6018b9,1,50.0,1787584257,True,1,15.0,1787584723.0,True,15.0,50.022631,0.0,1.0,48.242366249999996,0.0,Flipper,1787584841.0,0.03277777777777778,Grail,0.0,0.02263099999999696,0.00045261999999990365,False,True
KAI LAUNCH,LAUNCH,gKAI,0x767f14ebf41bf92b1aedc258c4bf8561e0eaf315,1,50.0,1787584151,False,0,0.0,,False,186.00893968891188,525.8575020000001,0.0,0.0,0.0,0.0,Unredeemed,1787677381.0,,Grail,0.0,475.85750200000007,9.51715004,False,True
KAI LAUNCH,LAUNCH,gKAI,0x76cde0047de56ea158c012011c7123503b1c2bf6,1,50.0,1787584151,False,0,0.0,,False,0.04473186624828816,0.146208,0.0,0.0,0.0,0.0,Unredeemed,1788464565.0,,Grail,0.0,-49.853792,-0.99707584,False,True
KAI LAUNCH,LAUNCH,gKAI,0x78bd9bae79c1bfbe3df3e7a67268a1922bd74c79,1,50.0,1787584149,True,1,15.0,1787586009.0,True,0.0,0.0,0.0,1.0,48.242366249999996,0.0,Flipper,,,,0.0,-50.0,-1.0,False,True
KAI LAUNCH,LAUNCH,gKAI,0x7a02aecf045689120e79b89777a5d882fa3f13f8,1,50.0,1787584159,True,1,15.0,1787584251.0,True,0.0,0.0,0.0,1.0,48.242366249999996,0.0,Flipper,,,,0.0,-50.0,-1.0,False,True
KAI LAUNCH,LAUNCH,gKAI,0x7b2adeee812f2fde59a60ccd958226d1c9c82694,1,50.0,1787584143,False,0,0.0,,False,0.0,0.0,0.0,0.0,0.0,0.0,Unredeemed,,,,1328.932544333887,-50.0,25.578650886677742,True,True
KAI LAUNCH,LAUNCH,gKAI,0x7bba0d9cb8a9333407c1bf4cfd3f0ac4baf0260c,1,50.0,1787584171,True,1,15.0,1788202127.0,False,0.0,0.0,1.0,0.0,48.242366249999996,48.242366249999996,Holder,,,,48.242366249999996,-50.0,-0.03515267500000008,False,True
KAI LAUNCH,LAUNCH,gKAI,0x7c2c293800e4d8951dd030aaedf7b05c101e7331,1,50.0,1787584173,True,1,15.0,1787584251.0,False,14.99,60.8989,1.0,0.0,48.242366249999996,48.242366249999996,Holder,1787828035.0,67.71777777777778,Grail,99.29036748507376,10.898899999999998,2.2037853497014748,False,True
KAI LAUNCH,LAUNCH,gKAI,0x7c7476762a112e4397658d888956f3d140e19a9b,1,50.0,1787584221,False,0,0.0,,False,0.0,0.0,0.0,0.0,0.0,0.0,Unredeemed,,,,695.3224332872005,-50.0,12.90644866574401,False,True
KAI LAUNCH,LAUNCH,gKAI,0x7c84247883a812d38e5e2d0628e4e9f60d56d61a,1,50.0,1787584169,True,1,15.0,1787986865.0,True,15.464299256626797,50.609023,0.0,1.0,48.242366249999996,0.0,Flipper,1790940093.0,820.3411111111111,Grail,0.0,0.6090230000000005,0.012180459999999949,False,True
KAI LAUNCH,LAUNCH,gKAI,0x7eb84dda9d85495520f8755e816afa59ecb9966f,1,50.0,1787584147,True,1,15.0,1787584213.0,True,15.0,53.770796,0.0,1.0,48.242366249999996,0.0,Flipper,1787584229.0,0.0044444444444444444,Grail,0.0,3.770795999999997,0.07541591999999997,False,True
KAI LAUNCH,LAUNCH,gKAI,0x7f0d0db7fde96ae1f82ec4e8c0ac9001520cf6e0,1,50.0,1787584259,False,0,0.0,,False,0.0,0.0,0.0,0.0,0.0,0.0,Unredeemed,,,,989.0664455246227,-50.0,18.781328910492455,False,True
KAI LAUNCH,LAUNCH,gKAI,0x7f1d46e0803708586c2faac85310a449a89fc596,1,50.0,1787584173,True,1,15.0,1787584259.0,True,15.0,52.5085,0.0,1.0,48.242366249999996,0.0,Flipper,1790605211.0,839.1533333333333,OKX Wallet,0.0,2.508499999999998,0.05017000000000005,False,True
KAI LAUNCH,LAUNCH,gKAI,0x7fead8049067210edf54f44e37e153879c473211,1,50.0,1787584155,True,1,15.0,1787584207.0,True,14.525,52.219728,0.03166666666666665,0.9683333333333334,48.242366249999996,1.5276749312499989,Flipper,1787584229.0,0.006111111111111111,Grail,1.5276749312499989,2.2197280000000035,0.07494805862499998,False,True
KAI LAUNCH,LAUNCH,gKAI,0x8011e95d9b67844127807b20ec6124a23fdcf34c,1,50.0,1787584187,False,0,0.0,,False,0.0,0.0,0.0,0.0,0.0,0.0,Unredeemed,,,,0.0,-50.0,-1.0,False,True
KAI LAUNCH,LAUNCH,gKAI,0x8051b56ec53f61591329785e0991179367173745,1,50.0,1787584165,True,1,60.0,1787584255.0,True,59.95,212.633912,0.0008333333333332859,0.9991666666666668,192.96946499999999,0.16080788749999084,Flipper,1787586655.0,0.6666666666666666,Grail,0.16080788749999084,162.633912,3.2558943977500006,False,True
KAI LAUNCH,LAUNCH,gKAI,0x80cf8b36d471f291f1be46c8fd4ad10b97c74c47,1,50.0,1787584143,True,1,15.0,1787584191.0,True,15.0,55.555909,0.0,1.0,48.242366249999996,0.0,Flipper,1787584221.0,0.008333333333333333,Grail,0.0,5.555909,0.11111818000000007,False,True
KAI LAUNCH,LAUNCH,gKAI,0x81c9eb47f4e3a66d7e0ee6e95d29da2542d66601,1,50.0,1787584153,True,1,15.0,1787586201.0,True,0.0,0.0,0.0,1.0,48.242366249999996,0.0,Flipper,,,,0.0,-50.0,-1.0,False,True
KAI LAUNCH,LAUNCH,gKAI,0x83a7a0f0d724e22cfe8463b41c1d959baca13c88,1,50.0,1787584337,True,1,15.0,1787596565.0,False,0.0,0.0,1.0,0.0,48.242366249999996,48.242366249999996,Holder,,,,3575.71723643126,-50.0,70.5143447286252,False,True
KAI LAUNCH,LAUNCH,gKAI,0x84125eee20d26781c216140e7c1cabc535d3b8b5,1,50.0,1787584195,True,1,15.0,1788508789.0,True,15.0,43.520437,0.0,1.0,48.242366249999996,0.0,Flipper,1788508821.0,0.008888888888888889,Grail,0.0,-6.479562999999999,-0.12959125999999999,False,True
KAI LAUNCH,LAUNCH,gKAI,0x8492685dd2524bc2f623a8fa382512dc77eba811,1,50.0,1787584161,True,1,15.0,1787584251.0,True,0.0,0.0,0.0,1.0,48.242366249999996,0.0,Flipper,,,,0.0,-50.0,-1.0,False,True
KAI LAUNCH,LAUNCH,gKAI,0x8c624b11a3a2eebf4132d81cc539b57c52efc27e,1,50.0,1787584179,True,1,15.0,1787584199.0,True,15.0,54.568577,0.0,1.0,48.242366249999996,0.0,Flipper,1787584223.0,0.006666666666666667,Grail,0.0,4.568576999999998,0.09137153999999992,False,True
KAI LAUNCH,LAUNCH,gKAI,0x8d63d43e2c8279d6ae5790429bc3d480f850ce73,1,50.0,1787584285,False,0,0.0,,False,0.0,0.0,0.0,0.0,0.0,0.0,Unredeemed,,,,2.842164390352605,-50.0,-0.9431567121929479,False,True
KAI LAUNCH,LAUNCH,gKAI,0x8d6a93fbc6d2631751ae5542386284e07378148d,1,50.0,1787584133,True,1,15.0,1787584141.0,True,12.805424334486146,46.285087,0.0,1.0,48.242366249999996,0.0,Flipper,1787639309.0,15.324444444444444,Grail,0.0,-3.714913000000003,-0.07429826000000006,False,True
KAI LAUNCH,LAUNCH,gKAI,0x8ecd2b14462f3012b57ffa189199a7aa1c77872e,1,50.0,1787584133,True,1,15.0,1787584143.0,True,14.336593228833646,54.810603,1.1842378929335003e-16,0.9999999999999999,48.242366249999996,5.7130438158026206e-15,Flipper,1787589665.0,1.5338888888888889,Grail,0.0,4.810603,0.09621206000000004,False,True
KAI LAUNCH,LAUNCH,gKAI,0x93b0ac79741c251714c24cd2a2dec2e2b16423ee,1,50.0,1787584159,True,1,15.0,1787584197.0,True,27.229983750447268,94.41909899999999,0.0,1.0,48.242366249999996,0.0,Flipper,1787850921.0,74.09,Grail,0.0,44.41909899999999,0.8883819799999997,False,True
KAI LAUNCH,LAUNCH,gKAI,0x961b6d76bf42b204191e2df70b88282146875d76,1,50.0,1787584169,True,1,15.0,1787584513.0,True,15.063386670184785,51.29905,1.1842378929335003e-16,0.9999999999999999,48.242366249999996,5.7130438158026206e-15,Flipper,1787584541.0,0.0077777777777777776,Grail,0.0,1.2990500000000011,0.025981000000000032,False,True
KAI LAUNCH,LAUNCH,gKAI,0x9672c88e56dd243ddfc1e3c0df98cfa2dc8f874a,1,50.0,1787584159,True,1,15.0,1787584233.0,True,15.0,39.378257999999995,0.0,1.0,48.242366249999996,0.0,Flipper,1787584309.0,0.021111111111111112,Grail,0.0,-10.621742000000005,-0.21243484000000012,False,True
KAI LAUNCH,LAUNCH,gKAI,0x97984422c7c31572c283f9429607471119c9b7f8,1,50.0,1787584169,True,1,15.0,1787584235.0,True,12.0,37.281289,0.29788341935953017,0.7021165806404699,48.242366249999996,14.370601016544795,Partial seller,1787584265.0,0.008333333333333333,Grail,14.370601016544795,-12.718710999999999,0.03303780033089598,False,True
KAI LAUNCH,LAUNCH,gKAI,0x97fb1920888406d15eaff118d5641d1cc3c4b8e6,1,50.0,1787584189,True,1,15.0,1787584219.0,True,82.33221293599982,246.098137,0.0,1.0,48.242366249999996,0.0,Flipper,1787584249.0,0.008333333333333333,Grail,0.0,196.098137,3.9219627400000006,False,True
KAI LAUNCH,LAUNCH,gKAI,0x98d6b47d2c6abf76f918cf37003e20dff6993592,1,50.0,1787584147,True,1,15.0,1787584259.0,False,0.0,0.0,1.0,0.0,48.242366249999996,48.242366249999996,Holder,,,,48.242366249999996,-50.0,-0.03515267500000008,False,True
KAI LAUNCH,LAUNCH,gKAI,0x9a9fc28b68d6a2dab7c6791f34f5cbc96567f3b9,1,50.0,1787584249,False,0,0.0,,False,0.0,0.0,0.0,0.0,0.0,0.0,Unredeemed,,,,487.635265186403,-50.0,8.75270530372806,False,True
KAI LAUNCH,LAUNCH,gKAI,0x9b2fd05649a0ee0d91094bc08b92a3b60298692e,1,50.0,1787584151,True,1,15.0,1787585139.0,True,0.0,0.0,0.0,1.0,48.242366249999996,0.0,Flipper,,,,0.0,-50.0,-1.0,False,True
KAI LAUNCH,LAUNCH,gKAI,0x9f73e6579f9e13b0da069d460fe021c77b27436e,1,50.0,1787584149,True,1,15.0,1787585757.0,True,0.0,0.0,0.0,1.0,48.242366249999996,0.0,Flipper,,,,0.0,-50.0,-1.0,False,True
KAI LAUNCH,LAUNCH,gKAI,0xa0d4805d1e7b4d35f962cd435be87571ddb80d97,1,50.0,1787584163,True,1,15.0,1788168057.0,True,51.78381997853596,163.55581299999997,0.0,1.0,48.242366249999996,0.0,Flipper,1788248337.0,22.3,Grail,0.0,113.55581299999997,2.2711162599999994,False,True
KAI LAUNCH,LAUNCH,gKAI,0xa45111cdd1443e9f47e749ab714ace08915d3b45,1,50.0,1787584159,True,1,15.0,1787584207.0,True,40.00058042003959,139.315155,5.921189464667501e-17,0.9999999999999999,48.242366249999996,2.8565219079013103e-15,Flipper,1787584211.0,0.0011111111111111111,Unknown App E,0.0,89.315155,1.7863031,True,True
KAI LAUNCH,LAUNCH,gKAI,0xa84f8eac13b6bd3756fc6a2cd6edaff2e7197444,1,50.0,1787584163,True,1,15.0,1788118877.0,False,5.0,16.256876,1.0,0.0,48.242366249999996,48.242366249999996,Holder,1790959311.0,789.0094444444444,Grail,106.53018959462479,-33.743124,1.4557413118924956,False,True
KAI LAUNCH,LAUNCH,gKAI,0xa8cff29431eb3470d582e3458aebe9dea47c59c9,1,50.0,1787584169,True,1,15.0,1787638555.0,True,15.456274619709447,54.167804,0.0,1.0,48.242366249999996,0.0,Flipper,1790665875.0,840.9222222222222,Grail,0.0,4.167803999999997,0.08335607999999994,False,True
KAI LAUNCH,LAUNCH,gKAI,0xaa58e52bcecd1e3805a7ca799f14f06307f0927a,1,50.0,1787584165,True,1,15.0,1787584229.0,True,15.0,44.435357,0.0,1.0,48.242366249999996,0.0,Flipper,1790600563.0,837.8705555555556,OKX Wallet,0.0,-5.564642999999997,-0.11129285999999994,False,True
KAI LAUNCH,LAUNCH,gKAI,0xaab1dc6c5e63ad528f7d510f11f7191dbcd6552b,1,50.0,1787584179,True,1,15.0,1788187995.0,True,15.0,36.725289,0.0,1.0,48.242366249999996,0.0,Flipper,1788188031.0,0.01,Grail,0.0,-13.274711000000003,-0.2654942200000001,False,True
KAI LAUNCH,LAUNCH,gKAI,0xac90a993dfaeab8632dab523d7e4f2c0889343b6,1,50.0,1787584133,True,1,15.0,1787584145.0,True,14.25116625833514,55.115854,0.0,1.0,48.242366249999996,0.0,Flipper,1787589545.0,1.5,Grail,0.0,5.115853999999999,0.10231707999999995,False,True
KAI LAUNCH,LAUNCH,gKAI,0xadc9994f09588fac09933731db4bf3a2ca0cea79,1,50.0,1787584161,True,1,15.0,1787584285.0,True,15.0,38.706084,0.0,1.0,48.242366249999996,0.0,Flipper,1787584311.0,0.007222222222222222,Bots / Direct,0.0,-11.293916000000003,-0.22587832000000008,False,True
KAI LAUNCH,LAUNCH,gKAI,0xae4b59fbd28eeae34f9f350c39153806e694b76e,1,50.0,1787584147,False,0,0.0,,False,0.0,0.0,0.0,0.0,0.0,0.0,Unredeemed,,,,889.2082318490243,-50.0,16.784164636980485,False,True
KAI LAUNCH,LAUNCH,gKAI,0xaf186526734e9038f21d2b0698ae02417c21cc70,1,50.0,1787584139,True,1,15.0,1787584171.0,True,165.48220534882336,541.180609,0.0,1.0,48.242366249999996,0.0,Flipper,1787584185.0,0.0038888888888888888,OKX Wallet,0.0,491.180609,9.82361218,False,True
KAI LAUNCH,LAUNCH,gKAI,0xaf46123e9ab90ca8e01b1e9cc50057cf9477f003,1,50.0,1787584143,True,1,15.0,1787584171.0,True,14.526,57.616988,0.03160000000000002,0.9683999999999999,48.242366249999996,1.5244587735000006,Flipper,1787584189.0,0.005,Grail,1.5244587735000006,7.616987999999999,0.1828289354699999,True,True
KAI LAUNCH,LAUNCH,gKAI,0xb033f119a9ed1ebb9a628861ced9e3b636742069,1,50.0,1787584141,True,1,15.0,1787584801.0,True,15.181,55.585056,0.032027539656568745,0.9679724603434312,48.242366249999996,1.5450842981985886,Flipper,1787634557.0,13.821111111111112,Grail,1.5450842981985886,5.585056000000002,0.1426028059639719,True,True
KAI LAUNCH,LAUNCH,gKAI,0xb0d1f1a39166977d5d9c846803dd114f86397b16,1,50.0,1787584271,False,0,0.0,,False,0.0,0.0,0.0,0.0,0.0,0.0,Unredeemed,,,,0.0,-50.0,-1.0,False,True
KAI LAUNCH,LAUNCH,gKAI,0xb1c9c618f172669f6287cfbb026d0b2ddd3cd5c7,1,50.0,1787584145,True,1,15.0,1787584171.0,True,15.0,61.386419,0.0,1.0,48.242366249999996,0.0,Flipper,1787584177.0,0.0016666666666666668,Unknown App E,0.0,11.386418999999997,0.22772837999999984,True,True
KAI LAUNCH,LAUNCH,gKAI,0xb280b53774b229252e51a540ae34b2380fafbc45,1,50.0,1787584169,True,1,100.0,1790540707.0,True,100.0,330.925408,0.0,1.0,321.615775,0.0,Flipper,1790540727.0,0.005555555555555556,Grail,0.0,280.925408,5.61850816,False,True
KAI LAUNCH,LAUNCH,gKAI,0xb3bf33014e6a86e97ee9fff72fe784fd5c37f429,1,50.0,1787584159,True,1,15.0,1787824865.0,True,15.767136344553881,55.069491,1.1842378929335003e-16,0.9999999999999999,48.242366249999996,5.7130438158026206e-15,Flipper,1790607405.0,772.9277777777778,Grail,0.0,5.069490999999999,0.10138982000000007,False,True
KAI LAUNCH,LAUNCH,gKAI,0xb3c83b2113a23d2bb7a11740b2cb80ff14abf1d0,1,50.0,1787584327,True,1,15.0,1787584463.0,True,15.136549998103169,51.80702,4.736951571734001e-16,0.9999999999999996,48.242366249999996,2.2852175263210482e-14,Flipper,1787585639.0,0.32666666666666666,0x API (Matcha/Rabby),0.0,1.8070200000000014,0.03614040000000007,False,True
KAI LAUNCH,LAUNCH,gKAI,0xb4331f5c849a61dd4834d5afc1ea0d897cac65e9,1,50.0,1787584163,True,1,15.0,1787584273.0,False,15.0,49.450297,1.0,0.0,48.242366249999996,48.242366249999996,Holder,1787584903.0,0.175,Grail,69.125379261946,-0.5497030000000009,1.3715135252389201,False,True
KAI LAUNCH,LAUNCH,gKAI,0xb52d992b81b72e216c8a6e19b6d211683168e570,1,50.0,1787584313,True,1,15.0,1787584335.0,True,15.0,39.330868,0.0,1.0,48.242366249999996,0.0,Flipper,1787584349.0,0.0038888888888888888,Unknown App E,0.0,-10.669131999999998,-0.21338263999999996,True,True
KAI LAUNCH,LAUNCH,gKAI,0xb6bd8add47d3b1679df9a63286d4636dac7448b0,1,50.0,1787584139,True,1,15.0,1787584191.0,True,15.0,49.729206,0.0,1.0,48.242366249999996,0.0,Flipper,1788461965.0,243.82611111111112,Grail,0.0,-0.2707940000000022,-0.0054158800000000396,False,True
KAI LAUNCH,LAUNCH,gKAI,0xb748c3d2f76f274af98d6ae5140a3780a5aab818,1,50.0,1787584145,True,1,15.0,1787585785.0,True,15.0,55.448673,0.017924999072369968,0.98207500092763,48.242366249999996,0.8647443702801821,Flipper,1787588983.0,0.8883333333333333,Grail,0.8647443702801841,5.448672999999999,0.12626834740560366,False,True
KAI LAUNCH,LAUNCH,gKAI,0xb84ffc5a7e1d19340a3bb79c1d14cf574566fe81,1,50.0,1787584159,True,1,15.0,1787584221.0,True,15.0,50.525787,0.0,1.0,48.242366249999996,0.0,Flipper,1787584241.0,0.005555555555555556,Grail,0.0,0.5257870000000011,0.010515739999999996,False,True
KAI LAUNCH,LAUNCH,gKAI,0xb8b60d295e7b69ea01df49e24a268da0692cbedf,1,50.0,1787584143,True,1,15.0,1787584171.0,True,1865.609851565561,6798.779397,9.473903143468004e-15,0.9999999999999906,48.242366249999996,4.570435052642097e-13,Flipper,1787688381.0,28.947222222222223,Grail,0.0,6748.779397,134.97558794,False,True
KAI LAUNCH,LAUNCH,gKAI,0xb8d5da4e2afb4e6c7ab0f5576b4a7a3473379741,1,50.0,1787584325,False,0,0.0,,False,0.0,0.0,0.0,0.0,0.0,0.0,Unredeemed,,,,1082.7157177439258,-50.0,20.654314354878515,True,True
KAI LAUNCH,LAUNCH,gKAI,0xbb36765bfbf75a31054c1525219b998b2e6f5d10,1,50.0,1787584179,True,1,15.0,1787987027.0,True,15.312659835697856,52.204832,1.1842378929335003e-16,0.9999999999999999,48.242366249999996,5.7130438158026206e-15,Flipper,1790759391.0,770.1011111111111,Grail,0.0,2.2048320000000032,0.04409664000000002,False,True
KAI LAUNCH,LAUNCH,gKAI,0xbbb489c5804e5f0d7c78dee0c1ffebf6eafe23c6,1,50.0,1787584139,True,1,15.0,1787584189.0,True,15.032176513847093,58.006379,0.008749858281718658,0.9912501417182813,48.242366249999996,0.4221138678622672,Flipper,1787584203.0,0.0038888888888888888,Grail,0.42211386786226396,8.006379000000003,0.1685698573572454,False,True
KAI LAUNCH,LAUNCH,gKAI,0xbe6cef7632a5fce88ba629ef57b7e1d26ae03865,1,50.0,1787584171,True,1,15.0,1788191965.0,False,0.0,0.0,1.0,0.0,48.242366249999996,48.242366249999996,Holder,,,,48.242366249999996,-50.0,-0.03515267500000008,False,True
KAI LAUNCH,LAUNCH,gKAI,0xbec2c1ca116a832f4ddab165000610ee850fd338,1,50.0,1787584167,True,1,15.0,1787593741.0,True,0.0,0.0,0.0,1.0,48.242366249999996,0.0,Flipper,,,,0.0,-50.0,-1.0,False,True
KAI LAUNCH,LAUNCH,gKAI,0xc4517c6648898aa73062890c6a721cd88a6a7313,1,50.0,1787584289,False,0,0.0,,False,22.898,62.333984,0.0,0.0,0.0,0.0,Unredeemed,1788190513.0,,Grail,493.7900815737141,12.333984000000001,10.122481311474282,False,True
KAI LAUNCH,LAUNCH,gKAI,0xc64145cb852d00f8ca2f6573cb96a6ea562c683e,1,50.0,1787584181,True,1,15.0,1787584219.0,True,15.0,39.27101,0.0,1.0,48.242366249999996,0.0,Flipper,1787584299.0,0.022222222222222223,Grail,0.0,-10.728990000000003,-0.2145798000000001,False,True
KAI LAUNCH,LAUNCH,gKAI,0xc6eaacaa6de1b7c98ff558da46e0bbd62a333885,1,50.0,1787584147,False,0,0.0,,False,437.6721239302218,1539.239555,0.0,0.0,0.0,0.0,Unredeemed,1787809383.0,,Grail,0.0,1489.239555,29.784791100000003,False,True
KAI LAUNCH,LAUNCH,gKAI,0xc6fac2424e017e1b789651a82018d2cc8623653f,1,50.0,1787584179,True,1,15.0,1787584217.0,True,15.02668490569862,53.549537,0.0,1.0,48.242366249999996,0.0,Flipper,1787584233.0,0.0044444444444444444,Grail,0.0,3.549537000000001,0.07099074000000005,False,True
KAI LAUNCH,LAUNCH,gKAI,0xc883c0c0726bbcaa322de3ce86909596fa0834af,1,50.0,1787584147,True,1,15.0,1787584191.0,True,15.0,54.24531,0.0,1.0,48.242366249999996,0.0,Flipper,1787584225.0,0.009444444444444445,Grail,0.0,4.2453100000000035,0.08490620000000004,True,True
KAI LAUNCH,LAUNCH,gKAI,0xc9174488d99af3e5c6f22caf7f03ef0080b26824,1,50.0,1787584147,True,1,15.0,1787586035.0,True,0.0,0.0,0.0,1.0,48.242366249999996,0.0,Flipper,,,,0.0,-50.0,-1.0,False,True
KAI LAUNCH,LAUNCH,gKAI,0xcadb43cc179801dadad9e9041c7565f528940a0d,1,50.0,1787584143,True,1,15.0,1787584177.0,True,15.0,49.016289,0.0,1.0,48.242366249999996,0.0,Flipper,1790978691.0,942.9205555555556,0x API (Matcha/Rabby),0.8410623633388459,-0.9837109999999996,-0.002852972733223158,False,True
KAI LAUNCH,LAUNCH,gKAI,0xcbbcdc02613148258f1e39294517b4fdfd15b7c6,1,50.0,1787584191,False,0,0.0,,False,0.0,0.0,0.0,0.0,0.0,0.0,Unredeemed,,,,0.0,-50.0,-1.0,False,True
KAI LAUNCH,LAUNCH,gKAI,0xcc5926ddebdc8afcfeaddae4ace16e9901dca0a5,1,50.0,1787584149,True,1,15.0,1787623725.0,True,15.0,53.437037,0.0,1.0,48.242366249999996,0.0,Flipper,1787623809.0,0.023333333333333334,Grail,0.0,3.4370369999999966,0.06874073999999997,False,True
KAI LAUNCH,LAUNCH,gKAI,0xcd0a8f4a161bd70958c665c25ab3cf857872b672,1,50.0,1787584141,True,1,15.0,1787584165.0,True,15.0,61.193163,0.0,1.0,48.242366249999996,0.0,Flipper,1787584177.0,0.0033333333333333335,Grail,0.0,11.193162999999998,0.2238632599999999,False,True
KAI LAUNCH,LAUNCH,gKAI,0xcd60d10d9aefdb480aa38a592e759a44dca502b1,1,50.0,1787584209,False,0,0.0,,False,0.0,0.0,0.0,0.0,0.0,0.0,Unredeemed,,,,0.0,-50.0,-1.0,False,True
KAI LAUNCH,LAUNCH,gKAI,0xcd70f2e90a979338476447021e4879935dd5555a,1,50.0,1787584235,False,0,0.0,,False,0.0,0.0,0.0,0.0,0.0,0.0,Unredeemed,,,,43.85218826020343,-50.0,-0.12295623479593143,False,True
KAI LAUNCH,LAUNCH,gKAI,0xcdb76d26908d00c50dd9c9eb6b0fc4eff7d9b3bd,1,50.0,1787584165,False,0,0.0,,False,0.279,0.980651,0.0,0.0,0.0,0.0,Unredeemed,1787682613.0,,Grail,0.03186901584702215,-49.019349,-0.9797495996830595,False,True
KAI LAUNCH,LAUNCH,gKAI,0xd139225554b252f5956944594084b0dc270da4f8,1,50.0,1787584181,True,1,60.0,1787584227.0,True,60.0,174.591712,0.0,1.0,192.96946499999999,0.0,Flipper,1787584277.0,0.013888888888888888,Grail,0.0,124.591712,2.49183424,False,True
KAI LAUNCH,LAUNCH,gKAI,0xd34ee7d8fe01cc90ccd5d1f4efd9630087b8fd88,1,50.0,1787584241,True,1,15.0,1787584337.0,True,15.0,39.729505,0.0,1.0,48.242366249999996,0.0,Flipper,1787584347.0,0.002777777777777778,Grail,0.0,-10.270494999999997,-0.20540989999999992,False,True
KAI LAUNCH,LAUNCH,gKAI,0xd35e25f8c2ef0f27998911d1977257a76ca35879,1,50.0,1787584155,True,1,15.0,1787584211.0,True,15.0,53.297241,0.0,1.0,48.242366249999996,0.0,Flipper,1787584235.0,0.006666666666666667,Grail,0.0,3.2972409999999996,0.0659448199999999,False,True
KAI LAUNCH,LAUNCH,gKAI,0xd60b8d278a98e068eaf3508e95cf1b0089961288,1,50.0,1787584161,True,1,60.0,1787584261.0,True,60.4395,181.177679,0.0010083333333332925,0.9989916666666667,192.96946499999999,0.19457754387499213,Flipper,1787584383.0,0.03388888888888889,Fomo,0.19457754387499213,131.177679,2.6274451308775,False,True
KAI LAUNCH,LAUNCH,gKAI,0xd612d0b07027d7505fced8e01ed89438450d2b83,1,50.0,1787584153,True,1,15.0,1787584185.0,True,15.0,55.930516,0.20051463434387445,0.7994853656561256,48.242366249999996,9.673300428502019,Partial seller,1787584207.0,0.006111111111111111,Grail,9.673300428502019,5.930515999999997,0.3120763285700403,False,True
KAI LAUNCH,LAUNCH,gKAI,0xd64fd2c15961ec1681855d7f6e3301834f5b30ea,1,50.0,1787584161,True,1,15.0,1787584233.0,True,15.0,48.842309,0.0,1.0,48.242366249999996,0.0,Flipper,1790828811.0,901.2716666666666,Grail,0.0,-1.1576909999999998,-0.02315381999999999,False,True
KAI LAUNCH,LAUNCH,gKAI,0xd76d82d4f7348004a07ed1de05f20cc74355ee2e,1,50.0,1787584143,True,1,15.0,1790089175.0,True,26.880481653334137,75.936751,0.0,1.0,48.242366249999996,0.0,Flipper,1790089221.0,0.012777777777777779,1inch,0.09576316577219093,25.936751,0.520650283315444,False,True
KAI LAUNCH,LAUNCH,gKAI,0xd8bb42fb12a6660b0344fb84404fd60eec663e7e,1,50.0,1787584191,False,0,0.0,,False,62.11636321289063,149.711015,0.0,0.0,0.0,0.0,Unredeemed,1789527285.0,,Grail,0.0,99.711015,1.9942203000000003,False,True
KAI LAUNCH,LAUNCH,gKAI,0xdd3014109ecb84d7b5ee26052b5489084b58123e,1,50.0,1787584177,True,1,15.0,1787584211.0,True,15.0,54.084752,0.020130606280738778,0.9798693937192612,48.242366249999996,0.9711480810299504,Flipper,1787584225.0,0.0038888888888888888,OKX Wallet,0.9711480810299521,4.084752000000002,0.10111800162059903,True,True
KAI LAUNCH,LAUNCH,gKAI,0xded6272cbdd53f82ff235a0216ed368e0e27a98a,1,50.0,1787584167,True,1,60.0,1787584199.0,True,60.0,219.908806,0.0,1.0,192.96946499999999,0.0,Flipper,1787584223.0,0.006666666666666667,Grail,0.0,169.908806,3.3981761199999996,False,True
KAI LAUNCH,LAUNCH,gKAI,0xdfdb9fed04ad01152c60e6958b4a837e90ac7873,1,50.0,1787584139,True,1,15.0,1787584175.0,True,15.0,54.406583,0.0,1.0,48.242366249999996,0.0,Flipper,1787584223.0,0.013333333333333334,Grail,0.0,4.406582999999998,0.08813165999999995,False,True
KAI LAUNCH,LAUNCH,gKAI,0xe095ba55a62cd627eb9db0c93e65b77e07fce073,1,50.0,1787584149,True,1,15.0,1787585417.0,True,0.0,0.0,0.0,1.0,48.242366249999996,0.0,Flipper,,,,0.0,-50.0,-1.0,False,True
KAI LAUNCH,LAUNCH,gKAI,0xe24936e883d5d986e3c56512f59c4675a004db2e,1,50.0,1787584147,False,0,0.0,,False,0.0,0.0,0.0,0.0,0.0,0.0,Unredeemed,,,,9.452725537578488,-50.0,-0.8109454892484302,False,True
KAI LAUNCH,LAUNCH,gKAI,0xe2a8f2b1508db783cbd8e85057181b9ec1219dec,1,50.0,1787584279,False,0,0.0,,False,0.0,0.0,0.0,0.0,0.0,0.0,Unredeemed,,,,7.443218864894286,-50.0,-0.8511356227021143,False,True
KAI LAUNCH,LAUNCH,gKAI,0xe6786b71a8c6733daecc8d6b340ac7c4bdd03f95,1,50.0,1787584157,True,1,15.0,1787584179.0,True,55.19453857882204,185.890263,4.736951571734001e-16,0.9999999999999996,48.242366249999996,2.2852175263210482e-14,Flipper,1787584187.0,0.0022222222222222222,Unknown App E,0.0,135.890263,2.71780526,True,True
KAI LAUNCH,LAUNCH,gKAI,0xe7b696dcb50c12c9d107a9d2f99ee35cfbdc7260,1,50.0,1787584187,False,0,0.0,,False,7.0,17.648913,0.0,0.0,0.0,0.0,Unredeemed,1788181271.0,,Grail,515.0784877107848,-32.351087,9.654548014215695,False,True
KAI LAUNCH,LAUNCH,gKAI,0xe8bbaf0bf26929f08c00ff9f2a46e47174077184,1,50.0,1787584143,True,1,15.0,1787902593.0,True,18.44390327860744,45.919197000000004,0.0,1.0,48.242366249999996,0.0,Flipper,1788169839.0,74.235,Grail,0.0,-4.080802999999996,-0.08161605999999988,False,True
KAI LAUNCH,LAUNCH,gKAI,0xec6ff00b2d6b7f60f1431aaf192cb883f1b414f7,1,50.0,1787584143,True,1,60.0,1787584171.0,True,60.0,236.164373,0.0,1.0,192.96946499999999,0.0,Flipper,1787584191.0,0.005555555555555556,Grail,0.0,186.164373,3.72328746,False,True
KAI LAUNCH,LAUNCH,gKAI,0xec9e512fe7e90134d8ca7295329ccb0a57c91ecb,1,50.0,1787584215,False,0,0.0,,False,0.0,0.0,0.0,0.0,0.0,0.0,Unredeemed,,,,1.608078875,-50.0,-0.9678384225,False,True
KAI LAUNCH,LAUNCH,gKAI,0xed89ea70a367e41bb4ff1a0a185bf0c07dec69de,1,50.0,1787584143,True,1,15.0,1787584183.0,True,15.0,56.877494,0.0,1.0,48.242366249999996,0.0,Flipper,1787584199.0,0.0044444444444444444,Grail,0.0,6.877493999999999,0.1375498799999999,False,True
KAI LAUNCH,LAUNCH,gKAI,0xf06ffe33bac0719eae891cb10e2a2e6e242a1266,1,50.0,1787584175,True,1,15.0,1787584277.0,True,15.0,42.245824,0.0,1.0,48.242366249999996,0.0,Flipper,1787584287.0,0.002777777777777778,Grail,0.0,-7.754176000000001,-0.15508352000000003,True,True
KAI LAUNCH,LAUNCH,gKAI,0xf2551fe11a371b3bca91f337facc2cac767704e1,1,50.0,1787584201,True,1,15.0,1787584245.0,True,15.0,46.111458,0.0,1.0,48.242366249999996,0.0,Flipper,1787584271.0,0.007222222222222222,Grail,0.0,-3.888542000000001,-0.07777084000000001,False,True
KAI LAUNCH,LAUNCH,gKAI,0xf27c10488b579e5bcd6ec8cc2922315c2d799c6f,1,50.0,1787584145,True,1,15.0,1787584249.0,True,442.0240888375157,1291.227494,0.0,1.0,48.242366249999996,0.0,Flipper,1787678603.0,26.209444444444443,Grail,0.0,1241.227494,24.82454988,False,True
KAI LAUNCH,LAUNCH,gKAI,0xf38e04d7663b6162f9a1fc923ab5faff45c11a34,1,50.0,1787584141,True,1,60.0,1787584161.0,True,60.0,247.633892,0.0,1.0,192.96946499999999,0.0,Flipper,1787584173.0,0.0033333333333333335,Other / Unknown,0.0,197.633892,3.9526778399999998,False,True
KAI LAUNCH,LAUNCH,gKAI,0xf6b48ed91717471a0f9cbf5dad071d77fe62d12f,1,50.0,1787584197,False,0,0.0,,False,0.0,0.0,0.0,0.0,0.0,0.0,Unredeemed,,,,0.0,-50.0,-1.0,False,True
KAI LAUNCH,LAUNCH,gKAI,0xf7915670cd3a9c5f3fd69994a0955f275f6020d6,1,50.0,1787584147,True,1,15.0,1788249349.0,True,15.080006510086369,52.089054,0.0034868130973903766,0.9965131869026096,48.242366249999996,0.16821211448960346,Flipper,1788249429.0,0.022222222222222223,1inch,0.28976519671382683,2.0890539999999973,0.047576383934276656,False,True
KAI LAUNCH,LAUNCH,gKAI,0xf88353e6b33d1f9f6f325dbcbb697ddd0be3bd5c,1,50.0,1787584199,False,0,0.0,,False,5.632181333602508,18.235348,0.0,0.0,0.0,0.0,Unredeemed,1790914067.0,,Other / Unknown,0.009061522584032667,-31.764652,-0.6351118095483194,False,True
KAI LAUNCH,LAUNCH,gKAI,0xf9640ac4e36b8abddbe85a383e2354942128f22a,1,50.0,1787584155,True,1,15.0,1789743273.0,False,0.0,0.0,1.0,0.0,48.242366249999996,48.242366249999996,Holder,,,,48.242366249999996,-50.0,-0.03515267500000008,False,True
KAI LAUNCH,LAUNCH,gKAI,0xfb1cab906fead15686d9d451b3ef9d8e6068215b,1,50.0,1787584133,True,1,15.0,1787584145.0,True,14.039686552058859,54.142267,0.0,1.0,48.242366249999996,0.0,Flipper,1787589581.0,1.51,Grail,0.0,4.142266999999997,0.08284533999999999,False,True
KAI LAUNCH,LAUNCH,gKAI,0xfb2a620a4829f85710562299285e9a6ae6182027,1,50.0,1787584137,True,1,15.0,1787584165.0,True,15.0,58.586407,0.2085492008777807,0.7914507991222193,48.242366249999996,10.060906929890717,Partial seller,1787584195.0,0.008333333333333333,Grail,10.060906929890717,8.586407000000001,0.3729462785978144,False,True
KAI LAUNCH,LAUNCH,gKAI,0xfef7d5e91e34498849d8d9a99066c80209ffaa98,1,50.0,1787584133,True,1,15.0,1787584145.0,True,15.061981086872319,55.953667,0.0,1.0,48.242366249999996,0.0,Flipper,1787584219.0,0.020555555555555556,Grail,0.0,5.953667000000003,0.11907334000000014,False,True
KAI LAUNCH,LAUNCH,gKAI,0xff1768d49e21f3a07c579569bf0315e2fba12b7c,1,50.0,1787584157,True,1,15.0,1787584225.0,True,15.0,52.624304,0.0,1.0,48.242366249999996,0.0,Flipper,1790605183.0,839.155,Grail,0.0,2.624304000000002,0.05248607999999999,False,True
KIRK LAUNCH,LAUNCH,gKIRK,0x04286290d9cb5b5aa6b7f4805bd764295726d214,6,125.0,1784584401,True,6,720.0,1784584761.0,True,717.8105260627274,148.726431,0.0,1.0,831.4260840000001,0.0,Flipper,1784585703.0,0.26166666666666666,Grail,0.0,23.72643099999999,0.18981144799999994,False,True
KIRK LAUNCH,LAUNCH,gKIRK,0x08f9ff0f6e5f45dc13f60202770bd6b7ef1b5f96,2,50.0,1784585627,True,1,120.0,1784585657.0,True,120.0,23.20664,0.0,1.0,138.57101400000002,0.0,Flipper,1784787975.0,56.199444444444445,Grail,0.0,-26.79336,-0.5358672,False,True
KIRK LAUNCH,LAUNCH,gKIRK,0x0dbebf0248cf14848f58c6cf7360947609224da4,1,0.0,1784584417,True,1,120.0,1784584511.0,True,120.0,29.784037,0.0,1.0,138.57101400000002,0.0,Flipper,1784584539.0,0.0077777777777777776,Grail,0.0,29.784037,,False,True
KIRK LAUNCH,LAUNCH,gKIRK,0x0dd29a896e1f200efdf2f6df76d27e23df04413d,1,0.0,1784584417,True,2,240.0,1788537531.0,True,327.5331556178323,518.967495,0.0,1.0,277.14202800000004,0.0,Flipper,1788537555.0,0.006666666666666667,Grail,0.0,518.967495,,False,True
KIRK LAUNCH,LAUNCH,gKIRK,0x1224ef6405b42bb269d860fede4639d37c976fbd,1,0.0,1784584505,False,0,0.0,,False,0.0,0.0,0.0,0.0,0.0,0.0,Unredeemed,,,,0.0,0.0,,False,True
KIRK LAUNCH,LAUNCH,gKIRK,0x1233cb2157b0be813ba408acf6fa01f1bd9becad,5,125.0,1784585597,True,5,600.0,1784585613.0,True,600.0,126.97551,0.0,1.0,692.8550700000001,0.0,Flipper,1784585675.0,0.017222222222222222,Grail,0.0,1.9755099999999999,0.01580408000000011,False,True
KIRK LAUNCH,LAUNCH,gKIRK,0x158792ac005ba268af54fa1316b867ce7fb7e40a,1,0.0,1784584555,True,1,120.0,1784585093.0,True,120.0,27.593233,0.0,1.0,138.57101400000002,0.0,Flipper,1784585129.0,0.01,Grail,0.0,27.593233,,False,True
KIRK LAUNCH,LAUNCH,gKIRK,0x1804b142faeabbf08ecf4ff3843223b8d239f4ae,1,0.0,1784584703,True,1,120.0,1784584733.0,True,0.0,0.0,0.0,1.0,138.57101400000002,0.0,Flipper,,,,0.0,0.0,,False,True
KIRK LAUNCH,LAUNCH,gKIRK,0x19c163d280ff6555e4d1fafadf0c17505c12159c,1,0.0,1784584505,True,1,120.0,1784586007.0,True,125.17630486616797,25.161583,0.0,1.0,138.57101400000002,0.0,Flipper,1784586045.0,0.010555555555555556,Grail,0.0,25.161583,,False,True
KIRK LAUNCH,LAUNCH,gKIRK,0x1d76bae9afebd67f2560ee9dd85a2022b2bda914,1,0.0,1784584647,True,1,120.0,1784584679.0,True,120.0,29.138899,0.0,1.0,138.57101400000002,0.0,Flipper,1784584739.0,0.016666666666666666,OKX Wallet,0.0,29.138899,,False,True
KIRK LAUNCH,LAUNCH,gKIRK,0x1d9faf63a5e721ff7f027e57c4223f7b46f1cfd6,5,125.0,1784585821,False,0,0.0,,False,0.0,0.0,0.0,0.0,0.0,0.0,Unredeemed,,,,0.0,-125.0,-1.0,False,True
KIRK LAUNCH,LAUNCH,gKIRK,0x1dc8aea4942cfabbe84b8f038247be33c6b8fab4,1,0.0,1784584437,True,1,120.0,1784585803.0,True,117.81052606272739,23.384207,1.1842378929335003e-16,0.9999999999999999,138.57101400000002,1.641010456410186e-14,Flipper,1787589641.0,834.3994444444445,Grail,0.0,23.384207,,False,True
KIRK LAUNCH,LAUNCH,gKIRK,0x1f420bd811c0d818005392bcdf1fb4e11639a8ca,1,0.0,1784584599,True,1,120.0,1784585311.0,True,120.0,26.61739,0.0,1.0,138.57101400000002,0.0,Flipper,1784585407.0,0.02666666666666667,Grail,0.0,26.61739,,False,True
KIRK LAUNCH,LAUNCH,gKIRK,0x23631b12402fe1b2404fccfab01557269b0df108,1,0.0,1784584389,False,0,0.0,,False,0.0,0.0,0.0,0.0,0.0,0.0,Unredeemed,,,,0.0,0.0,,False,True
KIRK LAUNCH,LAUNCH,gKIRK,0x2392591009f80b4582401e7540a1192aa8b917cc,5,125.0,1784586019,False,0,0.0,,False,0.0,0.0,0.0,0.0,0.0,0.0,Unredeemed,,,,245.05774187910345,-125.0,0.9604619350328276,False,True
KIRK LAUNCH,LAUNCH,gKIRK,0x25da769fede112e582ef8ea67b9f5f96b4c270da,1,0.0,1784584537,True,1,120.0,1784584955.0,True,120.0,28.015739,0.0,1.0,138.57101400000002,0.0,Flipper,1784585053.0,0.02722222222222222,Grail,0.0,28.015739,,False,True
KIRK LAUNCH,LAUNCH,gKIRK,0x25f547fc0db87305aae98aa27de88d30aa48c540,6,125.0,1784584693,True,6,720.0,1784585821.0,True,724.6896160926547,231.37456400000002,0.0,1.0,831.4260840000001,0.0,Flipper,1784585861.0,0.011111111111111112,Grail,7.778970536880206e-05,106.37456400000002,0.850997134317643,False,True
KIRK LAUNCH,LAUNCH,gKIRK,0x2987825a138dd8f31189bee2550dc34d284077b7,5,125.0,1784586433,False,0,0.0,,False,0.0,0.0,0.0,0.0,0.0,0.0,Unredeemed,,,,118.79537657643635,-125.0,-0.04963698738850919,True,True
KIRK LAUNCH,LAUNCH,gKIRK,0x2b4be2284d0089e4bae8c328f5456f1345973b42,1,25.0,1784588795,True,1,120.0,1788375457.0,True,123.0,92.425692,0.010187104472431584,0.9898128955275685,138.57101400000002,1.4116373964687798,Flipper,1788375481.0,0.006666666666666667,Grail,1.4117335257318253,67.425692,2.753497021029273,False,True
KIRK LAUNCH,LAUNCH,gKIRK,0x2c40aa8bbd0b49415ec80bc91ebf6d39c0e586bd,1,0.0,1784584493,True,1,120.0,1784585233.0,True,120.0,27.180214,0.0,1.0,138.57101400000002,0.0,Flipper,1784585245.0,0.0033333333333333335,Grail,0.0,27.180214,,False,True
KIRK LAUNCH,LAUNCH,gKIRK,0x2da4d9e0f365cf8df0e4991a14b601852508b10d,3,75.0,1784586013,True,2,240.0,1784586265.0,True,311.70850356514353,62.682752,0.0,1.0,277.14202800000004,0.0,Flipper,1787584877.0,832.9477777777778,Grail,26.10795505940411,-12.317248,0.18387609412538808,False,True
KIRK LAUNCH,LAUNCH,gKIRK,0x2da68dd46ff1fac8bd81fae86f1f9a4639c81917,1,0.0,1784584559,True,1,120.0,1784584619.0,True,120.0,28.623742,0.0,1.0,138.57101400000002,0.0,Flipper,1784584903.0,0.07888888888888888,Grail,0.0,28.623742,,False,True
KIRK LAUNCH,LAUNCH,gKIRK,0x37810876c7f38b57645501d58dfa317a164ef0c7,1,25.0,1784585917,True,1,120.0,1784585959.0,True,120.0,24.19138,0.0,1.0,138.57101400000002,0.0,Flipper,1784585991.0,0.008888888888888889,Grail,0.0007880340946570758,-0.8086200000000012,-0.032313278636213694,False,True
KIRK LAUNCH,LAUNCH,gKIRK,0x38d7dd967a516883e49d24b884ea7784f88c1fa0,1,0.0,1784584655,True,1,120.0,1784585565.0,True,120.0,26.226007,0.0,1.0,138.57101400000002,0.0,Flipper,1784585583.0,0.005,0x API (Matcha/Rabby),0.0,26.226007,,False,True
KIRK LAUNCH,LAUNCH,gKIRK,0x3c4113b60a5a8bc5b5939379b223331a55624afc,2,25.0,1784584479,True,2,240.0,1784584537.0,True,354.0,77.853877,0.0,1.0,277.14202800000004,0.0,Flipper,1784585003.0,0.12944444444444445,OKX Wallet,6.928550700000001,52.853877,2.391297108,False,True
KIRK LAUNCH,LAUNCH,gKIRK,0x4523d7f30bdb452049cc90d8ca77c2a2ff48cc01,1,0.0,1784584681,False,0,0.0,,False,0.0,0.0,0.0,0.0,0.0,0.0,Unredeemed,,,,0.0,0.0,,False,True
KIRK LAUNCH,LAUNCH,gKIRK,0x453bc807bd51a4f62401fc599583422a2404736a,6,125.0,1784584423,True,1,120.0,1788538401.0,True,206.1774511678829,174.223871,2.3684757858670006e-16,0.9999999999999998,138.57101400000002,3.282020912820372e-14,Flipper,1788538459.0,0.01611111111111111,Grail,0.0020511693059157405,49.223871,0.3938073773544475,True,True
KIRK LAUNCH,LAUNCH,gKIRK,0x4603fe6e2382da1bbfbb97e930d609524e3537d5,5,125.0,1784585533,True,5,600.0,1788263193.0,True,4285.80735344263,5600.220403,0.20988604794644242,0.7901139520535576,692.8550700000001,145.42061244195574,Partial seller,1788891317.0,174.4788888888889,Grail,145.42164604990157,5475.220403,44.96513639239922,False,True
KIRK LAUNCH,LAUNCH,gKIRK,0x4df7acceb2441c8c020d7b998deb001ac6724e96,2,50.0,1784586283,True,2,240.0,1784586307.0,True,240.0,46.880777,0.0,1.0,277.14202800000004,0.0,Flipper,1784586367.0,0.016666666666666666,Grail,0.0,-3.119222999999998,-0.062384459999999975,False,True
KIRK LAUNCH,LAUNCH,gKIRK,0x521d0eb9ea6ecc29e7b995abc329490b4fc234f2,1,0.0,1784584389,False,0,0.0,,False,0.0,0.0,0.0,0.0,0.0,0.0,Unredeemed,,,,0.0,0.0,,False,True
KIRK LAUNCH,LAUNCH,gKIRK,0x522b0f2d4e1794ad9ee664aef7b08f5adc735d1d,1,0.0,1784584557,True,1,120.0,1784585093.0,True,120.0,27.262073,0.0,1.0,138.57101400000002,0.0,Flipper,1784585241.0,0.04111111111111111,Grail,0.0,27.262073,,False,True
KIRK LAUNCH,LAUNCH,gKIRK,0x529d782001e95fa6eb8e9b13429282863b955673,1,0.0,1784584701,True,1,120.0,1784584815.0,True,120.0,28.712213,0.0,1.0,138.57101400000002,0.0,Flipper,1784584871.0,0.015555555555555555,Grail,0.0,28.712213,,False,True
KIRK LAUNCH,LAUNCH,gKIRK,0x5897c4414a49eb9d754eea66d776c9f51ecae7e2,1,25.0,1784585589,False,0,0.0,,False,0.0,0.0,0.0,0.0,0.0,0.0,Unredeemed,,,,0.0,-25.0,-1.0,True,True
KIRK LAUNCH,LAUNCH,gKIRK,0x5b899f5bd0ad9773ca7e7d73d787bb776f7c4d6e,1,0.0,1784584455,True,1,120.0,1788272723.0,True,120.0,97.826306,0.0,1.0,138.57101400000002,0.0,Flipper,1788272743.0,0.005555555555555556,Grail,0.00042073007332061425,97.826306,,False,True
KIRK LAUNCH,LAUNCH,gKIRK,0x5d1f4f1e99a9d0866be15d7300b9ac2970e232d4,1,0.0,1784584709,True,1,120.0,1784584785.0,True,120.0,23.527749,0.0,1.0,138.57101400000002,0.0,Flipper,1784635509.0,14.09,Other / Unknown,0.0,23.527749,,False,True
KIRK LAUNCH,LAUNCH,gKIRK,0x5e6a9572b19157facdfae5c9766c06fe01a1a611,1,0.0,1784584615,False,0,0.0,,False,0.0,0.0,0.0,0.0,0.0,0.0,Unredeemed,,,,0.0,0.0,,False,True
KIRK LAUNCH,LAUNCH,gKIRK,0x5effcc3ec2f21a2a5032611d1ea45a757f87ae84,1,0.0,1784584453,True,1,120.0,1784585805.0,True,122.56193643140729,25.117642999999997,0.0,1.0,138.57101400000002,0.0,Flipper,1784585847.0,0.011666666666666667,Grail,0.0,25.117642999999997,,False,True
KIRK LAUNCH,LAUNCH,gKIRK,0x5f2da12eaf21d3fceb83e440b1c26fa24acf8d86,1,0.0,1784584699,True,1,120.0,1784584813.0,True,120.0,28.801094,0.0,1.0,138.57101400000002,0.0,Flipper,1784584867.0,0.015,Grail,0.0,28.801094,,False,True
KIRK LAUNCH,LAUNCH,gKIRK,0x5fcabfef2b7af7ac4fbd5799dc9c8902b712e0b1,1,0.0,1784584503,True,1,120.0,1784586007.0,True,125.17615547256734,24.958436000000003,3.700743415417188e-17,1.0,138.57101400000002,5.128157676281831e-15,Flipper,1784586061.0,0.015,Grail,0.0,24.958436000000003,,False,True
KIRK LAUNCH,LAUNCH,gKIRK,0x634ff7bfa0d8c06f2423cd26b91bc76a368ddc92,1,0.0,1784584693,True,1,120.0,1784584729.0,True,120.0,28.958422,0.0,1.0,138.57101400000002,0.0,Flipper,1784584813.0,0.023333333333333334,Grail,0.0,28.958422,,False,True
KIRK LAUNCH,LAUNCH,gKIRK,0x638d05639156fafdb4421d078059f38712eb1aba,1,0.0,1784584443,True,1,120.0,1784584475.0,True,120.0,29.9809,0.0,1.0,138.57101400000002,0.0,Flipper,1784584505.0,0.008333333333333333,Grail,0.0,29.9809,,False,True
KIRK LAUNCH,LAUNCH,gKIRK,0x63cf3ac831758a3be61021eee208a1a49dda5340,1,0.0,1784584601,False,0,0.0,,False,0.0,0.0,0.0,0.0,0.0,0.0,Unredeemed,,,,0.0,0.0,,False,True
KIRK LAUNCH,LAUNCH,gKIRK,0x641912df2efc83598dba04157c2437cce36ca0b2,1,0.0,1784584599,True,1,120.0,1784585305.0,True,120.0,26.936839,0.0,1.0,138.57101400000002,0.0,Flipper,1784585323.0,0.005,Grail,0.0,26.936839,,False,True
KIRK LAUNCH,LAUNCH,gKIRK,0x6738e5114a64eb9a28038029f37b07c337e97340,1,25.0,1784586761,False,0,0.0,,False,0.0,0.0,0.0,0.0,0.0,0.0,Unredeemed,,,,0.0,-25.0,-1.0,False,True
KIRK LAUNCH,LAUNCH,gKIRK,0x6a2b7688875cfd0ed200eff704ad81fe1912cd70,1,0.0,1784584459,True,1,120.0,1784584959.0,True,120.0,28.273916,0.0,1.0,138.57101400000002,0.0,Flipper,1784584985.0,0.007222222222222222,Grail,0.0,28.273916,,False,True
KIRK LAUNCH,LAUNCH,gKIRK,0x6b41abdca985ec9c6c675f8b20004ad1002dd783,1,0.0,1784584503,True,1,120.0,1784585893.0,True,117.81052606272739,23.258243,1.1842378929335003e-16,0.9999999999999999,138.57101400000002,1.641010456410186e-14,Flipper,1787589717.0,834.3955555555556,Grail,0.0,23.258243,,False,True
KIRK LAUNCH,LAUNCH,gKIRK,0x6ba5ca0d6c01a6e96c6d7fad223dd8c1e7d44718,1,0.0,1784584507,True,1,120.0,1784586007.0,True,120.0,24.054801,0.0,1.0,138.57101400000002,0.0,Flipper,1784586051.0,0.012222222222222223,Grail,0.0,24.054801,,False,True
KIRK LAUNCH,LAUNCH,gKIRK,0x6bd032e99440eb400bb783a162869e07cb377dd4,2,25.0,1784584667,True,2,240.0,1784585049.0,True,120.0,26.30359,0.5,0.5,277.14202800000004,138.57101400000002,Holder,1784585517.0,0.13,Grail,138.57101400000002,1.3035899999999998,5.594984160000001,False,True
KIRK LAUNCH,LAUNCH,gKIRK,0x6eb28880b0c29a97bb070d283bacb7eb8e2297ca,1,0.0,1784584573,True,1,120.0,1784585249.0,True,120.0,26.696717,0.0,1.0,138.57101400000002,0.0,Flipper,1784585359.0,0.030555555555555555,0x API (Matcha/Rabby),0.0,26.696717,,False,True
KIRK LAUNCH,LAUNCH,gKIRK,0x6f790950f9a0fb4536fd856255b985188a8bb6c5,1,0.0,1784584477,True,1,120.0,1784585253.0,True,120.0,27.017599,0.0,1.0,138.57101400000002,0.0,Flipper,1784585267.0,0.0038888888888888888,Grail,0.0,27.017599,,False,True
KIRK LAUNCH,LAUNCH,gKIRK,0x7313ce5bb2482bbf57420221e8c6efc72b4a3ede,1,0.0,1784584637,True,1,120.0,1786085913.0,True,120.0,22.870741,0.0,1.0,138.57101400000002,0.0,Flipper,1786085945.0,0.008888888888888889,Grail,0.0,22.870741,,False,True
KIRK LAUNCH,LAUNCH,gKIRK,0x771debfa5b6b855f2b0ef1d480219397cc32e190,1,0.0,1784584637,False,0,0.0,,False,0.0,0.0,0.0,0.0,0.0,0.0,Unredeemed,,,,0.0,0.0,,False,True
KIRK LAUNCH,LAUNCH,gKIRK,0x77ad0d6e27eacb4f54df32bcb1b7b8f779bcb5f1,1,0.0,1784584507,False,0,0.0,,False,0.0,0.0,0.0,0.0,0.0,0.0,Unredeemed,,,,0.0,0.0,,False,True
KIRK LAUNCH,LAUNCH,gKIRK,0x7b2adeee812f2fde59a60ccd958226d1c9c82694,1,0.0,1784584585,False,0,0.0,,False,454.67499999999995,572.783371,0.0,0.0,0.0,0.0,Unredeemed,1784662305.0,,Grail,1131.5340641839566,572.783371,,True,True
KIRK LAUNCH,LAUNCH,gKIRK,0x7c7476762a112e4397658d888956f3d140e19a9b,5,125.0,1784588459,False,0,0.0,,False,200.692,97.376267,0.0,0.0,0.0,0.0,Unredeemed,1788204909.0,,Grail,656.7487894432214,-27.623733,5.033000451545771,False,True
KIRK LAUNCH,LAUNCH,gKIRK,0x7eb84dda9d85495520f8755e816afa59ecb9966f,1,0.0,1784584401,True,1,120.0,1784585069.0,True,120.0,27.84558,0.0,1.0,138.57101400000002,0.0,Flipper,1784585093.0,0.006666666666666667,Grail,0.0,27.84558,,False,True
KIRK LAUNCH,LAUNCH,gKIRK,0x7f0d0db7fde96ae1f82ec4e8c0ac9001520cf6e0,1,0.0,1784584465,True,1,120.0,1788538949.0,True,120.0,99.805995,0.6990883819822288,0.3009116180177712,138.57101400000002,96.87338596689679,Holder,1788538971.0,0.006111111111111111,Grail,96.87338596689679,99.805995,,False,True
KIRK LAUNCH,LAUNCH,gKIRK,0x820741039a8113c1c0a04104676d0a2a801c1277,1,0.0,1784584645,True,1,120.0,1784584813.0,True,120.0,27.50988,0.0,1.0,138.57101400000002,0.0,Flipper,1784585139.0,0.09055555555555556,Grail,0.0,27.50988,,False,True
KIRK LAUNCH,LAUNCH,gKIRK,0x89e5354aa761f4c73f5a0926f0c77b69f709f501,1,0.0,1784584599,True,1,120.0,1784585307.0,True,120.0,26.7764,0.0,1.0,138.57101400000002,0.0,Flipper,1784585339.0,0.008888888888888889,Grail,0.0,26.7764,,False,True
KIRK LAUNCH,LAUNCH,gKIRK,0x8ecd2b14462f3012b57ffa189199a7aa1c77872e,1,0.0,1784584439,True,1,120.0,1784585807.0,True,117.81052606272739,23.321097,1.1842378929335003e-16,0.9999999999999999,138.57101400000002,1.641010456410186e-14,Flipper,1787589683.0,834.41,Grail,0.0,23.321097,,False,True
KIRK LAUNCH,LAUNCH,gKIRK,0x8ecd92e9fd3bd43bf11ba4dbe39a6bc20cb4c3ab,1,0.0,1784584711,True,1,120.0,1784585369.0,True,120.0,26.538416,0.0,1.0,138.57101400000002,0.0,Flipper,1784585441.0,0.02,Grail,0.0,26.538416,,False,True
KIRK LAUNCH,LAUNCH,gKIRK,0x8eef779818afa953b0652e45438423ebe089f55a,1,0.0,1784584675,True,1,120.0,1784584703.0,True,71.12413615046779,49.197452,0.0,1.0,138.57101400000002,0.0,Flipper,1788469551.0,1079.1244444444444,Grail,0.0,49.197452,,False,True
KIRK LAUNCH,LAUNCH,gKIRK,0x90bb63745197f5aa17e5389613633f4c9c15e454,1,0.0,1784584701,True,1,120.0,1784584815.0,True,120.0,28.535679,0.0,1.0,138.57101400000002,0.0,Flipper,1784584909.0,0.026111111111111113,Grail,0.0,28.535679,,False,True
KIRK LAUNCH,LAUNCH,gKIRK,0x90d8f640b3bc12df7eb2ff5aa0ceb83da1b963d6,1,0.0,1784584701,True,1,120.0,1784584815.0,True,120.0,28.101403,0.0,1.0,138.57101400000002,0.0,Flipper,1784585017.0,0.05611111111111111,Grail,0.0,28.101403,,False,True
KIRK LAUNCH,LAUNCH,gKIRK,0x96289e0c5e166343915352377e13e94f46815ae1,6,125.0,1784584431,True,6,720.0,1784585461.0,True,720.0,154.195377,0.0,1.0,831.4260840000001,0.0,Flipper,1784585479.0,0.005,Grail,0.0,29.195377000000008,0.23356301599999996,False,True
KIRK LAUNCH,LAUNCH,gKIRK,0x98d6b47d2c6abf76f918cf37003e20dff6993592,3,75.0,1784585419,True,3,360.0,1784641305.0,True,360.0,70.238763,0.0,1.0,415.71304200000003,0.0,Flipper,1784645803.0,1.2494444444444444,Grail,0.0,-4.761236999999994,-0.06348315999999987,False,True
KIRK LAUNCH,LAUNCH,gKIRK,0x9beadc1297f97fff916a487e49dea1004510c59e,1,0.0,1784584629,False,0,0.0,,False,0.0,0.0,0.0,0.0,0.0,0.0,Unredeemed,,,,0.0,0.0,,False,True
KIRK LAUNCH,LAUNCH,gKIRK,0x9eb6cfdf73238ecd13043f5bf9ceb17659301b3e,1,0.0,1784584487,True,1,120.0,1787568409.0,True,129.65716034013835,27.860403,0.0016540697205467358,0.9983459302794533,138.57101400000002,0.22920611840285784,Flipper,1787568423.0,0.0038888888888888888,Grail,0.22920611840286093,27.860403,,False,True
KIRK LAUNCH,LAUNCH,gKIRK,0xa0441b04a77ad6eb3f93fce61d42d8bd81f78043,1,0.0,1784584567,True,1,120.0,1788151919.0,True,125.35763228965739,44.611364,0.0017222911398054412,0.9982777088601945,138.57101400000002,0.23865962964605578,Flipper,1788151969.0,0.013888888888888888,Grail,0.2386596296460091,44.611364,,True,True
KIRK LAUNCH,LAUNCH,gKIRK,0xa45111cdd1443e9f47e749ab714ace08915d3b45,1,0.0,1784584485,True,1,120.0,1784587073.0,True,125.19134045842426,30.505762,7.401486830834377e-18,1.0,138.57101400000002,1.0256315352563662e-15,Flipper,1784587077.0,0.0011111111111111111,BasedBot,0.0,30.505762,,True,True
KIRK LAUNCH,LAUNCH,gKIRK,0xa84f8eac13b6bd3756fc6a2cd6edaff2e7197444,1,0.0,1784584597,True,1,120.0,1786951341.0,True,120.0,22.801771,0.0,1.0,138.57101400000002,0.0,Flipper,1787267185.0,87.73444444444445,Grail,0.0,22.801771,,False,True
KIRK LAUNCH,LAUNCH,gKIRK,0xac3001d5281b8ceb4a13533afc94f587cec636be,1,0.0,1784584601,True,1,120.0,1784584681.0,True,120.0,29.504952,0.0,1.0,138.57101400000002,0.0,Flipper,1784584695.0,0.0038888888888888888,Grail,0.0,29.504952,,False,True
KIRK LAUNCH,LAUNCH,gKIRK,0xac90a993dfaeab8632dab523d7e4f2c0889343b6,1,0.0,1784584433,True,1,120.0,1784585803.0,True,117.81052606272739,23.511196,1.1842378929335003e-16,0.9999999999999999,138.57101400000002,1.641010456410186e-14,Flipper,1787589563.0,834.3777777777777,Grail,0.0,23.511196,,False,True
KIRK LAUNCH,LAUNCH,gKIRK,0xb0d1f1a39166977d5d9c846803dd114f86397b16,1,0.0,1784584493,False,0,0.0,,False,0.0,0.0,0.0,0.0,0.0,0.0,Unredeemed,,,,0.0,0.0,,False,True
KIRK LAUNCH,LAUNCH,gKIRK,0xb3b550e0a844705310639cb343ddec7354facc0d,4,75.0,1784584645,True,4,480.0,1784586601.0,True,480.0,93.481959,0.0,1.0,554.2840560000001,0.0,Flipper,1784586623.0,0.006111111111111111,Grail,0.0,18.481959000000003,0.24642611999999997,True,True
KIRK LAUNCH,LAUNCH,gKIRK,0xb6bd8add47d3b1679df9a63286d4636dac7448b0,1,25.0,1784585789,True,1,120.0,1784585823.0,True,120.0,23.068245,0.0,1.0,138.57101400000002,0.0,Flipper,1785509849.0,256.6738888888889,Grail,0.0,-1.931754999999999,-0.07727019999999996,False,True
KIRK LAUNCH,LAUNCH,gKIRK,0xb719e96599551665f7b31b69fa62f378e108f148,1,0.0,1784584467,True,1,120.0,1787568233.0,True,120.0,24.145492,0.0,1.0,138.57101400000002,0.0,Flipper,1787568255.0,0.006111111111111111,Grail,0.0,24.145492,,False,True
KIRK LAUNCH,LAUNCH,gKIRK,0xb8d5da4e2afb4e6c7ab0f5576b4a7a3473379741,5,125.0,1784587083,False,0,0.0,,False,0.0,0.0,0.0,0.0,0.0,0.0,Unredeemed,,,,3654.933598938427,-125.0,28.239468791507417,True,True
KIRK LAUNCH,LAUNCH,gKIRK,0xba41ca3238b7866bd2931ae2cfaa078dc60486de,1,0.0,1784584647,True,1,120.0,1784584687.0,True,120.0,29.229771,0.0,1.0,138.57101400000002,0.0,Flipper,1784584725.0,0.010555555555555556,Grail,0.0,29.229771,,False,True
KIRK LAUNCH,LAUNCH,gKIRK,0xbe6cef7632a5fce88ba629ef57b7e1d26ae03865,1,0.0,1784584653,True,1,120.0,1788191933.0,False,0.0,0.0,1.0,0.0,138.57101400000002,138.57101400000002,Holder,,,,138.57101400000002,0.0,,False,True
KIRK LAUNCH,LAUNCH,gKIRK,0xc474a9a00e56c3bf947c71edd1515dad5706d3d5,1,0.0,1784584425,False,0,0.0,,False,0.0,0.0,0.0,0.0,0.0,0.0,Unredeemed,,,,0.0,0.0,,False,True
KIRK LAUNCH,LAUNCH,gKIRK,0xc4e5d0911e1340820a8c08c2bacc31f8e311b838,1,0.0,1784584599,True,1,120.0,1784585305.0,True,120.0,26.856439,0.0,1.0,138.57101400000002,0.0,Flipper,1784585327.0,0.006111111111111111,Grail,0.0,26.856439,,False,True
KIRK LAUNCH,LAUNCH,gKIRK,0xc64145cb852d00f8ca2f6573cb96a6ea562c683e,1,0.0,1784584643,True,1,120.0,1784584689.0,True,120.0,29.321069,0.0,1.0,138.57101400000002,0.0,Flipper,1784584707.0,0.005,Grail,0.0,29.321069,,False,True
KIRK LAUNCH,LAUNCH,gKIRK,0xc69aaf51a76832bc2d2d78fcfac045f6e4701135,1,0.0,1784584385,True,1,120.0,1785260375.0,True,120.0,23.198553,0.0,1.0,138.57101400000002,0.0,Flipper,1785260419.0,0.012222222222222223,Grail,0.0,23.198553,,False,True
KIRK LAUNCH,LAUNCH,gKIRK,0xc908f51b8880427c76caf523ca9bc3346b3977c7,1,0.0,1784584605,True,1,120.0,1784584643.0,True,120.0,29.412795,0.0,1.0,138.57101400000002,0.0,Flipper,1784584703.0,0.016666666666666666,Grail,0.0,29.412795,,False,True
KIRK LAUNCH,LAUNCH,gKIRK,0xc9b9c3ff532e0c247cbdd0b5d3cfa9829689fd7f,1,0.0,1784584569,False,0,0.0,,False,0.0,0.0,0.0,0.0,0.0,0.0,Unredeemed,,,,0.0,0.0,,False,True
KIRK LAUNCH,LAUNCH,gKIRK,0xcd60d10d9aefdb480aa38a592e759a44dca502b1,1,0.0,1784584489,False,0,0.0,,False,0.0,0.0,0.0,0.0,0.0,0.0,Unredeemed,,,,0.0,0.0,,False,True
KIRK LAUNCH,LAUNCH,gKIRK,0xcd70f2e90a979338476447021e4879935dd5555a,5,125.0,1784586539,False,0,0.0,,False,0.0,0.0,0.0,0.0,0.0,0.0,Unredeemed,,,,80.90412481606919,-125.0,-0.3527670014714466,False,True
KIRK LAUNCH,LAUNCH,gKIRK,0xcdb76d26908d00c50dd9c9eb6b0fc4eff7d9b3bd,5,125.0,1784586005,True,5,600.0,1784586099.0,True,603.0,118.863181,0.0015116061178671696,0.9984883938821328,692.8550700000001,1.047323962607286,Flipper,1784586167.0,0.01888888888888889,Grail,1.047323962607286,-6.136819000000003,-0.04071596029914182,False,True
KIRK LAUNCH,LAUNCH,gKIRK,0xd0f83a76970df9dd1faa2c47636e774ae51bdba4,1,0.0,1784584549,True,1,120.0,1788151919.0,True,120.0,42.371482,0.0,1.0,138.57101400000002,0.0,Flipper,1788151959.0,0.011111111111111112,Grail,0.0,42.371482,,False,True
KIRK LAUNCH,LAUNCH,gKIRK,0xd33697ab5ba5c856951420a577b34560bd1ebdac,1,0.0,1784584555,True,1,120.0,1784585091.0,True,120.0,27.761081,0.0,1.0,138.57101400000002,0.0,Flipper,1784585119.0,0.0077777777777777776,Grail,0.0,27.761081,,False,True
KIRK LAUNCH,LAUNCH,gKIRK,0xd35e25f8c2ef0f27998911d1977257a76ca35879,1,0.0,1784584423,True,1,120.0,1784584509.0,True,120.0,29.877946,0.0,1.0,138.57101400000002,0.0,Flipper,1784584529.0,0.005555555555555556,Grail,0.0,29.877946,,False,True
KIRK LAUNCH,LAUNCH,gKIRK,0xd5ab525288e3b8713d9fba88b54efe85f6c3de0d,1,0.0,1784584541,True,1,120.0,1784585455.0,True,120.0,26.381518,0.0,1.0,138.57101400000002,0.0,Flipper,1784585485.0,0.008333333333333333,0x API (Matcha/Rabby),0.0,26.381518,,False,True
KIRK LAUNCH,LAUNCH,gKIRK,0xd64fd2c15961ec1681855d7f6e3301834f5b30ea,5,125.0,1784585623,True,3,360.0,1784586389.0,True,360.0,69.083732,0.0,1.0,415.71304200000003,0.0,Flipper,1786337595.0,486.4461111111111,Grail,0.0,-55.916268,-0.44733014400000004,False,True
KIRK LAUNCH,LAUNCH,gKIRK,0xd8bb42fb12a6660b0344fb84404fd60eec663e7e,1,0.0,1784584627,True,1,120.0,1784584649.0,True,879.5234565614279,735.46796,5.92484565468491e-07,0.9999994075154345,138.57101400000002,8.21011870163182e-05,Flipper,1788143215.0,988.4905555555556,Grail,3.6997305979550005e-14,735.46796,,False,True
KIRK LAUNCH,LAUNCH,gKIRK,0xdca4901c860717499ff3335a0bc73db2f32a16dd,1,0.0,1784584639,True,1,120.0,1784585063.0,True,120.0,27.930465,0.0,1.0,138.57101400000002,0.0,Flipper,1784585079.0,0.0044444444444444444,Grail,0.0,27.930465,,False,True
KIRK LAUNCH,LAUNCH,gKIRK,0xddc06da930967f1dce1e160d88f3a7629d963cbc,1,0.0,1784584543,False,0,0.0,,False,0.0,0.0,0.0,0.0,0.0,0.0,Unredeemed,,,,0.0,0.0,,False,True
KIRK LAUNCH,LAUNCH,gKIRK,0xde700d45006a4feb6be069b9ee87b4fa8f4e388e,1,0.0,1784584569,True,1,120.0,1784584737.0,True,120.0,29.04845,0.0,1.0,138.57101400000002,0.0,Flipper,1784584759.0,0.006111111111111111,Grail,0.0,29.04845,,False,True
KIRK LAUNCH,LAUNCH,gKIRK,0xe132f7f116030e886453afb16e01a827d9c67f85,1,0.0,1784584575,True,1,120.0,1788151919.0,True,131.49784380443546,47.370625000000004,0.0019280008591974352,0.9980719991408026,138.57101400000002,0.2671650340518599,Flipper,1788151959.0,0.011111111111111112,Grail,0.2671650340519414,47.370625000000004,,True,True
KIRK LAUNCH,LAUNCH,gKIRK,0xe2a8f2b1508db783cbd8e85057181b9ec1219dec,1,0.0,1784584519,False,0,0.0,,False,0.0,0.0,0.0,0.0,0.0,0.0,Unredeemed,,,,0.0,0.0,,False,True
KIRK LAUNCH,LAUNCH,gKIRK,0xe3923d51cff2677bfc0e9956d377f96070d22a0d,1,0.0,1784584509,True,1,120.0,1784586009.0,True,125.98023161500136,25.174863,5.921189464667501e-17,0.9999999999999999,138.57101400000002,8.20505228205093e-15,Flipper,1784586051.0,0.011666666666666667,Grail,0.0,25.174863,,False,True
KIRK LAUNCH,LAUNCH,gKIRK,0xe427350d510db9e478adcbad5ff955141203f8de,1,0.0,1784584495,True,1,120.0,1784584527.0,True,120.0,29.69057,0.0,1.0,138.57101400000002,0.0,Flipper,1784584559.0,0.008888888888888889,Grail,0.0,29.69057,,False,True
KIRK LAUNCH,LAUNCH,gKIRK,0xe44427a033f6a6fff28ffa1d4c661a9786843a79,1,0.0,1784584657,True,1,120.0,1784585085.0,True,120.0,23.85242,0.0,1.0,138.57101400000002,0.0,Flipper,1784586083.0,0.2772222222222222,Grail,0.0,23.85242,,False,True
KIRK LAUNCH,LAUNCH,gKIRK,0xe6786b71a8c6733daecc8d6b340ac7c4bdd03f95,1,0.0,1784584497,True,1,120.0,1784584685.0,True,120.0,23.287322,0.0,1.0,138.57101400000002,0.0,Flipper,1784649051.0,17.879444444444445,BasedBot,0.0,23.287322,,True,True
KIRK LAUNCH,LAUNCH,gKIRK,0xe72013c9b98286a70bd5d9c6e42ddda285c577a7,1,0.0,1784584639,True,1,120.0,1784584667.0,True,119.7,156.069119,0.0,1.0,138.57101400000002,0.0,Flipper,1789638369.0,1403.806111111111,0x API (Matcha/Rabby),0.34642753499999673,156.069119,,False,True
KIRK LAUNCH,LAUNCH,gKIRK,0xeb3c20a9fd5574f7a3c633f6b47ea4b2411b3320,1,0.0,1784584599,True,1,120.0,1788537617.0,True,120.0,141.049017,0.0,1.0,138.57101400000002,0.0,Flipper,1788537641.0,0.006666666666666667,Grail,0.0,141.049017,,False,True
KIRK LAUNCH,LAUNCH,gKIRK,0xec6047b12328be8299e8c97a08cbce626abe6891,1,0.0,1784584557,True,1,120.0,1784585093.0,True,120.0,27.676966,0.0,1.0,138.57101400000002,0.0,Flipper,1784585123.0,0.008333333333333333,Grail,0.0,27.676966,,False,True
KIRK LAUNCH,LAUNCH,gKIRK,0xec9e512fe7e90134d8ca7295329ccb0a57c91ecb,1,0.0,1784584649,False,0,0.0,,False,0.0,0.0,0.0,0.0,0.0,0.0,Unredeemed,,,,0.0,0.0,,False,True
KIRK LAUNCH,LAUNCH,gKIRK,0xed7bede5640254c60095257ddec0533a36a2200e,1,0.0,1784584671,True,1,120.0,1784584713.0,True,120.0,27.344302,0.0,1.0,138.57101400000002,0.0,Flipper,1784585221.0,0.1411111111111111,Grail,0.0,27.344302,,False,True
KIRK LAUNCH,LAUNCH,gKIRK,0xee0910208cbf31278a8d7cef4cab31a77c4caa86,1,0.0,1784584557,True,1,120.0,1784585093.0,True,120.0,27.098724,0.0,1.0,138.57101400000002,0.0,Flipper,1784585251.0,0.04388888888888889,Grail,0.0,27.098724,,False,True
KIRK LAUNCH,LAUNCH,gKIRK,0xf2551fe11a371b3bca91f337facc2cac767704e1,1,0.0,1784584673,True,1,120.0,1784584833.0,True,120.0,28.890389,0.0,1.0,138.57101400000002,0.0,Flipper,1784584853.0,0.005555555555555556,Grail,0.0,28.890389,,False,True
KIRK LAUNCH,LAUNCH,gKIRK,0xf27c10488b579e5bcd6ec8cc2922315c2d799c6f,6,125.0,1784584497,True,6,720.0,1784585549.0,True,720.0,150.75939499999998,0.027806973899151582,0.9721930261008485,831.4260840000001,23.119443416861813,Flipper,1784585591.0,0.011666666666666667,Grail,23.1194434168618,25.759394999999984,0.3910307073348942,False,True
KIRK LAUNCH,LAUNCH,gKIRK,0xf38e04d7663b6162f9a1fc923ab5faff45c11a34,1,0.0,1784584455,True,1,120.0,1784584919.0,True,120.0,28.448022,0.0,1.0,138.57101400000002,0.0,Flipper,1784584941.0,0.006111111111111111,Grail,0.0,28.448022,,False,True
KIRK LAUNCH,LAUNCH,gKIRK,0xf6b48ed91717471a0f9cbf5dad071d77fe62d12f,1,0.0,1784584527,True,1,120.0,1788273193.0,True,120.0,96.331438,0.0,1.0,138.57101400000002,0.0,Flipper,1788273213.0,0.005555555555555556,Grail,0.0,96.331438,,False,True
KIRK LAUNCH,LAUNCH,gKIRK,0xf6c375196ee38c1d4daee3cfd2811751249b6077,1,0.0,1784584639,True,1,120.0,1784584663.0,False,0.0,0.0,1.0,0.0,138.57101400000002,138.57101400000002,Holder,,,,138.57101400000002,0.0,,False,True
KIRK LAUNCH,LAUNCH,gKIRK,0xfb1cab906fead15686d9d451b3ef9d8e6068215b,1,0.0,1784584435,True,1,120.0,1784585803.0,True,117.81052606272739,23.447572,1.1842378929335003e-16,0.9999999999999999,138.57101400000002,1.641010456410186e-14,Flipper,1787589603.0,834.3888888888889,Grail,0.0,23.447572,,False,True
KIRK LAUNCH,LAUNCH,gKIRK,0xfd498df93ec5a75649a23cfa27c19e68c23251a3,1,0.0,1784584595,True,1,120.0,1784584645.0,True,120.0,29.597543,0.0,1.0,138.57101400000002,0.0,Flipper,1784584657.0,0.0033333333333333335,Grail,0.0,29.597543,,False,True
KIRK LAUNCH,LAUNCH,gKIRK,0xfe5d4f8e6bfdc08b5b0cacd8201d8f3aff1dbe6b,2,25.0,1784584393,True,2,240.0,1784585601.0,True,240.0,49.0874,0.0,1.0,277.14202800000004,0.0,Flipper,1784585639.0,0.010555555555555556,Grail,0.0,24.087400000000002,0.9634960000000001,False,True
KIRK LAUNCH,LAUNCH,gKIRK,0xfee584d2328f71f3cf185cd1788318cd552929ba,1,0.0,1784584701,True,1,120.0,1784584815.0,True,120.0,28.360769,0.0,1.0,138.57101400000002,0.0,Flipper,1784584957.0,0.03944444444444444,Grail,0.0,28.360769,,False,True
SWIFT LAUNCH,LAUNCH,gSWIFT,0x04286290d9cb5b5aa6b7f4805bd764295726d214,2,16.0,1782485485,True,2,170.0,1782486975.0,True,0.0,0.0,0.0,1.0,136.35413889999998,0.0,Flipper,,,,0.0,-16.0,-1.0,False,True
SWIFT LAUNCH,LAUNCH,gSWIFT,0x08f9ff0f6e5f45dc13f60202770bd6b7ef1b5f96,2,16.0,1782485587,True,2,170.0,1782486981.0,True,583.3092101753031,397.979889,0.0,1.0,136.35413889999998,0.0,Flipper,1782710583.0,62.111666666666665,Grail,0.0,381.979889,23.8737430625,False,True
SWIFT LAUNCH,LAUNCH,gSWIFT,0x0dad0e5ca7449f6291b008577010f4bde03e55eb,1,8.0,1782485617,True,1,85.0,1782485667.0,True,85.0,7.405696,0.0,1.0,68.17706944999999,0.0,Flipper,1782485693.0,0.007222222222222222,Grail,0.0,-0.5943040000000002,-0.07428800000000002,False,True
SWIFT LAUNCH,LAUNCH,gSWIFT,0x0dbebf0248cf14848f58c6cf7360947609224da4,2,16.0,1782485687,True,2,170.0,1782488201.0,True,170.0,92.501974,0.0,1.0,136.35413889999998,0.0,Flipper,1782743721.0,70.97777777777777,Grail,0.0,76.501974,4.781373375,False,True
SWIFT LAUNCH,LAUNCH,gSWIFT,0x0dd29a896e1f200efdf2f6df76d27e23df04413d,2,16.0,1782485447,True,2,170.0,1782485603.0,True,174.0963355411111,96.936441,0.0,1.0,136.35413889999998,0.0,Flipper,1782911277.0,118.24277777777777,Grail,0.0,80.936441,5.0585275625,False,True
SWIFT LAUNCH,LAUNCH,gSWIFT,0x0fceeab024973babfaaac1f452911b6cbaa75a68,2,16.0,1782485475,True,2,170.0,1782486885.0,True,188.9772003961987,107.583458,0.0,1.0,136.35413889999998,0.0,Flipper,1782532113.0,12.563333333333333,OKX Wallet,0.0,91.583458,5.723966125,False,True
SWIFT LAUNCH,LAUNCH,gSWIFT,0x10d3e40aeb8f01050b47ff606c9d19c013c7e938,2,16.0,1782485479,True,2,170.0,1782495681.0,True,170.0,104.157489,0.0,1.0,136.35413889999998,0.0,Flipper,1782495731.0,0.013888888888888888,Grail,0.0,88.157489,5.5098430625,False,True
SWIFT LAUNCH,LAUNCH,gSWIFT,0x10eece768bb80edb3679bed1a4031f6dacc9887e,2,16.0,1782485459,True,2,170.0,1782485753.0,True,170.0,94.06257699999999,0.0,1.0,136.35413889999998,0.0,Flipper,1784345115.0,516.4894444444444,Grail,0.0,78.06257699999999,4.878911062499999,False,True
SWIFT LAUNCH,LAUNCH,gSWIFT,0x11b4486c93c42eaf7bdd782679fb20c709901af4,2,16.0,1782485467,True,2,170.0,1782486905.0,True,203.41815892687288,129.077502,0.0,1.0,136.35413889999998,0.0,Flipper,1782511407.0,6.806111111111111,Grail,0.0009060755678025989,113.07750200000001,7.067400504722988,False,True
SWIFT LAUNCH,LAUNCH,gSWIFT,0x1512bb3b85696fa4d85cb4bbf78e9c4fe95db90f,1,8.0,1782485601,True,1,85.0,1782488201.0,True,84.91109219988925,48.007,0.0,1.0,68.17706944999999,0.0,Flipper,1787928617.0,1511.2266666666667,OKX Wallet,0.0,40.007,5.000875,False,True
SWIFT LAUNCH,LAUNCH,gSWIFT,0x1b7a18879af7bbc5df6f27be0686a5cef890d9ba,1,8.0,1782485489,True,1,85.0,1782485521.0,True,85.0,48.666419,0.0,1.0,68.17706944999999,0.0,Flipper,1782532343.0,13.00611111111111,OKX Wallet,0.0,40.666419,5.083302375,False,True
SWIFT LAUNCH,LAUNCH,gSWIFT,0x1d9faf63a5e721ff7f027e57c4223f7b46f1cfd6,2,16.0,1782485569,False,0,0.0,,False,0.0,0.0,0.0,0.0,0.0,0.0,Unredeemed,,,,5.679150137122268,-16.0,-0.6450531164298583,False,True
SWIFT LAUNCH,LAUNCH,gSWIFT,0x20c3c97f6ad8ca78b8c30243bf4f487e884d353e,2,16.0,1782485495,True,2,170.0,1782486079.0,True,10.846,5.966763,0.9362,0.06379999999999997,136.35413889999998,127.65474483818,Holder,1785887079.0,944.7222222222222,Grail,127.65474483818,-10.033237,7.351344239886249,False,True
SWIFT LAUNCH,LAUNCH,gSWIFT,0x214de9af3c0c3e39838e05aa6ab09e6a9bfca289,2,16.0,1782485453,True,2,170.0,1782485753.0,True,170.0,95.682874,0.0,1.0,136.35413889999998,0.0,Flipper,1782983851.0,138.36055555555555,Grail,0.0,79.682874,4.980179625,False,True
SWIFT LAUNCH,LAUNCH,gSWIFT,0x228ed9b05e3fcae469e446977dcc0092a87ca20d,2,16.0,1782485471,True,2,170.0,1782485613.0,True,170.0,104.936033,0.10411306371173741,0.8958869362882625,136.35413889999998,14.19624715065479,Partial seller,1782495413.0,2.7222222222222223,Grail,14.196247150654793,88.936033,6.445767509415925,False,True
SWIFT LAUNCH,LAUNCH,gSWIFT,0x23631b12402fe1b2404fccfab01557269b0df108,2,16.0,1782485507,True,1,85.0,1782488201.0,False,0.0,0.0,1.0,0.0,68.17706944999999,68.17706944999999,Holder,,,,68.17706944999999,-16.0,3.2610668406249994,False,True
SWIFT LAUNCH,LAUNCH,gSWIFT,0x23c10b8ba82ab7bbab0c2d45e4df802cc509d32a,2,16.0,1782485649,True,2,170.0,1782485669.0,True,248.0256968826665,434.466227,0.0,1.0,136.35413889999998,0.0,Flipper,1782488819.0,0.875,BasedBot,0.0,418.466227,26.1541391875,False,True
SWIFT LAUNCH,LAUNCH,gSWIFT,0x25f547fc0db87305aae98aa27de88d30aa48c540,2,16.0,1782485627,True,2,170.0,1782490313.0,True,172.76120142296816,119.124189,5.8823529411711216e-05,0.9999411764705883,136.35413889999998,0.008020831699992705,Flipper,1782491143.0,0.23055555555555557,Grail,0.008020831700004102,103.124189,6.445763114481251,False,True
SWIFT LAUNCH,LAUNCH,gSWIFT,0x26a94f0606da706609dc199b3e34629d8103e4b1,2,16.0,1782485725,True,2,170.0,1782487177.0,False,0.0,0.0,1.0,0.0,136.35413889999998,136.35413889999998,Holder,,,,136.35413889999998,-16.0,7.522133681249999,False,True
SWIFT LAUNCH,LAUNCH,gSWIFT,0x291e59a85014269f99ee0df9e89083bbf5a80d62,1,8.0,1782485569,True,1,85.0,1782485663.0,True,85.0,86.2483,0.0,1.0,68.17706944999999,0.0,Flipper,1782489017.0,0.9316666666666666,Grail,0.0,78.2483,9.7810375,False,True
SWIFT LAUNCH,LAUNCH,gSWIFT,0x2a52ac190a84e935246202e529aed50b41c8731c,2,16.0,1782485463,True,2,170.0,1782488201.0,True,391.3213616206093,228.704209,0.010214490931902194,0.9897855090680978,136.35413889999998,1.392788115321382,Flipper,1782526285.0,10.578888888888889,OKX Wallet,1.3927881153213464,212.704209,13.381062319707583,True,True
SWIFT LAUNCH,LAUNCH,gSWIFT,0x2ab3694be4624f9bdc5ec86d6339e7b6aa2ee869,2,16.0,1782485459,True,2,170.0,1782485623.0,True,170.0,101.103622,0.0,1.0,136.35413889999998,0.0,Flipper,1783148441.0,184.1161111111111,Grail,0.0,85.103622,5.318976375,False,True
SWIFT LAUNCH,LAUNCH,gSWIFT,0x2b1f9682f9cc665832b5caf267f24aa325cdcedf,2,16.0,1782485509,True,2,170.0,1782487281.0,True,177.52229921409443,227.601117,1.0449157878825004e-17,1.0,136.35413889999998,1.4247859247973337e-15,Flipper,1782487459.0,0.049444444444444444,OKX Wallet,0.0017512561317343145,211.601117,13.225179266008233,False,True
SWIFT LAUNCH,LAUNCH,gSWIFT,0x3178fc052c3cbfcd2bd2008bc9787edfd12cd6dc,2,16.0,1782485533,True,2,170.0,1782485567.0,True,170.0,97.994392,0.0,1.0,136.35413889999998,0.0,Flipper,1782538531.0,14.712222222222222,Other / Unknown,0.0,81.994392,5.1246495,False,True
SWIFT LAUNCH,LAUNCH,gSWIFT,0x3511748c00b6b2dd9f77c1141cec9c0bd7ada5be,2,16.0,1782485523,True,2,170.0,1782485555.0,True,170.0,192.18686200000002,0.0,1.0,136.35413889999998,0.0,Flipper,1782487543.0,0.5522222222222222,Grail,0.0,176.18686200000002,11.011678875000001,False,True
SWIFT LAUNCH,LAUNCH,gSWIFT,0x37810876c7f38b57645501d58dfa317a164ef0c7,2,16.0,1782485557,True,2,170.0,1782485967.0,True,4.580493765028986,2.838105,2.383714141106954e-17,1.0,136.35413889999998,3.2502928909439175e-15,Flipper,1782487097.0,0.3138888888888889,Grail,132.94528542749998,-13.161895,7.48646190171875,False,True
SWIFT LAUNCH,LAUNCH,gSWIFT,0x3ae3197be2385bf6295f7d19f03ab898d717fcfd,2,16.0,1782485449,True,2,170.0,1782485753.0,True,170.0,94.059215,0.0,1.0,136.35413889999998,0.0,Flipper,1782999341.0,142.66333333333333,Grail,0.0,78.059215,4.8787009375,False,True
SWIFT LAUNCH,LAUNCH,gSWIFT,0x3dfac8d40954ac9a0d1b18fa5e69e080f326760f,2,16.0,1782485495,True,2,170.0,1782486069.0,True,13.685,7.520792,0.9195000000000001,0.0804999999999999,136.35413889999998,125.37763071855,Holder,1785887165.0,944.7488888888889,Grail,125.37763071855,-8.479208,7.306151419909375,False,True
SWIFT LAUNCH,LAUNCH,gSWIFT,0x3f322ac37155e431ca30cd8343c28ab0222c7ecb,1,8.0,1782485505,False,0,0.0,,False,0.0,0.0,0.0,0.0,0.0,0.0,Unredeemed,,,,0.0,-8.0,-1.0,False,True
SWIFT LAUNCH,LAUNCH,gSWIFT,0x3f5badee3fcfa1c73159629801de1af4548ddb2f,2,16.0,1782485515,True,2,170.0,1782487249.0,True,184.54510404950597,111.825515,0.0,1.0,136.35413889999998,0.0,Flipper,1782494849.0,2.111111111111111,Grail,0.0,95.825515,5.9890946875,False,True
SWIFT LAUNCH,LAUNCH,gSWIFT,0x409bbc0f3fdf07d7e48f5e49f68cc3d970363555,1,8.0,1782485609,False,0,0.0,,False,0.0,0.0,0.0,0.0,0.0,0.0,Unredeemed,,,,0.0,-8.0,-1.0,False,True
SWIFT LAUNCH,LAUNCH,gSWIFT,0x43ca9b301663af944fcc5c307ffde09dcd694f0f,2,16.0,1782485503,True,2,170.0,1782485549.0,True,312.38,196.194233,5.0283277104767876e-05,0.9999497167228952,136.35413889999998,0.006856332950690708,Flipper,1782487463.0,0.5316666666666666,Grail,0.0,180.194233,11.2621395625,False,True
SWIFT LAUNCH,LAUNCH,gSWIFT,0x4b941bff84fccca7f0033a0331a3c5427dab2f0d,1,8.0,1782485563,True,1,85.0,1782485639.0,True,85.0,69.67695099999999,0.0,1.0,68.17706944999999,0.0,Flipper,1782489119.0,0.9666666666666667,Grail,0.0,61.67695099999999,7.7096188749999985,False,True
SWIFT LAUNCH,LAUNCH,gSWIFT,0x4f234ea0b719d989caff43ffc46f5c292624d4d8,1,8.0,1782485657,True,1,85.0,1782488201.0,True,94.29010263642873,57.68235,0.0,1.0,68.17706944999999,0.0,Flipper,1782523689.0,9.857777777777779,Grail,0.18288697603903833,49.68235,6.2331546220048795,False,True
SWIFT LAUNCH,LAUNCH,gSWIFT,0x4f240578aabc8d80ecc6bffd17387d75640412a6,1,8.0,1782485463,True,1,85.0,1782488201.0,True,85.0,48.976157,0.0,1.0,68.17706944999999,0.0,Flipper,1782567951.0,22.15277777777778,OKX Wallet,0.0,40.976157,5.122019625,True,True
SWIFT LAUNCH,LAUNCH,gSWIFT,0x521d0eb9ea6ecc29e7b995abc329490b4fc234f2,2,16.0,1782485473,True,1,85.0,1782488201.0,True,85.0,54.777185,0.0,1.0,68.17706944999999,0.0,Flipper,1782506447.0,5.068333333333333,Grail,0.0,38.777185,2.4235740625,False,True
SWIFT LAUNCH,LAUNCH,gSWIFT,0x52e2a414c65bd8ea41b6c5b5276ed9452ecad088,1,8.0,1782485549,True,1,85.0,1782488201.0,False,10.0,7.948491,0.992926253503546,0.007073746496453981,68.17706944999999,67.69480214383955,Holder,1782489177.0,0.27111111111111114,Bots / Direct,67.69480214383958,-0.05150900000000025,8.455411642979948,False,True
SWIFT LAUNCH,LAUNCH,gSWIFT,0x533b65ce39f438105f36d988d9c106f693ec2b74,1,8.0,1782485497,True,1,85.0,1782488201.0,True,137.68744194737837,84.022337,8.359326303060003e-17,0.9999999999999999,68.17706944999999,5.699143699189335e-15,Flipper,1782498309.0,2.807777777777778,Grail,0.0,76.022337,9.502792125,False,True
SWIFT LAUNCH,LAUNCH,gSWIFT,0x534f757609e57ee164b929e0c50861559f9aa125,2,16.0,1782485449,True,2,170.0,1782485753.0,True,170.0,92.605973,0.0,1.0,136.35413889999998,0.0,Flipper,1784188967.0,473.115,Grail,0.0,76.605973,4.7878733125,False,True
SWIFT LAUNCH,LAUNCH,gSWIFT,0x53991b9ce11a4a44b5ab2e59d790a14ac7c5df47,2,16.0,1782485451,True,2,170.0,1782485753.0,True,170.0,93.444835,0.0,1.0,136.35413889999998,0.0,Flipper,1784274027.0,496.7427777777778,Grail,0.0,77.444835,4.8403021875,False,True
SWIFT LAUNCH,LAUNCH,gSWIFT,0x5c357af017c471d950cc8915bd97e2ae8c989b92,1,8.0,1782485603,True,1,85.0,1782485653.0,True,82.59883815688877,46.518541,0.00011129461359653407,0.9998887053864035,68.17706944999999,0.007587740600581816,Flipper,1786786783.0,1194.7583333333334,Grail,0.0,38.518541,4.814817625,False,True
SWIFT LAUNCH,LAUNCH,gSWIFT,0x5c425da5f5b89aeae5f33bbfed30ce30f62a3d6d,2,16.0,1782485555,True,2,170.0,1787747373.0,True,170.0,113.349775,0.0,1.0,136.35413889999998,0.0,Flipper,1787747523.0,0.041666666666666664,Grail,0.0,97.349775,6.0843609375,False,True
SWIFT LAUNCH,LAUNCH,gSWIFT,0x5cffeab07c8866a48f377bf7fe823d348308d20e,1,8.0,1782485647,True,1,85.0,1782488201.0,True,85.0,51.598034,0.0,1.0,68.17706944999999,0.0,Flipper,1782489485.0,0.3566666666666667,Grail,0.0,43.598034,5.44975425,False,True
SWIFT LAUNCH,LAUNCH,gSWIFT,0x5e6a9572b19157facdfae5c9766c06fe01a1a611,2,16.0,1782485519,True,2,170.0,1782485611.0,True,251.5888304555241,145.876806,8.359326303060003e-17,0.9999999999999999,136.35413889999998,1.139828739837867e-14,Flipper,1782494677.0,2.5183333333333335,Grail,0.0010474233211039056,129.876806,8.117365838957568,False,True
SWIFT LAUNCH,LAUNCH,gSWIFT,0x5f09c6a8b7a8c7c354219764c1504e54f6176139,1,8.0,1782485697,True,1,85.0,1782499687.0,True,84.875,51.572563,0.0,1.0,68.17706944999999,0.0,Flipper,1782500033.0,0.0961111111111111,Grail,0.10026039625,43.572563,5.45910292453125,False,True
SWIFT LAUNCH,LAUNCH,gSWIFT,0x5f4d14f966f5098aa7b529ea3510343a8281399e,2,16.0,1782485451,True,2,170.0,1782485753.0,True,170.0,94.066132,0.0,1.0,136.35413889999998,0.0,Flipper,1783700129.0,337.32666666666665,Grail,0.0,78.066132,4.87913325,False,True
SWIFT LAUNCH,LAUNCH,gSWIFT,0x5fdeeff2b4ad526b0240ab1398afbf49deb383e3,2,16.0,1782485491,True,2,170.0,1782485531.0,True,0.0,0.0,0.0,1.0,136.35413889999998,0.0,Flipper,,,,0.0,-16.0,-1.0,False,True
SWIFT LAUNCH,LAUNCH,gSWIFT,0x609c9f9ce72e5fc3e6b3d387f0857b745af96fa3,2,16.0,1782485453,True,2,170.0,1782485753.0,True,170.0,94.537519,0.0010364723764845797,0.9989635276235154,136.35413889999998,0.14132729838919145,Flipper,1783748253.0,350.69444444444446,Grail,0.1413272983891947,78.537519,4.917427893649325,False,True
SWIFT LAUNCH,LAUNCH,gSWIFT,0x618d68e225c9ac8a1dfe11c8a26906f9da92407e,2,16.0,1782485603,True,1,85.0,1782485753.0,True,0.0,0.0,0.0,1.0,68.17706944999999,0.0,Flipper,,,,0.0,-16.0,-1.0,False,True
SWIFT LAUNCH,LAUNCH,gSWIFT,0x61ef23e677afd042b34605a9c08fc806ac974703,2,16.0,1782485465,True,2,170.0,1782485493.0,True,173.2395874629643,358.091313,0.0,1.0,136.35413889999998,0.0,Flipper,1782487749.0,0.6266666666666667,Grail,0.0,342.091313,21.3807070625,True,True
SWIFT LAUNCH,LAUNCH,gSWIFT,0x630f77a10e249327a11ca3f43941d02e98b1f889,2,16.0,1782485533,True,1,85.0,1782488201.0,False,0.0,0.0,1.0,0.0,68.17706944999999,68.17706944999999,Holder,,,,68.17706944999999,-16.0,3.2610668406249994,False,True
SWIFT LAUNCH,LAUNCH,gSWIFT,0x6738e5114a64eb9a28038029f37b07c337e97340,1,8.0,1782485721,True,1,85.0,1782487275.0,True,0.0,0.0,0.0,1.0,68.17706944999999,0.0,Flipper,,,,0.0,-8.0,-1.0,False,True
SWIFT LAUNCH,LAUNCH,gSWIFT,0x69c833f007f54f7fdd599f9efa39a503e6fbba31,2,16.0,1782485495,True,2,170.0,1782485551.0,True,242.50492401947082,150.879296,6.008265780324377e-17,0.9999999999999999,136.35413889999998,8.192519067584669e-15,Flipper,1782491815.0,1.74,Grail,2.1662922288092514,134.879296,8.565349264300579,False,True
SWIFT LAUNCH,LAUNCH,gSWIFT,0x6a2b7688875cfd0ed200eff704ad81fe1912cd70,1,8.0,1782485655,False,0,0.0,,False,0.0,0.0,0.0,0.0,0.0,0.0,Unredeemed,,,,0.0,-8.0,-1.0,False,True
SWIFT LAUNCH,LAUNCH,gSWIFT,0x6afb06fc5a0dae2a86b96088338236d02f999999,2,16.0,1782485603,True,2,170.0,1782485639.0,True,170.0,296.883454,0.0,1.0,136.35413889999998,0.0,Flipper,1782488843.0,0.89,GMGN,0.0,280.883454,17.555215875,True,True
SWIFT LAUNCH,LAUNCH,gSWIFT,0x6b41abdca985ec9c6c675f8b20004ad1002dd783,2,16.0,1782485551,True,2,170.0,1782489387.0,True,170.0,94.403258,0.0,1.0,136.35413889999998,0.0,Flipper,1782494725.0,1.4827777777777778,Grail,0.0,78.403258,4.900203625,False,True
SWIFT LAUNCH,LAUNCH,gSWIFT,0x6dbceebd111de65a57c0968c3bad37e930cef708,2,16.0,1782485465,True,2,170.0,1782485529.0,True,170.0,94.663389,0.0,1.0,136.35413889999998,0.0,Flipper,1782829353.0,95.50666666666666,GMGN,0.0,78.663389,4.9164618125,False,True
SWIFT LAUNCH,LAUNCH,gSWIFT,0x6f1939d9aac9572912366298aca21af9b37bea93,2,16.0,1782485463,True,2,170.0,1782486063.0,True,50.516,25.952593,0.7028470588235295,0.2971529411764705,136.35413889999998,95.83610548428,Holder,1785887005.0,944.7061111111111,Grail,95.83610548428,9.952593,6.611793655267499,False,True
SWIFT LAUNCH,LAUNCH,gSWIFT,0x739ed8fa0036d3ae2a5bed0585ebbab31cceddce,2,16.0,1782485491,False,0,0.0,,False,0.0,0.0,0.0,0.0,0.0,0.0,Unredeemed,,,,1.5683723367481068,-16.0,-0.9019767289532433,False,True
SWIFT LAUNCH,LAUNCH,gSWIFT,0x7502e404dc96580157ffbc37504c5d88a2369a80,1,8.0,1782485473,False,0,0.0,,False,0.0,0.0,0.0,0.0,0.0,0.0,Unredeemed,,,,0.0,-8.0,-1.0,False,True
SWIFT LAUNCH,LAUNCH,gSWIFT,0x765682c1c7d451f0e2c4540d642b822d7d0876bd,1,8.0,1782485597,True,1,85.0,1782485637.0,True,11.0,6.132362,0.0,1.0,68.17706944999999,0.0,Flipper,1784210297.0,479.0722222222222,Grail,0.0,-1.8676380000000004,-0.23345475000000004,False,True
SWIFT LAUNCH,LAUNCH,gSWIFT,0x77ad0d6e27eacb4f54df32bcb1b7b8f779bcb5f1,2,16.0,1782485531,False,0,0.0,,False,0.0,0.0,0.0,0.0,0.0,0.0,Unredeemed,,,,0.0,-16.0,-1.0,False,True
SWIFT LAUNCH,LAUNCH,gSWIFT,0x78bd9bae79c1bfbe3df3e7a67268a1922bd74c79,2,16.0,1782485449,True,2,170.0,1782485753.0,True,170.0,94.621831,0.0,1.0,136.35413889999998,0.0,Flipper,1783693397.0,335.45666666666665,Grail,0.0,78.621831,4.9138644375,False,True
SWIFT LAUNCH,LAUNCH,gSWIFT,0x7b2adeee812f2fde59a60ccd958226d1c9c82694,2,16.0,1782485493,False,0,0.0,,False,348.35382623047894,199.623726,0.0,0.0,0.0,0.0,Unredeemed,1782497341.0,,Grail,1002.1626981091276,183.623726,74.11165150682048,True,True
SWIFT LAUNCH,LAUNCH,gSWIFT,0x7bba0d9cb8a9333407c1bf4cfd3f0ac4baf0260c,1,8.0,1782485535,True,1,85.0,1782485585.0,True,85.0,9.531807,0.0,1.0,68.17706944999999,0.0,Flipper,1782491271.0,1.5794444444444444,Grail,0.0,1.5318070000000006,0.19147587500000007,False,True
SWIFT LAUNCH,LAUNCH,gSWIFT,0x7eb84dda9d85495520f8755e816afa59ecb9966f,1,8.0,1782485535,True,1,85.0,1782488201.0,True,85.0,47.502322,0.0,1.0,68.17706944999999,0.0,Flipper,1782743733.0,70.9811111111111,Grail,0.0,39.502322,4.93779025,False,True
SWIFT LAUNCH,LAUNCH,gSWIFT,0x7ec91b05b3c44314e286ff03d1977efd0969fb12,2,16.0,1782485491,True,2,170.0,1782485633.0,True,170.0,100.736152,0.0,1.0,136.35413889999998,0.0,Flipper,1783148625.0,184.16444444444446,Grail,0.0,84.736152,5.2960095,False,True
SWIFT LAUNCH,LAUNCH,gSWIFT,0x7f0d0db7fde96ae1f82ec4e8c0ac9001520cf6e0,2,16.0,1782485585,True,1,85.0,1782487123.0,False,0.0,0.0,1.0,0.0,68.17706944999999,68.17706944999999,Holder,,,,1055.794380339395,-16.0,64.98714877121219,False,True
SWIFT LAUNCH,LAUNCH,gSWIFT,0x7f1d46e0803708586c2faac85310a449a89fc596,2,16.0,1782485489,True,2,170.0,1782488201.0,True,170.0,97.599884,0.0,1.0,136.35413889999998,0.0,Flipper,1782569319.0,22.532777777777778,OKX Wallet,0.0,81.599884,5.09999275,False,True
SWIFT LAUNCH,LAUNCH,gSWIFT,0x7fead8049067210edf54f44e37e153879c473211,1,8.0,1782485705,True,1,85.0,1782485735.0,True,0.0,0.0,0.0,1.0,68.17706944999999,0.0,Flipper,,,,0.0,-8.0,-1.0,False,True
SWIFT LAUNCH,LAUNCH,gSWIFT,0x80cf8b36d471f291f1be46c8fd4ad10b97c74c47,2,16.0,1782485481,True,2,170.0,1782485509.0,True,0.0,0.0,0.0,1.0,136.35413889999998,0.0,Flipper,,,,0.0,-16.0,-1.0,False,True
SWIFT LAUNCH,LAUNCH,gSWIFT,0x81c9eb47f4e3a66d7e0ee6e95d29da2542d66601,2,16.0,1782485449,True,2,170.0,1782485753.0,True,170.0,92.323791,0.0,1.0,136.35413889999998,0.0,Flipper,1784576243.0,580.6916666666667,Grail,0.0,76.323791,4.7702369375,False,True
SWIFT LAUNCH,LAUNCH,gSWIFT,0x830588c0f09fe56f66e53ac937136ec94497e12c,2,16.0,1782485627,True,2,170.0,1782486087.0,True,59.615,34.876616,0.6493235294117647,0.35067647058823526,136.35413889999998,88.53795072045,Holder,1783162567.0,187.9111111111111,Grail,88.53795072045,18.876616,6.713410420028125,False,True
SWIFT LAUNCH,LAUNCH,gSWIFT,0x84125eee20d26781c216140e7c1cabc535d3b8b5,2,16.0,1782485507,True,2,170.0,1782488201.0,True,170.0,94.50557,0.0,1.0,136.35413889999998,0.0,Flipper,1782911303.0,117.52833333333334,OKX Wallet,0.0,78.50557,4.906598125,False,True
SWIFT LAUNCH,LAUNCH,gSWIFT,0x86f308168464506aeb59b87e7764316458632600,2,16.0,1782485455,True,2,170.0,1782486075.0,True,24.3078,13.365904,0.8570129411764708,0.14298705882352925,136.35413889999998,116.857261620274,Holder,1785887089.0,944.7261111111111,Grail,116.857261620274,-2.6340959999999995,7.138947851267126,False,True
SWIFT LAUNCH,LAUNCH,gSWIFT,0x88422e46ac04bd166cc617fc42831d04f0241085,1,8.0,1782485489,True,1,85.0,1782498505.0,True,85.0,53.365789,0.0,1.0,68.17706944999999,0.0,Flipper,1782498563.0,0.01611111111111111,Grail,0.0,45.365789,5.670723625,False,True
SWIFT LAUNCH,LAUNCH,gSWIFT,0x8d63d43e2c8279d6ae5790429bc3d480f850ce73,2,16.0,1782485561,True,2,170.0,1782485721.0,True,0.0,0.0,0.0,1.0,136.35413889999998,0.0,Flipper,,,,0.0,-16.0,-1.0,False,True
SWIFT LAUNCH,LAUNCH,gSWIFT,0x8ecd2b14462f3012b57ffa189199a7aa1c77872e,2,16.0,1782485539,True,2,170.0,1782489387.0,True,0.0,0.0,0.0,1.0,136.35413889999998,0.0,Flipper,,,,0.0,-16.0,-1.0,False,True
SWIFT LAUNCH,LAUNCH,gSWIFT,0x93b0ac79741c251714c24cd2a2dec2e2b16423ee,2,16.0,1782485581,True,2,170.0,1782485695.0,True,170.08612936821496,107.544754,0.0,1.0,136.35413889999998,0.0,Flipper,1782498157.0,3.4616666666666664,Grail,0.0,91.544754,5.721547125,False,True
SWIFT LAUNCH,LAUNCH,gSWIFT,0x96289e0c5e166343915352377e13e94f46815ae1,2,16.0,1782485495,True,2,170.0,1782487757.0,True,170.0,143.707476,0.0,1.0,136.35413889999998,0.0,Flipper,1782489005.0,0.3466666666666667,Bots / Direct,0.0,127.70747600000001,7.981717250000001,False,True
SWIFT LAUNCH,LAUNCH,gSWIFT,0x97984422c7c31572c283f9429607471119c9b7f8,1,8.0,1782485483,True,1,85.0,1782487047.0,True,50.0,32.094721,0.411764705882353,0.588235294117647,68.17706944999999,28.072910949999997,Partial seller,1789576777.0,1969.3694444444445,Grail,28.072910949999997,24.094721,6.52095399375,False,True
SWIFT LAUNCH,LAUNCH,gSWIFT,0x984332f81679556cad592e5b6ece39157be4d77f,2,16.0,1782485473,True,2,170.0,1782485933.0,True,150.000000000001,90.04383,0.10821305207290045,0.8917869479270996,136.35413889999998,14.7552975331412,Partial seller,1788529375.0,1678.733888888889,OKX Wallet,0.0,74.04383,4.627739375,False,True
SWIFT LAUNCH,LAUNCH,gSWIFT,0x98d6b47d2c6abf76f918cf37003e20dff6993592,1,8.0,1782485495,True,1,85.0,1782488201.0,True,85.0,61.55848,0.0,1.0,68.17706944999999,0.0,Flipper,1782492311.0,1.1416666666666666,Grail,0.0,53.55848,6.69481,False,True
SWIFT LAUNCH,LAUNCH,gSWIFT,0x9a2b09c6b6f3fe2536af06550e739e002749fb5e,1,8.0,1782485491,True,1,85.0,1782485531.0,True,23.75,14.814081999999999,1.3207735558834804e-14,0.9999999999999868,68.17706944999999,9.004647044719149e-13,Flipper,1782487147.0,0.4488888888888889,Grail,23.861974307500898,6.814081999999999,3.8345070384376125,False,True
SWIFT LAUNCH,LAUNCH,gSWIFT,0x9b2515a0aa5e5cfbeebd50b2c6c0cbafb3fe77e7,2,16.0,1782485671,True,1,85.0,1782488601.0,False,0.0,0.0,1.0,0.0,68.17706944999999,68.17706944999999,Holder,,,,68.17706944999999,-16.0,3.2610668406249994,False,True
SWIFT LAUNCH,LAUNCH,gSWIFT,0x9b2fd05649a0ee0d91094bc08b92a3b60298692e,2,16.0,1782485449,True,2,170.0,1782485753.0,True,170.0,93.28142000000001,0.0,1.0,136.35413889999998,0.0,Flipper,1783003673.0,143.86666666666667,Grail,0.0,77.28142000000001,4.830088750000001,False,True
SWIFT LAUNCH,LAUNCH,gSWIFT,0x9f73e6579f9e13b0da069d460fe021c77b27436e,2,16.0,1782485455,True,2,170.0,1782485753.0,True,170.0,95.104368,0.0,1.0,136.35413889999998,0.0,Flipper,1783001055.0,143.13944444444445,Grail,0.0,79.104368,4.944023,False,True
SWIFT LAUNCH,LAUNCH,gSWIFT,0x9ff21445e728af4f3134b57f496e7f4dd8013e48,2,16.0,1782485501,False,0,0.0,,False,58.97,33.705088,0.0,0.0,0.0,0.0,Unredeemed,1783695453.0,,Grail,0.8856497748863388,17.705088000000003,1.1619211109303964,False,True
SWIFT LAUNCH,LAUNCH,gSWIFT,0xa18e759b0a83b7ee4432be7413b3127a9b6e8075,2,16.0,1782485583,True,2,170.0,1782486009.0,True,170.0,103.781958,0.001540967861376597,0.9984590321386234,136.35413889999998,0.21011734581058045,Flipper,1782499473.0,3.74,Grail,0.2101173458105782,87.781958,5.499504709113161,False,True
SWIFT LAUNCH,LAUNCH,gSWIFT,0xa344c23b231bf3733bd15889154b338f3ada3994,1,8.0,1782485663,True,1,85.0,1782498813.0,True,85.96413223543587,53.010420999999994,0.0,1.0,68.17706944999999,0.0,Flipper,1782498851.0,0.010555555555555556,Grail,0.0,45.010420999999994,5.626302624999999,False,True
SWIFT LAUNCH,LAUNCH,gSWIFT,0xa45111cdd1443e9f47e749ab714ace08915d3b45,2,16.0,1782485479,True,2,170.0,1782486863.0,True,200.48478821328413,216.36032799999998,1.697988155309063e-17,1.0,136.35413889999998,2.315277127795667e-15,Flipper,1782488851.0,0.5522222222222222,BasedBot,0.003760348635489995,200.36032799999998,12.522755521789717,True,True
SWIFT LAUNCH,LAUNCH,gSWIFT,0xa7a8dc3bc1c165c15cbb6413fad73f21cf76775a,2,16.0,1782485461,True,2,170.0,1782486059.0,True,15.36,8.458084,0.9096470588235294,0.09035294117647064,136.35413889999998,124.03414140879998,Holder,1785886991.0,944.7033333333334,Grail,124.03414140879998,-7.5419160000000005,7.280764088049999,False,True
SWIFT LAUNCH,LAUNCH,gSWIFT,0xa84f8eac13b6bd3756fc6a2cd6edaff2e7197444,2,16.0,1782485503,True,2,170.0,1782485591.0,True,165.25,96.543644,0.0,1.0,136.35413889999998,0.0,Flipper,1782492955.0,2.0455555555555556,Grail,3.8098950575,80.543644,5.27209619109375,False,True
SWIFT LAUNCH,LAUNCH,gSWIFT,0xa8cff29431eb3470d582e3458aebe9dea47c59c9,1,8.0,1782485733,True,1,85.0,1782485787.0,True,85.0,46.653344000000004,0.0,1.0,68.17706944999999,0.0,Flipper,1783935563.0,402.71555555555557,Grail,0.0,38.653344000000004,4.8316680000000005,False,True
SWIFT LAUNCH,LAUNCH,gSWIFT,0xaa58e52bcecd1e3805a7ca799f14f06307f0927a,2,16.0,1782485491,True,2,170.0,1783010301.0,True,270.8612581539743,146.864757,0.0,1.0,136.35413889999998,0.0,Flipper,1783013857.0,0.9877777777777778,OKX Wallet,0.0,130.864757,8.1790473125,False,True
SWIFT LAUNCH,LAUNCH,gSWIFT,0xac90a993dfaeab8632dab523d7e4f2c0889343b6,2,16.0,1782485585,True,2,170.0,1782488201.0,True,0.0,0.0,0.0,1.0,136.35413889999998,0.0,Flipper,,,,0.0,-16.0,-1.0,False,True
SWIFT LAUNCH,LAUNCH,gSWIFT,0xadc9994f09588fac09933731db4bf3a2ca0cea79,2,16.0,1782485443,True,2,170.0,1782485469.0,True,8.5,5.117622,0.0,1.0,136.35413889999998,0.0,Flipper,1782487033.0,0.43444444444444447,Grail,129.53643195499998,-10.882378,7.4158783721875,False,True
SWIFT LAUNCH,LAUNCH,gSWIFT,0xae4b59fbd28eeae34f9f350c39153806e694b76e,2,16.0,1782485449,True,2,170.0,1782485753.0,True,170.0,96.47067299999999,0.0,1.0,136.35413889999998,0.0,Flipper,1782988611.0,139.68277777777777,Grail,0.0,80.47067299999999,5.029417062499999,False,True
SWIFT LAUNCH,LAUNCH,gSWIFT,0xaf186526734e9038f21d2b0698ae02417c21cc70,2,16.0,1782485519,True,2,170.0,1782485673.0,True,180.37470615230987,238.57335700000002,0.0,1.0,136.35413889999998,0.0,Flipper,1782487077.0,0.39,Grail,0.80208317,222.57335700000002,13.960965010625001,False,True
SWIFT LAUNCH,LAUNCH,gSWIFT,0xb033f119a9ed1ebb9a628861ced9e3b636742069,2,16.0,1782485461,True,2,170.0,1782485643.0,True,0.0,0.0,0.026243848268681386,0.9737561517313186,136.35413889999998,3.578457332098306,Flipper,,,,3.578457332098297,-16.0,-0.7763464167438564,True,True
SWIFT LAUNCH,LAUNCH,gSWIFT,0xb0d1f1a39166977d5d9c846803dd114f86397b16,2,16.0,1782485633,True,1,85.0,1782486993.0,True,87.0,53.888167,0.0,1.0,68.17706944999999,0.0,Flipper,1782489875.0,0.8005555555555556,Grail,0.0006058303758364753,37.888167,2.36804830189849,False,True
SWIFT LAUNCH,LAUNCH,gSWIFT,0xb1c9c618f172669f6287cfbb026d0b2ddd3cd5c7,2,16.0,1782485507,True,2,170.0,1782485545.0,True,17.146804902989743,9.519261,1.0449157878825004e-17,1.0,136.35413889999998,1.4247859247973337e-15,Flipper,1782486863.0,0.3661111111111111,BasedBot,126.1275784825,-6.480739,7.477927467656251,True,True
SWIFT LAUNCH,LAUNCH,gSWIFT,0xb28abd03711d4d563828d6d196f714cce0106274,1,8.0,1782485745,True,1,85.0,1782489233.0,True,73.9,45.292958,0.0,1.0,68.17706944999999,0.0,Flipper,1782499443.0,2.8361111111111112,KyberSwap,0.0,37.292958,4.66161975,False,True
SWIFT LAUNCH,LAUNCH,gSWIFT,0xb3b550e0a844705310639cb343ddec7354facc0d,2,16.0,1782485631,True,2,170.0,1782488201.0,True,222.37083851270665,140.270775,0.0,1.0,136.35413889999998,0.0,Flipper,1782494919.0,1.866111111111111,Grail,0.0,124.27077499999999,7.766923437499999,True,True
SWIFT LAUNCH,LAUNCH,gSWIFT,0xb4356c8fbd9afa2706ba0425ad1b2b3f76891c5b,2,16.0,1782485705,True,2,170.0,1782487413.0,True,170.0,103.773973,0.0,1.0,136.35413889999998,0.0,Flipper,1782513607.0,7.276111111111111,Bots / Direct,0.0,87.773973,5.4858733125,False,True
SWIFT LAUNCH,LAUNCH,gSWIFT,0xb52d992b81b72e216c8a6e19b6d211683168e570,2,16.0,1782485445,True,2,170.0,1782485471.0,True,0.0,0.0,8.032790119346722e-17,0.9999999999999999,136.35413889999998,1.0953041796879503e-14,Flipper,,,,0.0,-16.0,-1.0,True,True
SWIFT LAUNCH,LAUNCH,gSWIFT,0xb6bd8add47d3b1679df9a63286d4636dac7448b0,2,16.0,1782485633,True,2,170.0,1782485659.0,True,170.0,231.626429,0.0,1.0,136.35413889999998,0.0,Flipper,1782488887.0,0.8966666666666666,Grail,0.0,215.626429,13.4766518125,False,True
SWIFT LAUNCH,LAUNCH,gSWIFT,0xbb66ff34cb4ea0d42b83550e26cc794295b01b67,2,16.0,1782485557,True,2,170.0,1782488201.0,True,170.86748269257032,135.590695,0.0,1.0,136.35413889999998,0.0,Flipper,1782489335.0,0.315,Grail,0.0,119.59069500000001,7.474418437500001,False,True
SWIFT LAUNCH,LAUNCH,gSWIFT,0xbbb489c5804e5f0d7c78dee0c1ffebf6eafe23c6,1,8.0,1782485473,True,1,85.0,1782485493.0,True,56.8278066360096,534.4778320000001,0.011074136777052199,0.9889258632229478,68.17706944999999,0.7550021921478868,Flipper,1782487673.0,0.6055555555555555,Grail,26.32140323589788,526.4778320000001,69.09990440448725,False,True
SWIFT LAUNCH,LAUNCH,gSWIFT,0xbe3d4dc77185b38a50640bc3f7be1cfaeb09c53a,1,8.0,1782485701,True,1,85.0,1783460357.0,True,85.0,50.471634,0.0,1.0,68.17706944999999,0.0,Flipper,1783460379.0,0.006111111111111111,Grail,0.0,42.471634,5.30895425,False,True
SWIFT LAUNCH,LAUNCH,gSWIFT,0xbe6cef7632a5fce88ba629ef57b7e1d26ae03865,1,8.0,1782485481,True,1,85.0,1782485515.0,False,0.0,0.0,1.0,0.0,68.17706944999999,68.17706944999999,Holder,,,,68.17706944999999,-8.0,7.522133681249999,False,True
SWIFT LAUNCH,LAUNCH,gSWIFT,0xbec2c1ca116a832f4ddab165000610ee850fd338,2,16.0,1782485481,True,2,170.0,1782488201.0,True,170.0,102.41094799999999,0.010312977113978532,0.9896870228860215,136.35413889999998,1.4062171138719497,Flipper,1782523145.0,9.706666666666667,Grail,1.4062171138719526,86.41094799999999,5.488572819616996,False,True
SWIFT LAUNCH,LAUNCH,gSWIFT,0xc69aaf51a76832bc2d2d78fcfac045f6e4701135,2,16.0,1782485593,True,2,170.0,1782488201.0,True,169.872768125,107.79757000000001,0.001025349069659686,0.9989746509303403,136.35413889999998,0.1398105894653626,Flipper,1782489573.0,0.3811111111111111,Grail,0.24186113509040982,91.79757000000001,5.752464445943151,False,True
SWIFT LAUNCH,LAUNCH,gSWIFT,0xc6eaacaa6de1b7c98ff558da46e0bbd62a333885,2,16.0,1782485459,True,1,85.0,1782488201.0,True,85.0,47.167527,0.011341217353446063,0.9886587826465539,68.17706944999999,0.7732109631534373,Flipper,1782777961.0,80.4888888888889,Grail,0.773210963153437,31.167527,1.99629612269709,False,True
SWIFT LAUNCH,LAUNCH,gSWIFT,0xc6fac2424e017e1b789651a82018d2cc8623653f,1,8.0,1782485607,True,1,85.0,1782487757.0,True,85.0,70.318154,0.0,1.0,68.17706944999999,0.0,Flipper,1782489149.0,0.38666666666666666,0x API (Matcha/Rabby),0.0,62.31815400000001,7.789769250000001,False,True
SWIFT LAUNCH,LAUNCH,gSWIFT,0xc883c0c0726bbcaa322de3ce86909596fa0834af,2,16.0,1782485453,True,2,170.0,1782485695.0,True,0.0,0.0,0.10417477588648029,0.8958252241135197,136.35413889999998,14.204661861101503,Partial seller,,,,14.204661861101497,-16.0,-0.11220863368115641,True,True
SWIFT LAUNCH,LAUNCH,gSWIFT,0xc9174488d99af3e5c6f22caf7f03ef0080b26824,2,16.0,1782485449,True,2,170.0,1782485753.0,True,170.0,164.316443,0.0,1.0,136.35413889999998,0.0,Flipper,1782488965.0,0.8922222222222222,Grail,0.0,148.316443,9.2697776875,False,True
SWIFT LAUNCH,LAUNCH,gSWIFT,0xcadb43cc179801dadad9e9041c7565f528940a0d,2,16.0,1782485537,True,2,170.0,1782488237.0,True,170.0,96.494997,0.0,1.0,136.35413889999998,0.0,Flipper,1782681143.0,53.585,Bots / Direct,0.0,80.494997,5.0309373125,False,True
SWIFT LAUNCH,LAUNCH,gSWIFT,0xcc5926ddebdc8afcfeaddae4ace16e9901dca0a5,2,16.0,1782485485,True,2,170.0,1782485533.0,True,361.2985622750619,755.3948660000001,0.0,1.0,136.35413889999998,0.0,Flipper,1782487643.0,0.5861111111111111,Grail,0.0013341446181263513,739.3948660000001,46.21226250903864,False,True
SWIFT LAUNCH,LAUNCH,gSWIFT,0xcd0a8f4a161bd70958c665c25ab3cf857872b672,2,16.0,1782485447,True,2,170.0,1782485469.0,True,170.0,121.93569300000001,0.0,1.0,136.35413889999998,0.0,Flipper,1782489213.0,1.04,Bots / Direct,0.0,105.93569300000001,6.620980812500001,False,True
SWIFT LAUNCH,LAUNCH,gSWIFT,0xcd60d10d9aefdb480aa38a592e759a44dca502b1,2,16.0,1782485571,False,0,0.0,,False,0.0,0.0,0.0,0.0,0.0,0.0,Unredeemed,,,,0.0,-16.0,-1.0,False,True
SWIFT LAUNCH,LAUNCH,gSWIFT,0xcdb76d26908d00c50dd9c9eb6b0fc4eff7d9b3bd,1,8.0,1782485749,False,0,0.0,,False,1.969,1.11516,0.0,0.0,0.0,0.0,Unredeemed,1787682651.0,,Grail,0.05225462731487225,-6.8848400000000005,-0.854073171585641,False,True
SWIFT LAUNCH,LAUNCH,gSWIFT,0xd60b8d278a98e068eaf3508e95cf1b0089961288,1,8.0,1782485723,False,0,0.0,,False,0.0,0.0,0.0,0.0,0.0,0.0,Unredeemed,,,,0.0,-8.0,-1.0,False,True
SWIFT LAUNCH,LAUNCH,gSWIFT,0xd612d0b07027d7505fced8e01ed89438450d2b83,1,8.0,1782485473,False,0,0.0,,False,0.0,0.0,0.0,0.0,0.0,0.0,Unredeemed,,,,0.0,-8.0,-1.0,False,True
SWIFT LAUNCH,LAUNCH,gSWIFT,0xdd3014109ecb84d7b5ee26052b5489084b58123e,2,16.0,1782485477,True,2,170.0,1782485609.0,True,1835.1054195062354,1058.230879,0.006795582861836385,0.9932044171381637,136.35413889999998,0.9266058494492978,Flipper,1782493259.0,2.125,OKX Wallet,0.9266058494493814,1042.230879,65.19734280309058,True,True
SWIFT LAUNCH,LAUNCH,gSWIFT,0xddb7f7b2d91e6d6674a331b9fd6859f64a5c2cda,2,16.0,1782485565,True,2,170.0,1782487157.0,True,170.33490349789514,105.143944,2.383714141106954e-17,1.0,136.35413889999998,3.2502928909439175e-15,Flipper,1782495613.0,2.348888888888889,Grail,0.0,89.143944,5.5714965,False,True
SWIFT LAUNCH,LAUNCH,gSWIFT,0xe095ba55a62cd627eb9db0c93e65b77e07fce073,2,16.0,1782485449,True,2,170.0,1782485753.0,True,170.0,95.87533099999999,0.0,1.0,136.35413889999998,0.0,Flipper,1782988223.0,139.575,Grail,0.0,79.87533099999999,4.992208187499999,False,True
SWIFT LAUNCH,LAUNCH,gSWIFT,0xe0f01c8be4cc91fcf17d1255e30413cf89576346,2,16.0,1782485521,False,0,0.0,,False,0.0,0.0,0.0,0.0,0.0,0.0,Unredeemed,,,,0.0,-16.0,-1.0,False,True
SWIFT LAUNCH,LAUNCH,gSWIFT,0xe24936e883d5d986e3c56512f59c4675a004db2e,2,16.0,1782485447,True,1,85.0,1783658195.0,True,85.0,50.155692,0.0,1.0,68.17706944999999,0.0,Flipper,1783658205.0,0.002777777777777778,Grail,0.0,34.155692,2.13473075,False,True
SWIFT LAUNCH,LAUNCH,gSWIFT,0xec6ff00b2d6b7f60f1431aaf192cb883f1b414f7,1,8.0,1782485623,True,1,85.0,1782485655.0,True,85.0,52.28912,0.0,1.0,68.17706944999999,0.0,Flipper,1782522589.0,10.259444444444444,Grail,0.0,44.28912,5.53614,False,True
SWIFT LAUNCH,LAUNCH,gSWIFT,0xed89ea70a367e41bb4ff1a0a185bf0c07dec69de,1,8.0,1782485635,True,1,85.0,1782485687.0,True,85.0,7.405431,0.0,1.0,68.17706944999999,0.0,Flipper,1782485743.0,0.015555555555555555,Grail,0.0,-0.5945689999999999,-0.07432112499999999,False,True
SWIFT LAUNCH,LAUNCH,gSWIFT,0xee2687dc95818a7860aa05213d1e446177e867e0,1,8.0,1782485567,True,1,85.0,1782700979.0,True,85.0,44.357579,0.0,1.0,68.17706944999999,0.0,Flipper,1782701195.0,0.06,Grail,0.0,36.357579,4.544697375,False,True
SWIFT LAUNCH,LAUNCH,gSWIFT,0xef17179557b3e2932807d0fecab6bbfcf0dcfc8b,2,16.0,1782485509,True,2,170.0,1782486897.0,True,170.0,103.413873,0.0,1.0,136.35413889999998,0.0,Flipper,1782494877.0,2.216666666666667,Grail,0.0,87.413873,5.4633670625,False,True
SWIFT LAUNCH,LAUNCH,gSWIFT,0xf27c10488b579e5bcd6ec8cc2922315c2d799c6f,2,16.0,1782485481,True,2,170.0,1783658429.0,True,419.9660547012033,249.704501,0.0,1.0,136.35413889999998,0.0,Flipper,1783658449.0,0.005555555555555556,Grail,0.0,233.704501,14.6065313125,False,True
SWIFT LAUNCH,LAUNCH,gSWIFT,0xf49ce99ad91f9c7ece36970d799c8d8d9c4cfcf2,2,16.0,1782485471,True,2,170.0,1782485497.0,True,10.379,0.907392,0.0,1.0,136.35413889999998,0.0,Flipper,1782485519.0,0.006111111111111111,Grail,0.0,-15.092608,-0.943288,False,True
SWIFT LAUNCH,LAUNCH,gSWIFT,0xf6b48ed91717471a0f9cbf5dad071d77fe62d12f,2,16.0,1782485441,True,2,170.0,1783677119.0,True,170.0,95.731684,0.0,1.0,136.35413889999998,0.0,Flipper,1783677133.0,0.0038888888888888888,Grail,0.0,79.731684,4.98323025,False,True
SWIFT LAUNCH,LAUNCH,gSWIFT,0xf70fa1b8443c620ca7d43a9d17f4bde8b09031cc,2,16.0,1782485621,True,2,170.0,1782486921.0,True,317.56132764483783,196.41855700000002,3.328231587949952e-07,0.9999996671768412,136.35413889999998,4.5381815223469525e-05,Flipper,1782751893.0,73.60333333333334,Grail,2.2987864068834e-13,180.41855700000002,11.276159812500016,False,True
SWIFT LAUNCH,LAUNCH,gSWIFT,0xf7915670cd3a9c5f3fd69994a0955f275f6020d6,1,8.0,1782485725,True,1,85.0,1784118707.0,True,85.33,47.860283,0.0010544550793978663,0.9989455449206022,68.17706944999999,0.07188965718001358,Flipper,1784118767.0,0.016666666666666666,Grail,0.07188965718001862,39.860283,4.991521582147502,False,True
SWIFT LAUNCH,LAUNCH,gSWIFT,0xf88353e6b33d1f9f6f325dbcbb697ddd0be3bd5c,1,8.0,1782485627,False,0,0.0,,False,0.0,0.0,0.0,0.0,0.0,0.0,Unredeemed,,,,0.0,-8.0,-1.0,False,True
SWIFT LAUNCH,LAUNCH,gSWIFT,0xfaf6bb8f1a300130fb9dc582dc8363a50841882d,2,16.0,1782485485,True,2,170.0,1782485715.0,True,170.0,14.752596,0.0,1.0,136.35413889999998,0.0,Flipper,1782485861.0,0.04055555555555555,Grail,0.0,-1.2474039999999995,-0.07796274999999997,False,True
SWIFT LAUNCH,LAUNCH,gSWIFT,0xfb1cab906fead15686d9d451b3ef9d8e6068215b,2,16.0,1782485585,True,2,170.0,1782488201.0,True,0.0,0.0,0.0,1.0,136.35413889999998,0.0,Flipper,,,,0.0,-16.0,-1.0,False,True
SWIFT LAUNCH,LAUNCH,gSWIFT,0xfb2a620a4829f85710562299285e9a6ae6182027,2,16.0,1782485493,True,2,170.0,1782485555.0,True,244.18897216060859,162.233194,0.001979597142022439,0.9980204028579776,136.35413889999998,0.2699262636693706,Flipper,1782487443.0,0.5244444444444445,Grail,0.2699262636693479,146.233194,9.156445016479335,False,True
SWIFT LAUNCH,LAUNCH,gSWIFT,0xfd7e848a6d04bf5bc7bc2db5270b82f0960edb7a,1,8.0,1782485697,True,1,85.0,1782485733.0,True,86.95485518525913,60.599543,3.6572052575887515e-17,1.0,68.17706944999999,2.493375368395334e-15,Flipper,1782495131.0,2.6105555555555555,Grail,0.0,52.599543,6.574942875,False,True
SWIFT LAUNCH,LAUNCH,gSWIFT,0xfe5d4f8e6bfdc08b5b0cacd8201d8f3aff1dbe6b,2,16.0,1782485519,True,2,170.0,1782487747.0,True,248.71446978596964,147.53407800000002,0.0,1.0,136.35413889999998,0.0,Flipper,1782490421.0,0.7427777777777778,Grail,0.02632344756227818,131.53407800000002,8.222525090472644,False,True
SWIFT LAUNCH,LAUNCH,gSWIFT,0xfecd0cb6ee16c61bc7e8c5c7a464f6b3a8f1a075,2,16.0,1782485453,True,3,255.0,1782489297.0,True,255.0,174.7808,2.7864421010200007e-17,1.0,204.53120834999999,5.699143699189335e-15,Flipper,1782489309.0,0.0033333333333333335,Grail,0.0,158.7808,9.9238,False,True
Vitalik Launch,LAUNCH,gVITALIK,0x018234dc8100e2bbee864d67cf0f8af8e4c052ae,3,165.0,1788188521,True,3,160.0,1788188529.0,True,160.0,202.544074,0.0,1.0,251.6028736,0.0,Flipper,1788188557.0,0.0077777777777777776,Grail,0.0,37.544073999999995,0.2275398424242423,False,True
Vitalik Launch,LAUNCH,gVITALIK,0x04286290d9cb5b5aa6b7f4805bd764295726d214,3,165.0,1788188781,True,3,120.0,1788188789.0,True,120.0,151.860987,0.0,1.0,188.70215520000002,0.0,Flipper,1788188839.0,0.013888888888888888,Grail,0.0,-13.139013000000006,-0.07963038181818183,False,True
Vitalik Launch,LAUNCH,gVITALIK,0x099532f577a1e474a30d198551936c8a075efbe1,3,165.0,1788190227,True,3,180.0,1788190253.0,True,152.0,169.476887,0.0005555555555555634,0.9994444444444445,283.05323280000005,0.15725179600000225,Flipper,1788190291.0,0.010555555555555556,0x API (Matcha/Rabby),0.15725179600000225,4.476887000000005,0.028085689672727288,False,True
Vitalik Launch,LAUNCH,gVITALIK,0x0b00ef608b84a25b647a873931580be96ed31cf4,3,165.0,1788189559,False,0,0.0,,False,0.0,0.0,0.0,0.0,0.0,0.0,Unredeemed,,,,0.0,-165.0,-1.0,False,True
Vitalik Launch,LAUNCH,gVITALIK,0x0dd29a896e1f200efdf2f6df76d27e23df04413d,3,165.0,1788188537,False,0,0.0,,False,510.8351792673367,721.7908289999999,0.0,0.0,0.0,0.0,Unredeemed,1788247205.0,,Grail,0.0,556.7908289999999,3.3744898727272723,False,True
Vitalik Launch,LAUNCH,gVITALIK,0x0fceeab024973babfaaac1f452911b6cbaa75a68,3,165.0,1788189497,True,3,180.0,1788189551.0,True,185.8465495672532,225.055361,0.0,1.0,283.05323280000005,0.0,Flipper,1788189631.0,0.022222222222222223,OKX Wallet,0.0,60.055361000000005,0.363971884848485,False,True
Vitalik Launch,LAUNCH,gVITALIK,0x10d3e40aeb8f01050b47ff606c9d19c013c7e938,3,165.0,1788189499,False,0,0.0,,False,0.0,0.0,0.0,0.0,0.0,0.0,Unredeemed,,,,0.0,-165.0,-1.0,False,True
Vitalik Launch,LAUNCH,gVITALIK,0x10eece768bb80edb3679bed1a4031f6dacc9887e,3,165.0,1788189535,True,3,220.0,1790221377.0,True,0.0,0.0,0.0,1.0,345.9539512,0.0,Flipper,,,,0.0,-165.0,-1.0,False,True
Vitalik Launch,LAUNCH,gVITALIK,0x11b4486c93c42eaf7bdd782679fb20c709901af4,3,165.0,1788189525,False,0,0.0,,False,0.0,0.0,0.0,0.0,0.0,0.0,Unredeemed,,,,0.00010238635519042584,-165.0,-0.9999993794766352,False,True
Vitalik Launch,LAUNCH,gVITALIK,0x1512bb3b85696fa4d85cb4bbf78e9c4fe95db90f,3,165.0,1788189535,True,3,160.0,1788189573.0,True,159.0,175.131887,0.00625,0.99375,251.6028736,1.57251796,Flipper,1788189589.0,0.0044444444444444444,Grail,1.57251796,10.131887000000006,0.07093578763636366,False,True
Vitalik Launch,LAUNCH,gVITALIK,0x18aeaba4a846f65c2fdc8c43deba1f51a514215a,2,110.0,1788192251,True,2,160.0,1788202105.0,True,161.841812607652,166.31160899999998,0.0,1.0,251.6028736,0.0,Flipper,1788567817.0,101.58666666666667,Uniswap App,0.0,56.311608999999976,0.5119237181818179,True,True
Vitalik Launch,LAUNCH,gVITALIK,0x1dc8aea4942cfabbe84b8f038247be33c6b8fab4,3,165.0,1788188781,True,3,180.0,1788188789.0,True,180.0,221.53807,0.0,1.0,283.05323280000005,0.0,Flipper,1788188879.0,0.025,Grail,0.0,56.538070000000005,0.3426549696969696,False,True
Vitalik Launch,LAUNCH,gVITALIK,0x214de9af3c0c3e39838e05aa6ab09e6a9bfca289,3,165.0,1788189547,True,3,160.0,1789830493.0,True,0.0,0.0,0.0,1.0,251.6028736,0.0,Flipper,,,,0.0,-165.0,-1.0,False,True
Vitalik Launch,LAUNCH,gVITALIK,0x2245c505a9c436ca6d16b1634216eb635e545aa4,3,165.0,1788189479,True,3,120.0,1788189509.0,True,120.0,137.533126,0.0008604948931046388,0.9991395051068953,188.70215520000002,0.162377240867439,Flipper,1788189621.0,0.03111111111111111,Bots / Direct,0.1623772408674501,-27.46687399999999,-0.1654817985401973,False,True
Vitalik Launch,LAUNCH,gVITALIK,0x228ed9b05e3fcae469e446977dcc0092a87ca20d,3,165.0,1788189531,True,3,120.0,1788189747.0,True,119.0,164.85596,0.008333333333333333,0.9916666666666667,188.70215520000002,1.57251796,Flipper,1789699097.0,419.2638888888889,Grail,1.57251796,-0.14403999999998973,0.008657442181818187,False,True
Vitalik Launch,LAUNCH,gVITALIK,0x23631b12402fe1b2404fccfab01557269b0df108,3,165.0,1788189513,False,0,0.0,,False,0.0,0.0,0.0,0.0,0.0,0.0,Unredeemed,,,,0.0,-165.0,-1.0,False,True
Vitalik Launch,LAUNCH,gVITALIK,0x2392591009f80b4582401e7540a1192aa8b917cc,3,165.0,1788189481,False,0,0.0,,False,0.0,0.0,0.0,0.0,0.0,0.0,Unredeemed,,,,2728.702615411018,-165.0,15.537591608551626,False,True
Vitalik Launch,LAUNCH,gVITALIK,0x25f547fc0db87305aae98aa27de88d30aa48c540,3,165.0,1788191347,True,1,40.0,1790364369.0,True,40.0,56.402222,0.0,1.0,62.9007184,0.0,Flipper,1790364391.0,0.006111111111111111,Grail,0.0,-108.597778,-0.6581683515151515,False,True
Vitalik Launch,LAUNCH,gVITALIK,0x2987825a138dd8f31189bee2550dc34d284077b7,3,165.0,1788189513,False,0,0.0,,False,0.0,0.0,0.0,0.0,0.0,0.0,Unredeemed,,,,641.3897201578569,-165.0,2.887210425199133,True,True
Vitalik Launch,LAUNCH,gVITALIK,0x2a52ac190a84e935246202e529aed50b41c8731c,3,165.0,1788189499,True,3,660.0,1788189569.0,True,1004.2825796252991,1231.598887,0.0,1.0,1037.8618536000001,0.0,Flipper,1788189589.0,0.005555555555555556,OKX Wallet,0.0,1066.598887,6.46423567878788,True,True
Vitalik Launch,LAUNCH,gVITALIK,0x2ab3694be4624f9bdc5ec86d6339e7b6aa2ee869,3,165.0,1788189915,True,3,160.0,1788190015.0,True,160.0,170.623992,0.0,1.0,251.6028736,0.0,Flipper,1788190999.0,0.2733333333333333,OKX Wallet,0.0,5.623991999999987,0.034084800000000026,False,True
Vitalik Launch,LAUNCH,gVITALIK,0x2ae8693486cddc27cfa7665cd5790b8c1b6f9452,3,165.0,1788189517,True,3,160.0,1788189547.0,True,159.0,177.81332700000002,0.00625,0.99375,251.6028736,1.57251796,Flipper,1788189563.0,0.0044444444444444444,Grail,1.57251796,12.813327000000015,0.08718693915151521,False,True
Vitalik Launch,LAUNCH,gVITALIK,0x2b4be2284d0089e4bae8c328f5456f1345973b42,3,165.0,1788191601,True,3,260.0,1788191669.0,True,261.0,312.390583,0.0006046328447235594,0.9993953671552764,408.8546696,0.24720696195875896,Flipper,1788191693.0,0.006666666666666667,Grail,0.24720696195875896,147.390583,0.8947744846179317,False,True
Vitalik Launch,LAUNCH,gVITALIK,0x2da4d9e0f365cf8df0e4991a14b601852508b10d,1,55.0,1788189755,True,1,40.0,1788189817.0,True,40.0,56.052655,0.0,1.0,62.9007184,0.0,Flipper,1790116635.0,535.2272222222222,Grail,0.0,1.0526550000000015,0.01913918181818186,False,True
Vitalik Launch,LAUNCH,gVITALIK,0x36268dfae0b96d2805738ed39fa3e0ef15299db3,3,165.0,1788191257,True,3,240.0,1788191293.0,True,250.9463655,277.784601,1.2383396315411113e-07,0.9999998761660368,377.40431040000004,4.6735471468276324e-05,Flipper,1788191429.0,0.03777777777777778,1inch,0.04318797944507586,112.78460100000001,0.6838047816936066,False,True
Vitalik Launch,LAUNCH,gVITALIK,0x37810876c7f38b57645501d58dfa317a164ef0c7,3,165.0,1788189485,True,3,160.0,1788189519.0,True,160.0,165.497739,0.0,1.0,251.6028736,0.0,Flipper,1788190037.0,0.1438888888888889,Grail,0.0,0.4977389999999957,0.003016600000000036,False,True
Vitalik Launch,LAUNCH,gVITALIK,0x389f9e43a41da4700dd98fb19964a4a54d40864a,3,165.0,1788189551,True,3,120.0,1788280849.0,True,120.0,131.446946,0.0,1.0,188.70215520000002,0.0,Flipper,1788280911.0,0.017222222222222222,Grail,0.0,-33.553054,-0.20335184242424242,False,True
Vitalik Launch,LAUNCH,gVITALIK,0x3ae3197be2385bf6295f7d19f03ab898d717fcfd,3,165.0,1788189511,True,3,160.0,1789808007.0,True,0.0,0.0,0.0,1.0,251.6028736,0.0,Flipper,,,,0.0,-165.0,-1.0,False,True
Vitalik Launch,LAUNCH,gVITALIK,0x3c4113b60a5a8bc5b5939379b223331a55624afc,3,165.0,1788189625,True,3,120.0,1788189761.0,True,266.186291646613,270.401588,0.0,1.0,188.70215520000002,0.0,Flipper,1788530957.0,94.77666666666667,OKX Wallet,0.0,105.401588,0.638797503030303,False,True
Vitalik Launch,LAUNCH,gVITALIK,0x3d0ceabef21dffe06e065155a0123bea353888a7,1,55.0,1788191501,False,0,0.0,,False,0.0,0.0,0.0,0.0,0.0,0.0,Unredeemed,,,,0.0,-55.0,-1.0,False,True
Vitalik Launch,LAUNCH,gVITALIK,0x3f322ac37155e431ca30cd8343c28ab0222c7ecb,3,165.0,1788189649,True,3,200.0,1788189795.0,True,185.0,190.958914,0.08575827896832122,0.9142417210316788,314.503592,26.971286779275083,Partial seller,1788189855.0,0.016666666666666666,Grail,26.971286779275108,25.958913999999993,0.32078909563197033,False,True
Vitalik Launch,LAUNCH,gVITALIK,0x404ff977e0fc357c25fb5c342399da6e57a0ded3,1,55.0,1788189771,True,1,80.0,1788189791.0,True,54.0,55.63623,0.325,0.675,125.8014368,40.88546696,Partial seller,1788189823.0,0.008888888888888889,Grail,40.88546696,0.6362299999999976,0.7549399447272727,False,True
Vitalik Launch,LAUNCH,gVITALIK,0x41bdc352898f8e5ed66842e0a9824628225817d7,2,110.0,1788189511,True,2,80.0,1788189613.0,True,225.19665083064112,333.744555,0.0,1.0,125.8014368,0.0,Flipper,1789811081.0,450.40777777777777,Grail,0.0,223.744555,2.034041409090909,False,True
Vitalik Launch,LAUNCH,gVITALIK,0x4242578633e4194007498e5f8aa9ab0c6964fd19,1,55.0,1788189527,True,1,40.0,1788189811.0,True,56.27295760567312,75.715713,0.47217425876036273,0.5278257412396372,62.9007184,29.70010008601431,Partial seller,1789576465.0,385.1816666666667,OKX Wallet,29.700100086014302,20.715712999999994,0.9166511470184417,False,True
Vitalik Launch,LAUNCH,gVITALIK,0x424aba67e02b67475cc1acfbd780dbd3a244f706,3,165.0,1788192435,True,3,160.0,1788192583.0,True,160.0,183.14079,0.0,1.0,251.6028736,0.0,Flipper,1788319137.0,35.153888888888886,Grail,0.0,18.14079000000001,0.10994418181818189,False,True
Vitalik Launch,LAUNCH,gVITALIK,0x453bc807bd51a4f62401fc599583422a2404736a,3,165.0,1788189509,False,0,0.0,,False,111.881,138.675185,0.0,0.0,0.0,0.0,Unredeemed,1788712243.0,,Grail,0.0,-26.324815,-0.1595443333333333,True,True
Vitalik Launch,LAUNCH,gVITALIK,0x457b0c7fe839fd3914bcc50062488c5bd215986a,3,165.0,1788189573,True,3,160.0,1788189627.0,True,160.06365581739004,175.50544,0.0,1.0,251.6028736,0.0,Flipper,1788189639.0,0.0033333333333333335,Grail,0.0,10.505439999999993,0.06366933333333336,False,True
Vitalik Launch,LAUNCH,gVITALIK,0x4b941bff84fccca7f0033a0331a3c5427dab2f0d,3,165.0,1788189487,True,3,240.0,1788189545.0,True,167.6927989361398,193.0,4.4327539564884924e-09,0.9999999955672461,377.40431040000004,1.6729404501214113e-06,Flipper,1788189607.0,0.017222222222222222,Bots / Direct,1.6729404306403588e-06,28.0,0.16969697983600263,False,True
Vitalik Launch,LAUNCH,gVITALIK,0x4f240578aabc8d80ecc6bffd17387d75640412a6,2,110.0,1788189537,True,1,80.0,1788189693.0,True,80.0,83.726648,0.0,1.0,125.8014368,0.0,Flipper,1788189727.0,0.009444444444444445,Grail,0.0,-26.273352000000003,-0.23884865454545456,True,True
Vitalik Launch,LAUNCH,gVITALIK,0x521d0eb9ea6ecc29e7b995abc329490b4fc234f2,3,165.0,1788189541,True,3,160.0,1788189623.0,True,160.0,178.38381800000002,0.0,1.0,251.6028736,0.0,Flipper,1788189649.0,0.007222222222222222,Grail,0.0,13.38381800000002,0.08111404848484871,False,True
Vitalik Launch,LAUNCH,gVITALIK,0x52e2a414c65bd8ea41b6c5b5276ed9452ecad088,3,165.0,1788189611,False,0,0.0,,False,0.0,0.0,0.0,0.0,0.0,0.0,Unredeemed,,,,0.0,-165.0,-1.0,False,True
Vitalik Launch,LAUNCH,gVITALIK,0x533b65ce39f438105f36d988d9c106f693ec2b74,1,55.0,1788191559,False,0,0.0,,False,0.0,0.0,0.0,0.0,0.0,0.0,Unredeemed,,,,0.0,-55.0,-1.0,False,True
Vitalik Launch,LAUNCH,gVITALIK,0x534f757609e57ee164b929e0c50861559f9aa125,3,165.0,1788189543,True,3,220.0,1790175061.0,True,0.0,0.0,0.0,1.0,345.9539512,0.0,Flipper,,,,0.0,-165.0,-1.0,False,True
Vitalik Launch,LAUNCH,gVITALIK,0x53991b9ce11a4a44b5ab2e59d790a14ac7c5df47,3,165.0,1788189533,True,3,120.0,1789753465.0,True,0.0,0.0,0.0,1.0,188.70215520000002,0.0,Flipper,,,,0.0,-165.0,-1.0,False,True
Vitalik Launch,LAUNCH,gVITALIK,0x53bd1e27390fc589bda94eb1df92777051c004a9,3,165.0,1788191497,True,3,120.0,1788191523.0,True,120.0,131.450556,0.0,1.0,188.70215520000002,0.0,Flipper,1788191539.0,0.0044444444444444444,Grail,0.0,-33.549443999999994,-0.20332996363636358,False,True
Vitalik Launch,LAUNCH,gVITALIK,0x5897c4414a49eb9d754eea66d776c9f51ecae7e2,3,165.0,1788189525,False,0,0.0,,False,29.107,28.816399,0.0,0.0,0.0,0.0,Unredeemed,1788712345.0,,Grail,0.0,-136.183601,-0.8253551575757576,True,True
Vitalik Launch,LAUNCH,gVITALIK,0x5ae1a1786d6e8ee80a6117914f0574a960bf7d0f,1,55.0,1788189485,True,1,80.0,1788189877.0,True,226.98752865400357,380.022955,0.0,1.0,125.8014368,0.0,Flipper,1789955377.0,490.4166666666667,Grail,0.0,325.022955,5.909508272727273,False,True
Vitalik Launch,LAUNCH,gVITALIK,0x5b899f5bd0ad9773ca7e7d73d787bb776f7c4d6e,3,165.0,1788189493,True,2,120.0,1788189623.0,True,42.032,44.704504,0.0,1.0,188.70215520000002,0.0,Flipper,1788461181.0,75.43277777777777,Grail,0.0,-120.295496,-0.7290636121212122,False,True
Vitalik Launch,LAUNCH,gVITALIK,0x5c357af017c471d950cc8915bd97e2ae8c989b92,2,110.0,1788189535,True,2,140.0,1788189621.0,True,546.6585219319597,737.2427040000001,0.0,1.0,220.1525144,0.0,Flipper,1788270193.0,22.38111111111111,Grail,0.0,627.2427040000001,5.7022064000000015,False,True
Vitalik Launch,LAUNCH,gVITALIK,0x5c425da5f5b89aeae5f33bbfed30ce30f62a3d6d,1,55.0,1788189515,True,1,80.0,1789732969.0,True,80.0,110.587395,0.0,1.0,125.8014368,0.0,Flipper,1789733315.0,0.0961111111111111,OKX Wallet,0.0,55.587395,1.0106799090909093,False,True
Vitalik Launch,LAUNCH,gVITALIK,0x5e3f408b76ef2befae784b968bde8be679fb285d,3,165.0,1788189525,False,0,0.0,,False,0.0,0.0,0.0,0.0,0.0,0.0,Unredeemed,,,,0.0,-165.0,-1.0,True,True
Vitalik Launch,LAUNCH,gVITALIK,0x5e6a9572b19157facdfae5c9766c06fe01a1a611,2,110.0,1788189569,True,2,120.0,1788190819.0,True,120.0,193.671173,0.0,1.0,188.70215520000002,0.0,Flipper,1790723375.0,703.4877777777778,Grail,0.0,83.67117300000001,0.7606470272727273,False,True
Vitalik Launch,LAUNCH,gVITALIK,0x5effcc3ec2f21a2a5032611d1ea45a757f87ae84,3,165.0,1788188781,True,3,180.0,1788188789.0,True,180.0,226.268331,0.0,1.0,283.05323280000005,0.0,Flipper,1788188859.0,0.019444444444444445,Grail,0.0,61.26833099999999,0.371323218181818,False,True
Vitalik Launch,LAUNCH,gVITALIK,0x5f09c6a8b7a8c7c354219764c1504e54f6176139,3,165.0,1788189559,True,3,200.0,1788189661.0,True,199.7375,209.32207599999998,0.0,1.0,314.503592,0.0,Flipper,1788189691.0,0.008333333333333333,1inch,0.4127859645000045,44.32207599999998,0.2711203755424243,False,True
Vitalik Launch,LAUNCH,gVITALIK,0x5f4d14f966f5098aa7b529ea3510343a8281399e,3,165.0,1788189501,True,3,180.0,1790142651.0,True,0.0,0.0,0.0,1.0,283.05323280000005,0.0,Flipper,,,,0.0,-165.0,-1.0,False,True
Vitalik Launch,LAUNCH,gVITALIK,0x5fc13c6ef9aff76ec6f753eb549a73096f5ccbea,3,165.0,1788189545,True,3,180.0,1788189579.0,True,185.536097155923,198.322205,0.0,1.0,283.05323280000005,0.0,Flipper,1788502561.0,86.93944444444445,Grail,0.0,33.322205,0.2019527575757576,False,True
Vitalik Launch,LAUNCH,gVITALIK,0x61ef23e677afd042b34605a9c08fc806ac974703,2,110.0,1788190829,True,2,80.0,1788190855.0,False,0.0,0.0,1.0,0.0,125.8014368,125.8014368,Holder,,,,125.8014368,-110.0,0.1436494254545455,True,True
Vitalik Launch,LAUNCH,gVITALIK,0x630f77a10e249327a11ca3f43941d02e98b1f889,3,165.0,1788189539,False,0,0.0,,False,0.0,0.0,0.0,0.0,0.0,0.0,Unredeemed,,,,0.0,-165.0,-1.0,False,True
Vitalik Launch,LAUNCH,gVITALIK,0x666d254b723ce08978efa1715978767e23df6126,3,165.0,1788189615,True,3,200.0,1788189655.0,True,324.7817918706698,346.529611,0.0019016242842311824,0.9980983757157689,314.503592,0.5980676680251359,Flipper,1788189683.0,0.0077777777777777776,Grail,0.5980676680251653,181.529611,1.1038041131395464,False,True
Vitalik Launch,LAUNCH,gVITALIK,0x6738e5114a64eb9a28038029f37b07c337e97340,1,55.0,1788189573,True,1,40.0,1788192023.0,True,77.31129249146281,89.538112,0.0,1.0,62.9007184,0.0,Flipper,1789480301.0,357.855,Grail,0.0,34.538112,0.6279656727272727,False,True
Vitalik Launch,LAUNCH,gVITALIK,0x6c92f39a017a3de12856460f9a7d36f7de48748f,2,110.0,1788192347,True,1,40.0,1788457837.0,True,40.0,43.369371,0.0,1.0,62.9007184,0.0,Flipper,1788457863.0,0.007222222222222222,Grail,0.0,-66.630629,-0.6057329909090909,False,True
Vitalik Launch,LAUNCH,gVITALIK,0x6cce35430fff6d0b20d4b73fce864e7a5be57471,3,165.0,1788189511,True,2,160.0,1790255965.0,True,160.0,228.514642,0.20887366767832274,0.7911263323216773,251.6028736,52.55321500723745,Partial seller,1790256031.0,0.018333333333333333,Grail,52.553215007237476,63.51464200000001,0.7034415576196211,False,True
Vitalik Launch,LAUNCH,gVITALIK,0x739ed8fa0036d3ae2a5bed0585ebbab31cceddce,2,110.0,1788189551,False,0,0.0,,False,0.0,0.0,0.0,0.0,0.0,0.0,Unredeemed,,,,0.0,-110.0,-1.0,False,True
Vitalik Launch,LAUNCH,gVITALIK,0x7502e404dc96580157ffbc37504c5d88a2369a80,3,165.0,1788189501,True,1,40.0,1788189585.0,True,40.0,46.001132,0.0,1.0,62.9007184,0.0,Flipper,1788189617.0,0.008888888888888889,0x API (Matcha/Rabby),0.0,-118.998868,-0.7212052606060606,False,True
Vitalik Launch,LAUNCH,gVITALIK,0x75dc757da6c46fe5514c210f354b849cad6018b9,3,165.0,1788189489,True,2,140.0,1788189613.0,True,140.0,156.858043,0.0,1.0,220.1525144,0.0,Flipper,1788189663.0,0.013888888888888888,Grail,0.0,-8.14195699999999,-0.04934519393939385,False,True
Vitalik Launch,LAUNCH,gVITALIK,0x76cde0047de56ea158c012011c7123503b1c2bf6,1,55.0,1788189623,False,0,0.0,,False,0.0,0.0,0.0,0.0,0.0,0.0,Unredeemed,,,,0.0,-55.0,-1.0,False,True
Vitalik Launch,LAUNCH,gVITALIK,0x77ad0d6e27eacb4f54df32bcb1b7b8f779bcb5f1,3,165.0,1788189511,False,0,0.0,,False,0.0,0.0,0.0,0.0,0.0,0.0,Unredeemed,,,,0.0,-165.0,-1.0,False,True
Vitalik Launch,LAUNCH,gVITALIK,0x78bd9bae79c1bfbe3df3e7a67268a1922bd74c79,3,165.0,1788189565,True,3,200.0,1790148319.0,True,0.0,0.0,0.0,1.0,314.503592,0.0,Flipper,,,,0.0,-165.0,-1.0,False,True
Vitalik Launch,LAUNCH,gVITALIK,0x7b2adeee812f2fde59a60ccd958226d1c9c82694,3,165.0,1788189483,False,0,0.0,,False,0.0,0.0,0.0,0.0,0.0,0.0,Unredeemed,,,,1211.2277122467985,-165.0,6.340774013616961,True,True
Vitalik Launch,LAUNCH,gVITALIK,0x7bdaa0e15fdb8f5592bcf7e584cdc300d7f65ce3,3,165.0,1788190889,True,3,220.0,1788190925.0,True,219.0,249.24806600000002,0.004545454545454546,0.9954545454545455,345.9539512,1.57251796,Flipper,1788190939.0,0.0038888888888888888,Grail,1.57251796,84.24806600000002,0.5201247512727274,False,True
Vitalik Launch,LAUNCH,gVITALIK,0x7c7476762a112e4397658d888956f3d140e19a9b,3,165.0,1788189665,False,0,0.0,,False,180.7,355.986082,0.0,0.0,0.0,0.0,Unredeemed,1790530159.0,,Grail,286.41067563803944,190.986082,2.8933136826547843,False,True
Vitalik Launch,LAUNCH,gVITALIK,0x7c84247883a812d38e5e2d0628e4e9f60d56d61a,1,55.0,1788190013,True,1,80.0,1788190043.0,True,124.39200039406032,161.10123099999998,0.27966821608270687,0.7203317839172931,125.8014368,35.18266341049739,Partial seller,1789131763.0,261.5888888888889,OKX Wallet,35.18266341049738,106.10123099999998,2.568798080190861,False,True
Vitalik Launch,LAUNCH,gVITALIK,0x7f0d0db7fde96ae1f82ec4e8c0ac9001520cf6e0,3,165.0,1788189547,False,0,0.0,,False,171.364,168.46952,0.0,0.0,0.0,0.0,Unredeemed,1788712401.0,,Grail,1067.9482475820075,3.4695199999999886,6.493441015648529,False,True
Vitalik Launch,LAUNCH,gVITALIK,0x7f1d46e0803708586c2faac85310a449a89fc596,3,165.0,1788189497,True,3,120.0,1788189569.0,True,142.48921970157835,195.560112,0.0,1.0,188.70215520000002,0.0,Flipper,1789665901.0,410.09222222222223,OKX Wallet,0.0,30.560112000000004,0.18521279999999996,False,True
Vitalik Launch,LAUNCH,gVITALIK,0x8011e95d9b67844127807b20ec6124a23fdcf34c,3,165.0,1788189549,True,3,160.0,1788678471.0,True,140.0,173.290064,0.125,0.875,251.6028736,31.4503592,Partial seller,1788678531.0,0.016666666666666666,Grail,31.4503592,8.290064000000001,0.2408510496969698,False,True
Vitalik Launch,LAUNCH,gVITALIK,0x81c9eb47f4e3a66d7e0ee6e95d29da2542d66601,3,165.0,1788189553,False,0,0.0,,False,100.0,202.752182,0.0,0.0,0.0,0.0,Unredeemed,1790559009.0,,OKX Wallet,1320.9150864,37.752182000000005,8.234347081212121,False,True
Vitalik Launch,LAUNCH,gVITALIK,0x84125eee20d26781c216140e7c1cabc535d3b8b5,3,165.0,1788189517,True,2,80.0,1790529829.0,True,80.0,162.534252,0.0,1.0,125.8014368,0.0,Flipper,1790529845.0,0.0044444444444444444,Grail,0.0,-2.4657479999999907,-0.014943927272727198,False,True
Vitalik Launch,LAUNCH,gVITALIK,0x8d63d43e2c8279d6ae5790429bc3d480f850ce73,3,165.0,1788189507,False,0,0.0,,False,0.0,0.0,0.0,0.0,0.0,0.0,Unredeemed,,,,0.0,-165.0,-1.0,False,True
Vitalik Launch,LAUNCH,gVITALIK,0x8d6a93fbc6d2631751ae5542386284e07378148d,3,165.0,1788188521,True,3,160.0,1788188525.0,True,160.0,201.648607,0.0,1.0,251.6028736,0.0,Flipper,1788188545.0,0.005555555555555556,Grail,0.0,36.648607,0.22211276969696958,False,True
Vitalik Launch,LAUNCH,gVITALIK,0x8ecd2b14462f3012b57ffa189199a7aa1c77872e,3,165.0,1788188781,True,3,120.0,1788188791.0,True,120.0,149.839602,0.0,1.0,188.70215520000002,0.0,Flipper,1788188865.0,0.020555555555555556,Grail,0.0,-15.160397999999986,-0.09188119999999989,False,True
Vitalik Launch,LAUNCH,gVITALIK,0x961b6d76bf42b204191e2df70b88282146875d76,2,110.0,1788189605,True,2,80.0,1788189633.0,True,80.0,89.867478,0.0,1.0,125.8014368,0.0,Flipper,1788189709.0,0.021111111111111112,OKX Wallet,0.0,-20.132521999999994,-0.18302292727272718,False,True
Vitalik Launch,LAUNCH,gVITALIK,0x9672c88e56dd243ddfc1e3c0df98cfa2dc8f874a,3,165.0,1788189533,True,3,160.0,1788189573.0,True,160.0,170.922179,0.0,1.0,251.6028736,0.0,Flipper,1788189703.0,0.03611111111111111,Grail,0.0,5.922179,0.03589199393939402,False,True
Vitalik Launch,LAUNCH,gVITALIK,0x97984422c7c31572c283f9429607471119c9b7f8,3,165.0,1788189573,True,3,180.0,1788189883.0,True,165.0,191.916474,0.08333333333333333,0.9166666666666666,283.05323280000005,23.587769400000003,Partial seller,1788206139.0,4.515555555555555,Grail,23.587769400000003,26.916473999999994,0.3060863236363638,False,True
Vitalik Launch,LAUNCH,gVITALIK,0x97fb1920888406d15eaff118d5641d1cc3c4b8e6,1,55.0,1788189523,True,1,40.0,1788189557.0,True,41.34701098226137,56.153121,1.7763568394002506e-16,0.9999999999999998,62.9007184,1.1173412133302919e-14,Flipper,1790000323.0,502.99055555555555,Grail,0.0,1.1531209999999987,0.020965836363636248,False,True
Vitalik Launch,LAUNCH,gVITALIK,0x98d6b47d2c6abf76f918cf37003e20dff6993592,1,55.0,1788189497,True,1,40.0,1788189623.0,False,0.0,0.0,1.0,0.0,62.9007184,62.9007184,Holder,,,,62.9007184,-55.0,0.1436494254545455,False,True
Vitalik Launch,LAUNCH,gVITALIK,0x9a2b09c6b6f3fe2536af06550e739e002749fb5e,3,165.0,1788191315,True,3,160.0,1788191613.0,True,155.0,169.69438200000002,8.881784197001253e-17,0.9999999999999999,251.6028736,2.2346824266605837e-14,Flipper,1788191661.0,0.013333333333333334,Grail,1.2279792749640002e-14,4.694382000000019,0.02845080000000011,False,True
Vitalik Launch,LAUNCH,gVITALIK,0x9b2515a0aa5e5cfbeebd50b2c6c0cbafb3fe77e7,3,165.0,1788189593,False,0,0.0,,False,0.0,0.0,0.0,0.0,0.0,0.0,Unredeemed,,,,0.0,-165.0,-1.0,False,True
Vitalik Launch,LAUNCH,gVITALIK,0x9b2fd05649a0ee0d91094bc08b92a3b60298692e,3,165.0,1788189529,True,3,180.0,1789908889.0,True,0.0,0.0,0.0,1.0,283.05323280000005,0.0,Flipper,,,,0.0,-165.0,-1.0,False,True
Vitalik Launch,LAUNCH,gVITALIK,0x9f73e6579f9e13b0da069d460fe021c77b27436e,3,165.0,1788189533,True,3,120.0,1789719767.0,True,0.0,0.0,0.0,1.0,188.70215520000002,0.0,Flipper,,,,0.0,-165.0,-1.0,False,True
Vitalik Launch,LAUNCH,gVITALIK,0xa0d4805d1e7b4d35f962cd435be87571ddb80d97,2,110.0,1788189483,True,2,80.0,1788189679.0,True,236.9982687614902,349.74120200000004,0.2870380496475693,0.7129619503524307,125.8014368,36.109799061933955,Partial seller,1789576465.0,385.2183333333333,OKX Wallet,36.109799061933955,239.74120200000004,2.507736373290309,False,True
Vitalik Launch,LAUNCH,gVITALIK,0xa18e759b0a83b7ee4432be7413b3127a9b6e8075,3,165.0,1788189509,True,3,260.0,1788189533.0,True,260.0,303.590413,0.0,1.0,408.8546696,0.0,Flipper,1788189545.0,0.0033333333333333335,Grail,0.0,138.590413,0.839941896969697,False,True
Vitalik Launch,LAUNCH,gVITALIK,0xa3f3aaee4be7302bc37683fbd983ec30d0706b7f,2,110.0,1788192579,True,2,80.0,1788192609.0,True,0.0,0.0,0.001249999999999929,0.99875,125.8014368,0.15725179599999106,Flipper,,,,0.15725179599999106,-110.0,-0.9985704382181819,False,True
Vitalik Launch,LAUNCH,gVITALIK,0xa45111cdd1443e9f47e749ab714ace08915d3b45,3,165.0,1788189489,True,3,120.0,1788189513.0,True,120.95227363712965,146.009888,0.0,1.0,188.70215520000002,0.0,Flipper,1788189545.0,0.008888888888888889,Unknown App E,0.0,-18.99011200000001,-0.11509158787878793,True,True
Vitalik Launch,LAUNCH,gVITALIK,0xa799cf9a9242eb89d77a61571fb14502f6ba453c,3,165.0,1788189905,True,3,260.0,1788189939.0,True,367.78999999999996,390.727695,3.846153846155814e-05,0.9999615384615385,408.8546696,0.015725179600008046,Flipper,1788189997.0,0.01611111111111111,0x API (Matcha/Rabby),0.015725179600008046,225.72769499999998,1.368141940482424,False,True
Vitalik Launch,LAUNCH,gVITALIK,0xa84f8eac13b6bd3756fc6a2cd6edaff2e7197444,3,165.0,1788189527,True,1,40.0,1788190851.0,True,40.0,62.133766,0.0,1.0,62.9007184,0.0,Flipper,1790779311.0,719.0166666666667,Grail,0.0,-102.86623399999999,-0.6234317212121212,False,True
Vitalik Launch,LAUNCH,gVITALIK,0xa8cff29431eb3470d582e3458aebe9dea47c59c9,3,165.0,1788189497,True,3,200.0,1788189729.0,True,219.22447322778078,260.829031,1.7763568394002505e-17,1.0,314.503592,5.586706066651459e-15,Flipper,1789131591.0,261.62833333333333,Grail,0.0,95.82903099999999,0.5807820060606059,False,True
Vitalik Launch,LAUNCH,gVITALIK,0xaa58e52bcecd1e3805a7ca799f14f06307f0927a,1,55.0,1788189505,True,1,40.0,1788189577.0,True,40.0,50.194255,0.0,1.0,62.9007184,0.0,Flipper,1789660461.0,408.5788888888889,OKX Wallet,0.0,-4.805745000000002,-0.08737718181818188,False,True
Vitalik Launch,LAUNCH,gVITALIK,0xaab1dc6c5e63ad528f7d510f11f7191dbcd6552b,3,165.0,1788189525,True,2,120.0,1790089267.0,True,40.0,55.910361,0.6666666666666666,0.33333333333333337,188.70215520000002,125.8014368,Holder,1790096157.0,1.913888888888889,Grail,125.8014368,-109.089639,0.10128362303030292,False,True
Vitalik Launch,LAUNCH,gVITALIK,0xac90a993dfaeab8632dab523d7e4f2c0889343b6,3,165.0,1788188781,True,3,120.0,1788188789.0,True,120.0,149.042333,0.0,1.0,188.70215520000002,0.0,Flipper,1788188869.0,0.022222222222222223,Grail,0.0,-15.957666999999987,-0.0967131333333332,False,True
Vitalik Launch,LAUNCH,gVITALIK,0xae4b59fbd28eeae34f9f350c39153806e694b76e,3,165.0,1788189493,True,3,120.0,1789743629.0,True,0.0,0.0,0.0,1.0,188.70215520000002,0.0,Flipper,,,,0.0,-165.0,-1.0,False,True
Vitalik Launch,LAUNCH,gVITALIK,0xaf186526734e9038f21d2b0698ae02417c21cc70,3,165.0,1788189509,True,3,160.0,1788189537.0,True,494.5836567660795,595.23136,0.0,1.0,251.6028736,0.0,Flipper,1788189547.0,0.002777777777777778,OKX Wallet,0.0,430.23136,2.607462787878788,False,True
Vitalik Launch,LAUNCH,gVITALIK,0xb033f119a9ed1ebb9a628861ced9e3b636742069,3,165.0,1788189549,True,3,200.0,1788189901.0,True,1655.457796697513,2131.644319,0.0,1.0,314.503592,0.0,Flipper,1788266661.0,21.322222222222223,Grail,0.0,1966.644319,11.919056478787878,True,True
Vitalik Launch,LAUNCH,gVITALIK,0xb0d1f1a39166977d5d9c846803dd114f86397b16,3,165.0,1788189571,False,0,0.0,,False,0.0,0.0,0.0,0.0,0.0,0.0,Unredeemed,,,,0.0,-165.0,-1.0,False,True
Vitalik Launch,LAUNCH,gVITALIK,0xb12a38e7d502f086f22f5d58bc949af9d0aaf375,3,165.0,1788191317,True,3,160.0,1788191341.0,True,160.0,179.308774,0.0,1.0,251.6028736,0.0,Flipper,1788191377.0,0.01,Grail,0.0,14.308774,0.08671984242424235,False,True
Vitalik Launch,LAUNCH,gVITALIK,0xb1c9c618f172669f6287cfbb026d0b2ddd3cd5c7,2,110.0,1788189497,True,2,80.0,1788189525.0,True,80.0,95.033049,0.0,1.0,125.8014368,0.0,Flipper,1788189541.0,0.0044444444444444444,Grail,0.0,-14.966950999999995,-0.13606319090909091,True,True
Vitalik Launch,LAUNCH,gVITALIK,0xb28abd03711d4d563828d6d196f714cce0106274,1,55.0,1788189479,False,0,0.0,,False,0.0,0.0,0.0,0.0,0.0,0.0,Unredeemed,,,,0.0,-55.0,-1.0,False,True
Vitalik Launch,LAUNCH,gVITALIK,0xb3b550e0a844705310639cb343ddec7354facc0d,2,110.0,1788189473,False,0,0.0,,False,0.0,0.0,0.0,0.0,0.0,0.0,Unredeemed,,,,0.0,-110.0,-1.0,True,True
Vitalik Launch,LAUNCH,gVITALIK,0xb4356c8fbd9afa2706ba0425ad1b2b3f76891c5b,3,165.0,1788190799,True,2,80.0,1790584345.0,True,79.8,148.768576,0.0,1.0,125.8014368,0.0,Flipper,1790588615.0,1.1861111111111111,1inch,0.0,-16.231424000000004,-0.09837226666666665,False,True
Vitalik Launch,LAUNCH,gVITALIK,0xb52d992b81b72e216c8a6e19b6d211683168e570,3,165.0,1788189519,True,3,180.0,1788189579.0,True,180.0,196.627017,0.0,1.0,283.05323280000005,0.0,Flipper,1788189689.0,0.030555555555555555,Unknown App E,0.0,31.627016999999995,0.19167889090909096,True,True
Vitalik Launch,LAUNCH,gVITALIK,0xb6bd8add47d3b1679df9a63286d4636dac7448b0,3,165.0,1788189507,True,3,180.0,1788189641.0,True,180.0,191.810552,0.0,1.0,283.05323280000005,0.0,Flipper,1788189713.0,0.02,Grail,0.0,26.810552,0.16248819393939384,False,True
Vitalik Launch,LAUNCH,gVITALIK,0xb8d5da4e2afb4e6c7ab0f5576b4a7a3473379741,3,165.0,1788189495,False,0,0.0,,False,0.0,0.0,0.0,0.0,0.0,0.0,Unredeemed,,,,6288.2402164291225,-165.0,37.11054676623711,True,True
Vitalik Launch,LAUNCH,gVITALIK,0xbaed5d2547866fb61b9cf99bfb0742cfa2cfa9cd,3,165.0,1788191017,True,3,220.0,1788191049.0,True,220.0,249.065404,0.0,1.0,345.9539512,0.0,Flipper,1788191081.0,0.008888888888888889,Grail,0.0,84.065404,0.5094872969696971,False,True
Vitalik Launch,LAUNCH,gVITALIK,0xbb36765bfbf75a31054c1525219b998b2e6f5d10,1,55.0,1788189525,True,1,80.0,1788189645.0,True,135.69419429896035,159.72560099999998,0.0,1.0,125.8014368,0.0,Flipper,1788189705.0,0.016666666666666666,Grail,0.0,104.72560099999998,1.904101836363636,False,True
Vitalik Launch,LAUNCH,gVITALIK,0xbbb489c5804e5f0d7c78dee0c1ffebf6eafe23c6,2,110.0,1788189623,True,2,80.0,1788189643.0,True,80.33497102575018,86.713657,0.00547405887124608,0.9945259411287539,125.8014368,0.6886444711305431,Flipper,1788189679.0,0.01,Grail,0.6886444711305455,-23.286343000000002,-0.20543362298972234,False,True
Vitalik Launch,LAUNCH,gVITALIK,0xbe6cef7632a5fce88ba629ef57b7e1d26ae03865,1,55.0,1788191813,True,1,40.0,1788191927.0,False,0.0,0.0,1.0,0.0,62.9007184,62.9007184,Holder,,,,62.9007184,-55.0,0.1436494254545455,False,True
Vitalik Launch,LAUNCH,gVITALIK,0xbec2c1ca116a832f4ddab165000610ee850fd338,3,165.0,1788189543,True,3,160.0,1788189661.0,True,188.99433477271089,240.513419,4.4408920985006264e-17,1.0,251.6028736,1.1173412133302919e-14,Flipper,1788189701.0,0.011111111111111112,OKX Wallet,0.0,75.513419,0.4576570848484849,False,True
Vitalik Launch,LAUNCH,gVITALIK,0xc131770ea4082f632353b1414f518996ead3b84f,3,165.0,1788191101,True,3,120.0,1788191153.0,True,120.0,133.620792,0.0,1.0,188.70215520000002,0.0,Flipper,1788191167.0,0.0038888888888888888,Grail,0.0,-31.379208000000006,-0.1901770181818182,False,True
Vitalik Launch,LAUNCH,gVITALIK,0xc4517c6648898aa73062890c6a721cd88a6a7313,3,165.0,1788190415,False,0,0.0,,False,0.0,0.0,0.0,0.0,0.0,0.0,Unredeemed,,,,140.5335203478152,-165.0,-0.14828169486172604,False,True
Vitalik Launch,LAUNCH,gVITALIK,0xc6eaacaa6de1b7c98ff558da46e0bbd62a333885,3,165.0,1788189503,False,0,0.0,,False,0.0,0.0,0.0,0.0,0.0,0.0,Unredeemed,,,,0.0,-165.0,-1.0,False,True
Vitalik Launch,LAUNCH,gVITALIK,0xc6fac2424e017e1b789651a82018d2cc8623653f,3,165.0,1788189655,True,3,160.0,1788189687.0,True,160.1,167.022278,0.0,1.0,251.6028736,0.0,Flipper,1788189721.0,0.009444444444444445,Bots / Direct,0.0,2.022278,0.012256230303030247,False,True
Vitalik Launch,LAUNCH,gVITALIK,0xc883c0c0726bbcaa322de3ce86909596fa0834af,3,165.0,1788189509,True,3,1120.0,1788189661.0,True,3636.27343511468,6109.014996,6.732400263988074e-05,0.9999326759973601,1761.2201152,0.11857238768513585,Flipper,1788436345.0,68.52333333333333,Grail,0.1185723876854934,5944.014996,36.025051929622336,True,True
Vitalik Launch,LAUNCH,gVITALIK,0xc9174488d99af3e5c6f22caf7f03ef0080b26824,3,165.0,1788189531,True,3,200.0,1790086053.0,True,0.0,0.0,0.0,1.0,314.503592,0.0,Flipper,,,,0.0,-165.0,-1.0,False,True
Vitalik Launch,LAUNCH,gVITALIK,0xc9f19bce748444ec3d9ebf764c4bbc4e799f2a28,3,165.0,1788189483,True,3,160.0,1788189571.0,True,160.0,173.75406099999998,0.0,1.0,251.6028736,0.0,Flipper,1788189689.0,0.03277777777777778,0x API (Matcha/Rabby),0.0,8.754060999999979,0.05305491515151495,False,True
Vitalik Launch,LAUNCH,gVITALIK,0xcadb43cc179801dadad9e9041c7565f528940a0d,1,55.0,1788189513,True,1,40.0,1788189563.0,True,40.0,56.932798,0.0,1.0,62.9007184,0.0,Flipper,1789670101.0,411.2605555555556,0x API (Matcha/Rabby),0.0,1.9327979999999982,0.03514178181818184,False,True
Vitalik Launch,LAUNCH,gVITALIK,0xcbbcdc02613148258f1e39294517b4fdfd15b7c6,3,165.0,1788189493,True,1,40.0,1788677937.0,False,63.709,76.033725,1.0,0.0,62.9007184,62.9007184,Holder,1788677963.0,0.007222222222222222,Grail,76.57273781808209,-88.966275,-0.07511234655707821,False,True
Vitalik Launch,LAUNCH,gVITALIK,0xcd60d10d9aefdb480aa38a592e759a44dca502b1,3,165.0,1788189591,False,0,0.0,,False,0.0,0.0,0.0,0.0,0.0,0.0,Unredeemed,,,,0.0,-165.0,-1.0,False,True
Vitalik Launch,LAUNCH,gVITALIK,0xcd70f2e90a979338476447021e4879935dd5555a,3,165.0,1788189527,False,0,0.0,,False,0.0,0.0,0.0,0.0,0.0,0.0,Unredeemed,,,,102.98351980819649,-165.0,-0.3758574557079001,False,True
Vitalik Launch,LAUNCH,gVITALIK,0xcdb76d26908d00c50dd9c9eb6b0fc4eff7d9b3bd,3,165.0,1788191571,True,2,120.0,1788191613.0,True,119.9,167.889854,0.0008333333333332859,0.9991666666666668,188.70215520000002,0.15725179599999106,Flipper,1788193903.0,0.6361111111111111,Grail,0.15725179599999106,2.889854000000014,0.018467307854545423,False,True
Vitalik Launch,LAUNCH,gVITALIK,0xd139225554b252f5956944594084b0dc270da4f8,3,165.0,1788189511,True,3,200.0,1788189591.0,True,200.0,216.51677800000002,0.0,1.0,314.503592,0.0,Flipper,1788189693.0,0.028333333333333332,Grail,0.0,51.516778000000016,0.31222289696969696,False,True
Vitalik Launch,LAUNCH,gVITALIK,0xd612d0b07027d7505fced8e01ed89438450d2b83,3,165.0,1788189511,True,3,200.0,1788189571.0,True,195.0,207.295302,0.050471333463552384,0.9495286665364476,314.503592,15.873415667317026,Partial seller,1788189719.0,0.04111111111111111,Grail,15.87341566731701,42.29530199999999,0.3525376828322242,False,True
Vitalik Launch,LAUNCH,gVITALIK,0xd8bb42fb12a6660b0344fb84404fd60eec663e7e,3,165.0,1788192043,False,0,0.0,,False,1016.4831544977001,1709.047324,0.0,0.0,0.0,0.0,Unredeemed,1789527713.0,,Fomo,1443.2305801042007,1544.047324,18.104714570328486,False,True
Vitalik Launch,LAUNCH,gVITALIK,0xdd3014109ecb84d7b5ee26052b5489084b58123e,3,165.0,1788189897,True,3,200.0,1788189947.0,False,0.0,0.0,1.0,0.0,314.503592,314.503592,Holder,,,,314.503592,-165.0,0.906082375757576,True,True
Vitalik Launch,LAUNCH,gVITALIK,0xddb7f7b2d91e6d6674a331b9fd6859f64a5c2cda,3,165.0,1788192257,True,3,120.0,1788192295.0,True,120.0,134.695762,0.0,1.0,188.70215520000002,0.0,Flipper,1788192395.0,0.027777777777777776,Grail,0.0,-30.304237999999998,-0.18366204848484846,False,True
Vitalik Launch,LAUNCH,gVITALIK,0xe095ba55a62cd627eb9db0c93e65b77e07fce073,3,165.0,1788189493,True,2,120.0,1789867675.0,True,0.0,0.0,0.0,1.0,188.70215520000002,0.0,Flipper,,,,0.0,-165.0,-1.0,False,True
Vitalik Launch,LAUNCH,gVITALIK,0xe24936e883d5d986e3c56512f59c4675a004db2e,3,165.0,1788189503,True,3,120.0,1789722487.0,False,0.0,0.0,1.0,0.0,188.70215520000002,188.70215520000002,Holder,,,,1855.5711928,-165.0,10.245886016969697,False,True
Vitalik Launch,LAUNCH,gVITALIK,0xe2a8f2b1508db783cbd8e85057181b9ec1219dec,1,55.0,1788189589,False,0,0.0,,False,0.0,0.0,0.0,0.0,0.0,0.0,Unredeemed,,,,0.0,-55.0,-1.0,False,True
Vitalik Launch,LAUNCH,gVITALIK,0xe7b696dcb50c12c9d107a9d2f99ee35cfbdc7260,3,165.0,1788189509,True,1,40.0,1788189619.0,False,0.852755322987391,1.835551,1.0,0.0,62.9007184,62.9007184,Holder,1790531959.0,650.65,Grail,613.2820044,-163.164449,2.7279851842424243,False,True
Vitalik Launch,LAUNCH,gVITALIK,0xe8bbaf0bf26929f08c00ff9f2a46e47174077184,3,165.0,1788189485,True,3,160.0,1788189561.0,True,160.0,167.682611,0.0,1.0,251.6028736,0.0,Flipper,1788189827.0,0.07388888888888889,Grail,4.8224168795893165,2.6826110000000085,0.045485017452056464,False,True
Vitalik Launch,LAUNCH,gVITALIK,0xeb3c20a9fd5574f7a3c633f6b47ea4b2411b3320,3,165.0,1788189557,False,0,0.0,,False,0.0,0.0,0.0,0.0,0.0,0.0,Unredeemed,,,,0.0,-165.0,-1.0,False,True
Vitalik Launch,LAUNCH,gVITALIK,0xef17179557b3e2932807d0fecab6bbfcf0dcfc8b,3,165.0,1788189515,True,3,160.0,1788461725.0,True,160.0,161.933494,0.0,1.0,251.6028736,0.0,Flipper,1789468425.0,279.6388888888889,Grail,0.0,-3.066506000000004,-0.01858488484848486,False,True
Vitalik Launch,LAUNCH,gVITALIK,0xf27c10488b579e5bcd6ec8cc2922315c2d799c6f,3,165.0,1788189509,True,6,460.0,1788191721.0,False,151.573249,158.369668,1.0,0.0,723.3582616,723.3582616,Holder,1788245255.0,14.870555555555555,Grail,1786.4729188322854,-6.63033200000001,10.786924768680517,False,True
Vitalik Launch,LAUNCH,gVITALIK,0xf6b48ed91717471a0f9cbf5dad071d77fe62d12f,3,165.0,1788188527,False,0,0.0,,False,0.0,0.0,0.0,0.0,0.0,0.0,Unredeemed,,,,0.0,-165.0,-1.0,False,True
Vitalik Launch,LAUNCH,gVITALIK,0xf70fa1b8443c620ca7d43a9d17f4bde8b09031cc,3,165.0,1788189661,True,3,180.0,1788271109.0,True,797.4013940881573,1059.100354,0.0,1.0,283.05323280000005,0.0,Flipper,1788300875.0,8.268333333333333,Grail,0.10378618536004863,894.1003539999999,5.419419031426425,False,True
Vitalik Launch,LAUNCH,gVITALIK,0xf7915670cd3a9c5f3fd69994a0955f275f6020d6,3,165.0,1788189515,True,3,200.0,1788192317.0,True,200.31022426223373,208.934096,0.0008316318045211155,0.9991683681954789,314.503592,0.2615511897433327,Flipper,1788192343.0,0.007222222222222222,1inch,0.8910576620078592,43.93409600000001,0.2716675979515628,False,True
Vitalik Launch,LAUNCH,gVITALIK,0xf88353e6b33d1f9f6f325dbcbb697ddd0be3bd5c,3,165.0,1788189575,False,0,0.0,,False,23.767038878548203,36.563893,0.0,0.0,0.0,0.0,Unredeemed,1790914005.0,,Other / Unknown,0.0186963959442416,-128.436107,-0.7782873369942773,False,True
Vitalik Launch,LAUNCH,gVITALIK,0xf9640ac4e36b8abddbe85a383e2354942128f22a,3,165.0,1788189483,False,0,0.0,,False,0.0,0.0,0.0,0.0,0.0,0.0,Unredeemed,,,,0.0,-165.0,-1.0,False,True
Vitalik Launch,LAUNCH,gVITALIK,0xfb1cab906fead15686d9d451b3ef9d8e6068215b,3,165.0,1788188781,True,3,120.0,1788188789.0,True,120.0,148.251411,0.0,1.0,188.70215520000002,0.0,Flipper,1788188875.0,0.02388888888888889,Grail,0.0,-16.74858900000001,-0.10150660000000011,False,True
Vitalik Launch,LAUNCH,gVITALIK,0xfb2a620a4829f85710562299285e9a6ae6182027,2,110.0,1788189479,True,2,120.0,1788189503.0,True,148.00044817060967,183.217988,0.013962323977012876,0.9860376760229871,188.70215520000002,2.634720626062965,Flipper,1788189525.0,0.006111111111111111,Grail,2.634720626062999,73.21798799999999,0.6895700784187544,False,True
Vitalik Launch,LAUNCH,gVITALIK,0xfc258b128dd2839666530eb0611b5c00735a5aaa,3,165.0,1788189483,True,3,160.0,1788280721.0,True,160.0,176.288051,0.0,1.0,251.6028736,0.0,Flipper,1788280777.0,0.015555555555555555,Grail,0.0,11.288050999999996,0.06841243030303024,False,True
Vitalik Launch,LAUNCH,gVITALIK,0xff1768d49e21f3a07c579569bf0315e2fba12b7c,2,110.0,1788189523,True,3,200.0,1790072679.0,True,200.0,421.99524699999995,0.0,1.0,314.503592,0.0,Flipper,1790254219.0,50.42777777777778,Grail,0.0,311.99524699999995,2.8363204272727267,False,True
World Cup 2026,EXPANSION,"gKAI,gRONALDO,gSPEED,gWEMBY",0x08aa5c33318ccdff182f190cdd9735eb461f0171,1,90.0,1781810135,True,5,86.0,1781810155.0,True,70.0,33.383027999999996,0.8000253315659402,0.19997466843405975,110.2091298492,88.1700956492,Holder,1781810169.0,0.0038888888888888888,Grail,149.77760485018212,-56.616972000000004,1.035118142779801,False,True
World Cup 2026,EXPANSION,"gELON,gJENSEN,gKIRK,gMBAPPE,gPIKA,gRONALDO,gSPEED,gSWIFT,gWEMBY,gYAMAL",0x0dd29a896e1f200efdf2f6df76d27e23df04413d,3,270.0,1781809789,True,31,301503.99999999994,1781810333.0,True,304528.7118201905,2645.703674057896,0.010206239902758015,0.989793760097242,1486.61284927295,15.172727382202368,Flipper,1781810399.0,0.018333333333333333,Grail,17.973923742205766,2375.703674057896,8.865472584444822,False,True
World Cup 2026,EXPANSION,"gCHAR,gKAI,gMBAPPE,gPIKA,gRONALDO,gSPEED,gSWIFT,gVITALIK,gYAMAL",0x2a52ac190a84e935246202e529aed50b41c8731c,5,450.0,1781809831,True,24,2758.0,1781809855.0,True,5880.774555779482,13548.833549,0.003065920574460675,0.9969340794255394,1677.8818701092002,5.144252547082351,Flipper,1781809963.0,0.03,OKX Wallet,17.660605525737452,13098.833549,29.147764787834976,True,True
World Cup 2026,EXPANSION,"gALLEN,gCOOP,gJENSEN,gKAI,gMBAPPE,gRONALDO,gSWIFT,gVITALIK,gVLAD",0x2ab3694be4624f9bdc5ec86d6339e7b6aa2ee869,1,90.0,1781809855,True,18,75955.0,1781809903.0,True,75874.22724307019,530.2444485749464,0.052968051290582505,0.9470319487094175,565.8337083499999,29.9711088858233,Partial seller,1783148441.0,371.8161111111111,Grail,29.971108885823288,440.24444857494643,5.224617305119663,False,True
World Cup 2026,EXPANSION,"gMBAPPE,gRONALDO,gSPEED",0x2be60b0fb138479f7333086cc2460620436a110e,5,450.0,1781810179,True,10,202.0,1783439623.0,False,0.0,0.0,1.0,0.0,115.6040427984,115.6040427984,Holder,,,,115.6040427984,-450.0,-0.7431021271146667,False,True
World Cup 2026,EXPANSION,"gALLEN,gCHAR,gMBAPPE,gMESSI,gPIKA,gRONALDO,gSPEED,gWEMBY,gYAMAL",0x3d141c77f7e68e41d01571e49175e0f419a3d3ea,3,270.0,1781810075,True,21,1976.0,1781810119.0,True,3470.1792119273655,677.9477480000002,0.05115411090432869,0.9488458890956714,354.3572042492,18.12682772591143,Partial seller,1781810151.0,0.008888888888888889,Grail,22.543277586841313,407.94774800000016,1.5944112058771909,False,True
World Cup 2026,EXPANSION,,0x409bbc0f3fdf07d7e48f5e49f68cc3d970363555,1,90.0,1781810159,False,0,0.0,,False,0.0,0.0,0.0,0.0,0.0,0.0,Unredeemed,,,,0.0,-90.0,-1.0,False,True
World Cup 2026,EXPANSION,,0x44ecc8f0d3c3610ffd2c201b85a4e496c3fcfea5,1,90.0,1781809859,False,0,0.0,,False,0.0,0.0,0.0,0.0,0.0,0.0,Unredeemed,,,,0.0,-90.0,-1.0,False,True
World Cup 2026,EXPANSION,"gALLEN,gCHAR,gKIRK,gMBAPPE,gMESSI,gPIKA,gRONALDO,gSPEED,gWEMBY,gYAMAL",0x4603fe6e2382da1bbfbb97e930d609524e3537d5,3,270.0,1781809979,True,32,11843.0,1781810245.0,True,25309.296499936594,13239.574081,0.6899538923726873,0.31004610762731266,2522.9861492884,1740.7441141039099,Holder,1781810323.0,0.021666666666666667,Grail,2014.4105047971618,12969.574081,55.49623920665616,False,True
World Cup 2026,EXPANSION,"gCOOP,gELON,gKAI,gMBAPPE,gPIKA,gSPEED,gWEMBY,gYAMAL",0x4be14afd66f701594f632f64bb445f20a5183194,1,90.0,1781810299,True,16,651.0,1781827989.0,True,617.1546759815681,404.727164,0.0,1.0,671.0980963892,0.0,Flipper,1781828011.0,0.006111111111111111,OKX Wallet,4.585686282,314.727164,3.5479205586888884,False,True
World Cup 2026,EXPANSION,"gALLEN,gCHAR,gCOOP,gMBAPPE,gRONALDO,gSPEED,gYAMAL",0x587172910fececad2b2c6dcb68722606182588b3,1,90.0,1781810227,True,12,969.0,1781815029.0,True,1040.095307241346,298.20241,2.3638628776939576e-05,0.999976361371223,202.5498924392,0.004788001716179289,Flipper,1781815177.0,0.04111111111111111,Grail,0.005102047589943184,208.20241,2.313416800528777,False,True
World Cup 2026,EXPANSION,"gKIRK,gVITALIK,gWEMBY,gYAMAL",0x5b899f5bd0ad9773ca7e7d73d787bb776f7c4d6e,1,90.0,1781809913,True,14,570.0,1788189623.0,True,492.03200000000004,224.53296400000002,0.0,1.0,389.27934400000004,0.0,Flipper,1788272743.0,23.08888888888889,Grail,0.001321596453673404,134.53296400000002,1.494825395516152,False,True
World Cup 2026,EXPANSION,"gALLEN,gCOOP,gKAI,gSPEED,gSWIFT,gVITALIK",0x5e6a9572b19157facdfae5c9766c06fe01a1a611,1,90.0,1781809927,True,9,806.0,1782485611.0,True,900.0680118047759,494.296847,0.08771289062950764,0.9122871093704924,455.2093667492,39.92772939920001,Partial seller,1782494677.0,2.5183333333333335,Grail,1534.85638916715,404.296847,21.54614706852389,False,True
World Cup 2026,EXPANSION,"gKAI,gMESSI,gRONALDO,gSPEED,gSWIFT,gVITALIK,gWEMBY,gYAMAL",0x61ef23e677afd042b34605a9c08fc806ac974703,1,90.0,1781810277,True,11,576.0,1781810319.0,True,584.0509359213298,580.5308540000001,0.3875829817836473,0.6124170182163526,467.0578629492,181.02367918734902,Partial seller,1781810351.0,0.008888888888888889,Grail,200.83909590335583,490.5308540000001,7.681888332259511,True,True
World Cup 2026,EXPANSION,"gKAI,gMBAPPE,gRONALDO,gSPEED,gSWIFT",0x630f77a10e249327a11ca3f43941d02e98b1f889,1,90.0,1781810267,True,6,711.0,1781810375.0,True,626.0,159.38034199999998,0.3542543665006792,0.6457456334993208,203.3498226992,72.03756261833053,Partial seller,1781810393.0,0.005,Grail,72.03756261833053,69.38034199999998,1.5713100513147835,False,True
World Cup 2026,EXPANSION,"gCOOP,gMBAPPE,gMESSI,gRONALDO,gWEMBY,gYAMAL",0x662179fafe29347c2c425c7226ee89e3d9ef155d,1,90.0,1781810217,True,6,220.0,1781810251.0,True,110.0,47.343894,0.36177751610371145,0.6382224838962886,49.301026199999995,17.8360028,Partial seller,1781810351.0,0.027777777777777776,BasedBot,17.85963455638276,-42.656106,-0.27551634937352487,False,True
World Cup 2026,EXPANSION,"gCOOP,gKAI,gMBAPPE,gMESSI,gRONALDO,gSPEED,gVLAD",0x68442253055c42961397da824511c61e531b7648,4,360.0,1781810277,True,15,40927.0,1781810307.0,True,931.859496507798,814.3682200000001,0.07567770578984859,0.9243222942101514,452.5447044484,34.247545,Partial seller,1781810319.0,0.0033333333333333335,Grail,34.77558327833374,454.36822000000006,1.3587327868842607,False,True
World Cup 2026,EXPANSION,"gCOOP,gMBAPPE,gMESSI,gRONALDO,gSPEED,gSWIFT",0x6dbceebd111de65a57c0968c3bad37e930cef708,5,450.0,1781809779,True,18,1032.0,1781809967.0,True,1032.0,484.57300200000003,0.0,1.0,387.17308509839995,0.0,Flipper,1781810015.0,0.013333333333333334,GMGN,0.0,34.57300200000003,0.07682889333333343,False,True
World Cup 2026,EXPANSION,"gCHAR,gKIRK,gMBAPPE,gPIKA,gRONALDO,gWEMBY",0x7313ce5bb2482bbf57420221e8c6efc72b4a3ede,1,90.0,1781809907,True,21,740.0,1786085833.0,True,740.0,162.37974,1.1816856194944232e-17,1.0,287.0501795,3.392030691884429e-15,Flipper,1786085933.0,0.027777777777777776,Grail,0.0023725977008352797,72.37974,0.8042456955300092,False,True
World Cup 2026,EXPANSION,,0x739ed8fa0036d3ae2a5bed0585ebbab31cceddce,2,180.0,1781809989,False,0,0.0,,False,0.0,0.0,0.0,0.0,0.0,0.0,Unredeemed,,,,0.0,-180.0,-1.0,False,True
World Cup 2026,EXPANSION,"gCOOP,gMBAPPE,gRONALDO,gSWIFT",0x765682c1c7d451f0e2c4540d642b822d7d0876bd,1,90.0,1781809859,True,5,295.0,1781809893.0,True,211.0,30.657313000000002,0.0,1.0,95.07160805,0.0,Flipper,1784102437.0,636.8177777777778,Grail,0.00012515398976647792,-59.342687,-0.6593617982890025,False,True
World Cup 2026,EXPANSION,"gALLEN,gCHAR,gMBAPPE,gPIKA,gRONALDO,gSPEED,gWEMBY,gYAMAL",0x7b2adeee812f2fde59a60ccd958226d1c9c82694,5,450.0,1781809885,True,95,3372.0,1781809917.0,True,17078.654195862095,2218.47495,0.14768468926098907,0.8523153107390109,540.7158940984,79.85545879840008,Partial seller,1781810005.0,0.024444444444444446,Grail,4192.6257582352555,1768.4749499999998,13.246890462745013,True,True
World Cup 2026,EXPANSION,"gCOOP,gKAI,gMBAPPE,gRONALDO,gSPEED,gSWIFT",0x7bba0d9cb8a9333407c1bf4cfd3f0ac4baf0260c,5,450.0,1781810053,True,18,971.0,1781810249.0,True,956.0,343.999657,0.15038115155809054,0.8496188484419095,320.8006172992,48.242366249999996,Partial seller,1781810517.0,0.07444444444444444,OKX Wallet,48.242366249999996,-106.00034299999999,-0.12835105944444447,False,True
World Cup 2026,EXPANSION,"gCOOP,gKAI,gKIRK,gMBAPPE,gMESSI,gSPEED,gSWIFT",0x7eb84dda9d85495520f8755e816afa59ecb9966f,3,270.0,1781809933,True,13,891.0,1781810105.0,True,887.0,295.56801900000005,0.0,1.0,381.4522168992,0.0,Flipper,1781810163.0,0.01611111111111111,Grail,6.64576896,25.56801900000005,0.11931032577777789,False,True
World Cup 2026,EXPANSION,"gCHAR,gCOOP,gKAI,gMBAPPE,gMESSI,gPIKA,gRONALDO,gSPEED,gVLAD,gWEMBY,gYAMAL",0x83a7a0f0d724e22cfe8463b41c1d959baca13c88,5,450.0,1781809877,True,34,42248.0,1781809963.0,True,6530.0,797.624102,0.8314779289675103,0.16852207103248973,512.8020065476,426.38355037458206,Holder,1781810035.0,0.02,Bots / Direct,31584.105353258932,347.624102,70.9593987894643,False,True
World Cup 2026,EXPANSION,"gMBAPPE,gMESSI,gRONALDO,gSPEED",0x88e57735cd545d696377720c566f55701305de61,5,450.0,1781810047,True,15,1291.0,1781810071.0,True,1288.75,221.98793600000002,0.0,1.0,159.0955325992,0.0,Flipper,1781810225.0,0.042777777777777776,Grail,3.73824504,-228.01206399999998,-0.49838626435555544,False,True
World Cup 2026,EXPANSION,"gALLEN,gJENSEN,gKAI,gKIRK,gMBAPPE,gMESSI,gPIKA,gRONALDO,gSPEED,gSWIFT,gVITALIK",0xa45111cdd1443e9f47e749ab714ace08915d3b45,3,270.0,1781809859,True,19,11367.0,1781809905.0,True,446350.88491541403,2326.1589172330214,5.347415214164433e-17,1.0,725.8242104484,3.8812834257606613e-14,Flipper,1781809915.0,0.002777777777777778,BasedBot,0.01248796657317576,2056.1589172330214,7.615449648887388,True,True
World Cup 2026,EXPANSION,"gALLEN,gCOOP,gELON,gKAI,gKIRK,gMBAPPE,gSWIFT,gVITALIK,gWEMBY",0xa84f8eac13b6bd3756fc6a2cd6edaff2e7197444,1,90.0,1781809989,True,11,1045.0,1782485591.0,True,1032.0809961740779,354.49185399999993,0.06881362865878671,0.9311863713412133,701.0583105449999,48.242366249999996,Partial seller,1782492955.0,2.0455555555555556,Grail,110.34027061302355,264.49185399999993,4.16480138458915,False,True
World Cup 2026,EXPANSION,"gMBAPPE,gSPEED",0xa916d872a98930c37ad7ecc150da89f8ef48fc5c,1,90.0,1781810257,True,3,101.0,1781810279.0,True,101.0,26.599504,3.542933345833633e-17,1.0,46.919473399199994,1.6623256687497978e-15,Flipper,1781810377.0,0.02722222222222222,Grail,0.0,-63.400496000000004,-0.7044499555555556,False,True
World Cup 2026,EXPANSION,"gCOOP,gKAI,gMBAPPE,gPIKA,gRONALDO,gSPEED,gSWIFT,gVLAD,gWEMBY,gYAMAL",0xadc9994f09588fac09933731db4bf3a2ca0cea79,1,90.0,1781809933,True,18,25580.999999999996,1781809961.0,True,26122.6065948394,246.6949550382148,2.5977945638843978e-17,1.0,305.9784928992,7.948692655190825e-15,Flipper,1781810003.0,0.011666666666666667,Grail,129.53643195499998,156.6949550382148,3.180348744369053,False,True
World Cup 2026,EXPANSION,"gCOOP,gKIRK,gMBAPPE,gPIKA,gRONALDO,gSPEED,gSWIFT,gWEMBY,gYAMAL",0xb3b550e0a844705310639cb343ddec7354facc0d,4,360.0,1781810093,True,31,2509.0,1781810113.0,True,2582.4818156323004,815.1076380000001,0.010351510928163344,0.9896484890718367,1039.8924880692,10.764458454363293,Flipper,1781810179.0,0.018333333333333333,Grail,10.773329728569076,455.10763800000007,1.2941137992460252,True,True
World Cup 2026,EXPANSION,"gALLEN,gCOOP,gMBAPPE,gPIKA,gRONALDO,gSWIFT,gYAMAL",0xbb66ff34cb4ea0d42b83550e26cc794295b01b67,1,90.0,1781810049,True,10,722.0,1781810079.0,True,731.8324694907418,242.15705400000004,0.0024352117441180194,0.997564788255882,198.12303025999998,0.4824715300694017,Flipper,1781908609.0,27.369444444444444,Other / Unknown,0.48247153006940063,152.15705400000004,1.6959947281118826,False,True
World Cup 2026,EXPANSION,"gCOOP,gMBAPPE,gPIKA,gRONALDO,gSPEED,gVITALIK,gVLAD,gWEMBY,gYAMAL",0xc9f19bce748444ec3d9ebf764c4bbc4e799f2a28,3,270.0,1781809951,True,21,26301.999999999996,1781810079.0,True,26268.96839692975,477.62666998887676,0.010094084000960032,0.98990591599904,529.4885432984,5.344701833600013,Flipper,1781911771.0,28.247777777777777,1inch,6.795623365041478,207.62666998887676,0.7941566420515491,False,True
World Cup 2026,EXPANSION,"gKAI,gMBAPPE,gMESSI,gRONALDO,gSPEED,gSWIFT,gWEMBY",0xcd0a8f4a161bd70958c665c25ab3cf857872b672,5,450.0,1781809855,True,21,1098.0,1781809883.0,True,1095.5,697.8663100000001,0.0,1.0,542.0489945475999,0.0,Flipper,1781809925.0,0.011666666666666667,Grail,4.1536056,247.8663100000001,0.560044256888889,False,True
World Cup 2026,EXPANSION,"gELON,gKAI",0xd60b8d278a98e068eaf3508e95cf1b0089961288,3,270.0,1781809879,True,2,310.0,1787584261.0,True,310.1895,566.011315,0.0010019214457125667,0.9989980785542875,836.9109074875,0.8385189863624921,Flipper,1787584383.0,0.03388888888888889,Fomo,0.8385189863624921,296.01131499999997,1.09944382957912,False,True
World Cup 2026,EXPANSION,"gALLEN,gCOOP,gJENSEN,gKAI,gMBAPPE,gMESSI,gRONALDO,gSPEED,gSWIFT,gVITALIK,gVLAD,gYAMAL",0xdd3014109ecb84d7b5ee26052b5489084b58123e,5,450.0,1781809803,True,31,117026.0,1781809829.0,True,5682127.093066475,12120.27622766673,0.5292305240804128,0.4707694759195872,853.4407825492,451.66691262011074,Holder,1781809889.0,0.016666666666666666,OKX Wallet,5503.19870258152,11670.27622766673,38.1632776227739,True,True
World Cup 2026,EXPANSION,"gALLEN,gCOOP,gJENSEN,gMBAPPE,gSWIFT,gVITALIK,gYAMAL",0xe24936e883d5d986e3c56512f59c4675a004db2e,1,90.0,1781810139,True,12,100896.99999999999,1781810165.0,True,377.0,96.615629,0.511302817403312,0.48869718259668804,442.63817740999997,226.32214720000002,Holder,1781810231.0,0.018333333333333333,Grail,1904.3254449485053,6.615628999999998,21.232678599427835,False,True
World Cup 2026,EXPANSION,,0xec9e512fe7e90134d8ca7295329ccb0a57c91ecb,5,450.0,1781809955,False,0,0.0,,False,0.0,0.0,0.0,0.0,0.0,0.0,Unredeemed,,,,0.0,-450.0,-1.0,False,True
World Cup 2026,EXPANSION,"gCOOP,gKAI,gMBAPPE,gRONALDO,gSPEED",0xf06ffe33bac0719eae891cb10e2a2e6e242a1266,5,450.0,1781809901,True,17,1817.0,1781809927.0,True,1817.0,506.36494899999997,0.0,1.0,283.5731700484,0.0,Flipper,1781810047.0,0.03333333333333333,Grail,0.0,56.36494899999997,0.12525544222222207,True,True
World Cup 2026,EXPANSION,"gCHAR,gMBAPPE,gRONALDO,gSPEED,gVLAD,gWEMBY,gYAMAL",0xf687bbb975953e8c8198bbc264f5380545f867ea,1,90.0,1781810007,True,18,40391.0,1781810067.0,True,28060.0,32.99306600101933,0.8990674692971649,0.10093253070283514,141.8925721992,127.57099579919999,Holder,1788463001.0,1848.0372222222222,Fomo,1538.4864541152515,-57.00693399898067,16.460883556847453,True,True
World Cup 2026,EXPANSION,"gKIRK,gMBAPPE,gMESSI,gRONALDO,gSWIFT",0xf6b48ed91717471a0f9cbf5dad071d77fe62d12f,3,270.0,1781809777,True,6,360.0,1781810351.0,True,844.2744307815377,1064.350118,0.0,1.0,300.0876409,0.0,Flipper,1781810903.0,0.15333333333333332,Grail,0.00043058786274602725,794.3501180000001,2.9420390688439357,False,True
World Cup 2026,EXPANSION,"gCOOP,gKIRK,gMBAPPE,gMESSI,gRONALDO,gSWIFT,gYAMAL",0xfe5d4f8e6bfdc08b5b0cacd8201d8f3aff1dbe6b,2,180.0,1781809979,True,12,732.0,1781810147.0,True,823.8824865952771,266.173124,2.523107301493047e-18,1.0,471.87290326000004,1.1905859675920283e-15,Flipper,1781904633.0,26.246111111111112,Grail,1.3390399056947209,86.17312399999997,0.4861786883649706,False,True
World Cup 2026,EXPANSION,"gALLEN,gCOOP,gMBAPPE,gMESSI,gPIKA,gRONALDO,gSPEED,gSWIFT,gWEMBY,gYAMAL",0xfecd0cb6ee16c61bc7e8c5c7a464f6b3a8f1a075,3,270.0,1781809797,True,23,1786.0,1781809831.0,True,1916.300101054308,798.957048,1.3729803088735955e-17,1.0,492.66092437919997,6.76413748124105e-15,Flipper,1781809899.0,0.01888888888888889,Grail,5.788915029056474,528.957048,1.9805406038113205,False,True
gVLAD Launch,LAUNCH,,0x06390665675a827ae6733ec291fbdf5df852d022,1,15.0,1790958108,False,0,0.0,,False,0.0,0.0,0.0,0.0,0.0,0.0,Unredeemed,,,,0.0,-15.0,-1.0,False,True
gVLAD Launch,LAUNCH,,0x08f9ff0f6e5f45dc13f60202770bd6b7ef1b5f96,1,15.0,1790958292,False,0,0.0,,False,0.0,0.0,0.0,0.0,0.0,0.0,Unredeemed,,,,0.0,-15.0,-1.0,False,True
gVLAD Launch,LAUNCH,gVLAD,0x099532f577a1e474a30d198551936c8a075efbe1,1,15.0,1790962460,True,1,40000.0,1790962503.0,True,40000.0,20.94544651677904,0.0,1.0,19.396944,0.0,Flipper,1790962579.0,0.021111111111111112,Fomo,0.0,5.94544651677904,0.3963631011186026,False,True
gVLAD Launch,LAUNCH,,0x0b00ef608b84a25b647a873931580be96ed31cf4,1,15.0,1790958108,False,0,0.0,,False,0.0,0.0,0.0,0.0,0.0,0.0,Unredeemed,,,,0.0,-15.0,-1.0,False,True
gVLAD Launch,LAUNCH,,0x0c13dcadddda7c48300e0bb210ab897a10c11fdc,1,15.0,1790958412,False,0,0.0,,False,0.0,0.0,0.0,0.0,0.0,0.0,Unredeemed,,,,0.0,-15.0,-1.0,False,True
gVLAD Launch,LAUNCH,,0x0dad0e5ca7449f6291b008577010f4bde03e55eb,1,15.0,1790959315,False,0,0.0,,False,0.0,0.0,0.0,0.0,0.0,0.0,Unredeemed,,,,0.0,-15.0,-1.0,False,True
gVLAD Launch,LAUNCH,,0x0dd29a896e1f200efdf2f6df76d27e23df04413d,1,15.0,1790958044,False,0,0.0,,False,0.0,0.0,0.0,0.0,0.0,0.0,Unredeemed,,,,0.0,-15.0,-1.0,False,True
gVLAD Launch,LAUNCH,,0x0fceeab024973babfaaac1f452911b6cbaa75a68,1,15.0,1790958051,False,0,0.0,,False,0.0,0.0,0.0,0.0,0.0,0.0,Unredeemed,,,,0.0,-15.0,-1.0,False,True
gVLAD Launch,LAUNCH,gVLAD,0x106f579b3c8bc21d4698e57e51e1bf128f8fe1b9,1,15.0,1790958774,True,1,24999.999999999996,1790959205.0,True,24999.999999999996,13.521686390980609,0.0,1.0,12.123089999999998,0.0,Flipper,1790959462.0,0.07138888888888889,Fomo,0.0,-1.4783136090193914,-0.09855424060129281,False,True
gVLAD Launch,LAUNCH,,0x10966e5ddce205a52d4d2f4722e685f48805fb7d,1,15.0,1790958071,False,0,0.0,,False,0.0,0.0,0.0,0.0,0.0,0.0,Unredeemed,,,,0.0,-15.0,-1.0,False,True
gVLAD Launch,LAUNCH,,0x10d3e40aeb8f01050b47ff606c9d19c013c7e938,1,15.0,1790958114,False,0,0.0,,False,0.0,0.0,0.0,0.0,0.0,0.0,Unredeemed,,,,0.0,-15.0,-1.0,False,True
gVLAD Launch,LAUNCH,,0x10eece768bb80edb3679bed1a4031f6dacc9887e,1,15.0,1790958058,False,0,0.0,,False,0.0,0.0,0.0,0.0,0.0,0.0,Unredeemed,,,,0.0,-15.0,-1.0,False,True
gVLAD Launch,LAUNCH,,0x11b4486c93c42eaf7bdd782679fb20c709901af4,1,15.0,1790958096,False,0,0.0,,False,0.0,0.0,0.0,0.0,0.0,0.0,Unredeemed,,,,0.0,-15.0,-1.0,False,True
gVLAD Launch,LAUNCH,gVLAD,0x1512bb3b85696fa4d85cb4bbf78e9c4fe95db90f,1,15.0,1791078423,True,1,24999.999999999996,1791078569.0,False,0.0,0.0,1.0,0.0,12.123089999999998,12.123089999999998,Holder,,,,12.123089999999998,-15.0,-0.19179400000000013,False,True
gVLAD Launch,LAUNCH,,0x1804b142faeabbf08ecf4ff3843223b8d239f4ae,1,15.0,1790958069,False,0,0.0,,False,0.0,0.0,0.0,0.0,0.0,0.0,Unredeemed,,,,0.0,-15.0,-1.0,False,True
gVLAD Launch,LAUNCH,,0x18aeaba4a846f65c2fdc8c43deba1f51a514215a,1,15.0,1790958050,False,0,0.0,,False,0.0,0.0,0.0,0.0,0.0,0.0,Unredeemed,,,,0.0,-15.0,-1.0,True,True
gVLAD Launch,LAUNCH,,0x214de9af3c0c3e39838e05aa6ab09e6a9bfca289,1,15.0,1790958059,False,0,0.0,,False,0.0,0.0,0.0,0.0,0.0,0.0,Unredeemed,,,,0.0,-15.0,-1.0,False,True
gVLAD Launch,LAUNCH,,0x228ed9b05e3fcae469e446977dcc0092a87ca20d,1,15.0,1790958302,False,0,0.0,,False,0.0,0.0,0.0,0.0,0.0,0.0,Unredeemed,,,,0.0,-15.0,-1.0,False,True
gVLAD Launch,LAUNCH,,0x23631b12402fe1b2404fccfab01557269b0df108,1,15.0,1790958086,False,0,0.0,,False,0.0,0.0,0.0,0.0,0.0,0.0,Unredeemed,,,,0.0,-15.0,-1.0,False,True
gVLAD Launch,LAUNCH,,0x2392591009f80b4582401e7540a1192aa8b917cc,1,15.0,1790983125,False,0,0.0,,False,0.0,0.0,0.0,0.0,0.0,0.0,Unredeemed,,,,0.0,-15.0,-1.0,False,True
gVLAD Launch,LAUNCH,gVLAD,0x23c10b8ba82ab7bbab0c2d45e4df802cc509d32a,1,15.0,1790958986,True,1,24999.999999999996,1790959009.0,True,24999.999999999996,13.518877405365927,0.0,1.0,12.123089999999998,0.0,Flipper,1790959038.0,0.008055555555555555,Bots / Direct,0.0,-1.4811225946340727,-0.09874150630893819,False,True
gVLAD Launch,LAUNCH,,0x25f547fc0db87305aae98aa27de88d30aa48c540,1,15.0,1790958477,False,0,0.0,,False,0.0,0.0,0.0,0.0,0.0,0.0,Unredeemed,,,,0.0,-15.0,-1.0,False,True
gVLAD Launch,LAUNCH,,0x25fc3dc81a4904bd2cbc9d39efe224466e7b1b91,1,15.0,1790979620,False,0,0.0,,False,0.0,0.0,0.0,0.0,0.0,0.0,Unredeemed,,,,0.0,-15.0,-1.0,False,True
gVLAD Launch,LAUNCH,,0x2638a90bd3643e7fb34b9c539a2e2ebd535e6071,1,15.0,1790964176,False,0,0.0,,False,0.0,0.0,0.0,0.0,0.0,0.0,Unredeemed,,,,0.0,-15.0,-1.0,False,True
gVLAD Launch,LAUNCH,,0x291e59a85014269f99ee0df9e89083bbf5a80d62,1,15.0,1790979584,False,0,0.0,,False,0.0,0.0,0.0,0.0,0.0,0.0,Unredeemed,,,,0.0,-15.0,-1.0,False,True
gVLAD Launch,LAUNCH,,0x2987825a138dd8f31189bee2550dc34d284077b7,1,15.0,1791039575,False,0,0.0,,False,0.0,0.0,0.0,0.0,0.0,0.0,Unredeemed,,,,0.0,-15.0,-1.0,True,True
gVLAD Launch,LAUNCH,,0x2a52ac190a84e935246202e529aed50b41c8731c,1,15.0,1790958058,False,0,0.0,,False,0.0,0.0,0.0,0.0,0.0,0.0,Unredeemed,,,,0.0,-15.0,-1.0,True,True
gVLAD Launch,LAUNCH,gVLAD,0x2ab3694be4624f9bdc5ec86d6339e7b6aa2ee869,1,15.0,1790958129,True,1,24999.999999999996,1790958150.0,True,24999.999999999996,13.621987274873199,0.0,1.0,12.123089999999998,0.0,Flipper,1790958176.0,0.007222222222222222,Fomo,0.0,-1.3780127251268013,-0.09186751500845347,False,True
gVLAD Launch,LAUNCH,,0x2b4be2284d0089e4bae8c328f5456f1345973b42,1,15.0,1790958862,False,0,0.0,,False,0.0,0.0,0.0,0.0,0.0,0.0,Unredeemed,,,,0.0,-15.0,-1.0,False,True
gVLAD Launch,LAUNCH,,0x30db6b5cf544851dfcb3cdb6a145a634bac77e1e,1,15.0,1790958112,False,0,0.0,,False,0.0,0.0,0.0,0.0,0.0,0.0,Unredeemed,,,,0.0,-15.0,-1.0,False,True
gVLAD Launch,LAUNCH,,0x316bfa45744eaf41df46a087290d31544c0e05e3,1,15.0,1790961831,False,0,0.0,,False,0.0,0.0,0.0,0.0,0.0,0.0,Unredeemed,,,,0.0,-15.0,-1.0,False,True
gVLAD Launch,LAUNCH,,0x364f759eaaf37cfcbd220704de0ab7d65b07965d,1,15.0,1790958255,False,0,0.0,,False,0.0,0.0,0.0,0.0,0.0,0.0,Unredeemed,,,,0.0,-15.0,-1.0,False,True
gVLAD Launch,LAUNCH,,0x3ae3197be2385bf6295f7d19f03ab898d717fcfd,1,15.0,1790958058,False,0,0.0,,False,0.0,0.0,0.0,0.0,0.0,0.0,Unredeemed,,,,0.0,-15.0,-1.0,False,True
gVLAD Launch,LAUNCH,,0x3c4113b60a5a8bc5b5939379b223331a55624afc,1,15.0,1790958067,False,0,0.0,,False,0.0,0.0,0.0,0.0,0.0,0.0,Unredeemed,,,,0.0,-15.0,-1.0,False,True
gVLAD Launch,LAUNCH,,0x3f322ac37155e431ca30cd8343c28ab0222c7ecb,1,15.0,1790958111,False,0,0.0,,False,0.0,0.0,0.0,0.0,0.0,0.0,Unredeemed,,,,0.0,-15.0,-1.0,False,True
gVLAD Launch,LAUNCH,,0x404ff977e0fc357c25fb5c342399da6e57a0ded3,1,15.0,1790979528,False,0,0.0,,False,0.0,0.0,0.0,0.0,0.0,0.0,Unredeemed,,,,0.0,-15.0,-1.0,False,True
gVLAD Launch,LAUNCH,,0x41bdc352898f8e5ed66842e0a9824628225817d7,1,15.0,1790958057,False,0,0.0,,False,0.0,0.0,0.0,0.0,0.0,0.0,Unredeemed,,,,0.0,-15.0,-1.0,False,True
gVLAD Launch,LAUNCH,gVLAD,0x4242578633e4194007498e5f8aa9ab0c6964fd19,1,15.0,1790958055,True,1,24999.999999999996,1790958299.0,False,0.0,0.0,1.0,0.0,12.123089999999998,12.123089999999998,Holder,,,,39.77034520032284,-15.0,1.6513563466881895,False,True
gVLAD Launch,LAUNCH,,0x424aba67e02b67475cc1acfbd780dbd3a244f706,1,15.0,1790958081,False,0,0.0,,False,0.0,0.0,0.0,0.0,0.0,0.0,Unredeemed,,,,0.0,-15.0,-1.0,False,True
gVLAD Launch,LAUNCH,,0x43ca9b301663af944fcc5c307ffde09dcd694f0f,1,15.0,1790958613,False,0,0.0,,False,0.0,0.0,0.0,0.0,0.0,0.0,Unredeemed,,,,0.0,-15.0,-1.0,False,True
gVLAD Launch,LAUNCH,,0x453bc807bd51a4f62401fc599583422a2404736a,1,15.0,1790958225,False,0,0.0,,False,0.0,0.0,0.0,0.0,0.0,0.0,Unredeemed,,,,0.0,-15.0,-1.0,True,True
gVLAD Launch,LAUNCH,,0x4603fe6e2382da1bbfbb97e930d609524e3537d5,1,15.0,1790958091,False,0,0.0,,False,0.0,0.0,0.0,0.0,0.0,0.0,Unredeemed,,,,0.0,-15.0,-1.0,False,True
gVLAD Launch,LAUNCH,,0x4b941bff84fccca7f0033a0331a3c5427dab2f0d,1,15.0,1790979700,False,0,0.0,,False,0.0,0.0,0.0,0.0,0.0,0.0,Unredeemed,,,,0.0,-15.0,-1.0,False,True
gVLAD Launch,LAUNCH,,0x4cf16c7b71ae02a79441eef0cfd817d2a459d363,1,15.0,1790977503,False,0,0.0,,False,0.0,0.0,0.0,0.0,0.0,0.0,Unredeemed,,,,0.0,-15.0,-1.0,False,True
gVLAD Launch,LAUNCH,,0x4e88717518c8ae9aa3930298cbd1c1f6b7e83ec1,1,15.0,1790958190,False,0,0.0,,False,0.0,0.0,0.0,0.0,0.0,0.0,Unredeemed,,,,0.0,-15.0,-1.0,True,True
gVLAD Launch,LAUNCH,,0x4f240578aabc8d80ecc6bffd17387d75640412a6,1,15.0,1790958049,False,0,0.0,,False,0.0,0.0,0.0,0.0,0.0,0.0,Unredeemed,,,,0.0,-15.0,-1.0,True,True
gVLAD Launch,LAUNCH,,0x52e2a414c65bd8ea41b6c5b5276ed9452ecad088,1,15.0,1790958151,False,0,0.0,,False,0.0,0.0,0.0,0.0,0.0,0.0,Unredeemed,,,,0.0,-15.0,-1.0,False,True
gVLAD Launch,LAUNCH,,0x533b65ce39f438105f36d988d9c106f693ec2b74,1,15.0,1790958110,False,0,0.0,,False,0.0,0.0,0.0,0.0,0.0,0.0,Unredeemed,,,,0.0,-15.0,-1.0,False,True
gVLAD Launch,LAUNCH,,0x534f757609e57ee164b929e0c50861559f9aa125,1,15.0,1790958061,False,0,0.0,,False,0.0,0.0,0.0,0.0,0.0,0.0,Unredeemed,,,,0.0,-15.0,-1.0,False,True
gVLAD Launch,LAUNCH,,0x53552ba1ef145f027150f58a71309f36703c0d4b,1,15.0,1790961787,False,0,0.0,,False,0.0,0.0,0.0,0.0,0.0,0.0,Unredeemed,,,,0.0,-15.0,-1.0,False,True
gVLAD Launch,LAUNCH,,0x53991b9ce11a4a44b5ab2e59d790a14ac7c5df47,1,15.0,1790958059,False,0,0.0,,False,0.0,0.0,0.0,0.0,0.0,0.0,Unredeemed,,,,0.0,-15.0,-1.0,False,True
gVLAD Launch,LAUNCH,,0x5897c4414a49eb9d754eea66d776c9f51ecae7e2,1,15.0,1790958322,False,0,0.0,,False,0.0,0.0,0.0,0.0,0.0,0.0,Unredeemed,,,,0.0,-15.0,-1.0,True,True
gVLAD Launch,LAUNCH,,0x5ae1a1786d6e8ee80a6117914f0574a960bf7d0f,1,15.0,1790958055,False,0,0.0,,False,0.0,0.0,0.0,0.0,0.0,0.0,Unredeemed,,,,0.0,-15.0,-1.0,False,True
gVLAD Launch,LAUNCH,,0x5b899f5bd0ad9773ca7e7d73d787bb776f7c4d6e,1,15.0,1790958862,False,0,0.0,,False,0.0,0.0,0.0,0.0,0.0,0.0,Unredeemed,,,,0.0,-15.0,-1.0,False,True
gVLAD Launch,LAUNCH,,0x5c357af017c471d950cc8915bd97e2ae8c989b92,1,15.0,1790958042,False,0,0.0,,False,0.0,0.0,0.0,0.0,0.0,0.0,Unredeemed,,,,0.0,-15.0,-1.0,False,True
gVLAD Launch,LAUNCH,,0x5c425da5f5b89aeae5f33bbfed30ce30f62a3d6d,1,15.0,1790958054,False,0,0.0,,False,0.0,0.0,0.0,0.0,0.0,0.0,Unredeemed,,,,0.0,-15.0,-1.0,False,True
gVLAD Launch,LAUNCH,,0x5e3f408b76ef2befae784b968bde8be679fb285d,1,15.0,1790958069,False,0,0.0,,False,0.0,0.0,0.0,0.0,0.0,0.0,Unredeemed,,,,0.0,-15.0,-1.0,True,True
gVLAD Launch,LAUNCH,,0x5e6a9572b19157facdfae5c9766c06fe01a1a611,1,15.0,1790996315,False,0,0.0,,False,0.0,0.0,0.0,0.0,0.0,0.0,Unredeemed,,,,0.0,-15.0,-1.0,False,True
gVLAD Launch,LAUNCH,gVLAD,0x5f09c6a8b7a8c7c354219764c1504e54f6176139,1,15.0,1790958162,True,1,110000.0,1791039696.0,False,0.0,0.0,1.0,0.0,53.341596,53.341596,Holder,,,,90.04988974440286,-15.0,5.003325982960191,False,True
gVLAD Launch,LAUNCH,,0x5f4d14f966f5098aa7b529ea3510343a8281399e,1,15.0,1790958061,False,0,0.0,,False,0.0,0.0,0.0,0.0,0.0,0.0,Unredeemed,,,,0.0,-15.0,-1.0,False,True
gVLAD Launch,LAUNCH,gVLAD,0x5fc13c6ef9aff76ec6f753eb549a73096f5ccbea,1,15.0,1790958507,True,1,24999.999999999996,1790958570.0,False,0.0,0.0,1.0,0.0,12.123089999999998,12.123089999999998,Holder,,,,12.123089999999998,-15.0,-0.19179400000000013,False,True
gVLAD Launch,LAUNCH,,0x630f77a10e249327a11ca3f43941d02e98b1f889,1,15.0,1790959052,False,0,0.0,,False,0.0,0.0,0.0,0.0,0.0,0.0,Unredeemed,,,,0.0,-15.0,-1.0,False,True
gVLAD Launch,LAUNCH,gVLAD,0x6738e5114a64eb9a28038029f37b07c337e97340,1,15.0,1790958557,True,1,24999.999999999996,1790958604.0,True,24999.999999999996,12.712135636015164,0.0,1.0,12.123089999999998,0.0,Flipper,1791036410.0,21.61277777777778,Fomo,0.0,-2.287864363984836,-0.15252429093232245,False,True
gVLAD Launch,LAUNCH,gVLAD,0x68442253055c42961397da824511c61e531b7648,1,15.0,1790958187,True,1,40000.0,1790958222.0,False,0.0,0.0,1.0,0.0,19.396944,19.396944,Holder,,,,19.396944,-15.0,0.2931296000000001,False,True
gVLAD Launch,LAUNCH,,0x6aa9fcfd9ac0dc824edbeb7619a4965d0c324f1d,1,15.0,1790959723,False,0,0.0,,False,0.0,0.0,0.0,0.0,0.0,0.0,Unredeemed,,,,0.0,-15.0,-1.0,False,True
gVLAD Launch,LAUNCH,,0x6cce35430fff6d0b20d4b73fce864e7a5be57471,1,15.0,1790958341,False,0,0.0,,False,0.0,0.0,0.0,0.0,0.0,0.0,Unredeemed,,,,0.0,-15.0,-1.0,False,True
gVLAD Launch,LAUNCH,gVLAD,0x70b2ee03ed78855c612f9ca0bed658aa740d24c1,1,15.0,1790996499,True,1,40000.0,1790996542.0,False,0.0,0.0,1.0,0.0,19.396944,19.396944,Holder,,,,113.09970083672918,-15.0,6.539980055781945,False,True
gVLAD Launch,LAUNCH,,0x739ed8fa0036d3ae2a5bed0585ebbab31cceddce,1,15.0,1790959033,False,0,0.0,,False,0.0,0.0,0.0,0.0,0.0,0.0,Unredeemed,,,,0.0,-15.0,-1.0,False,True
gVLAD Launch,LAUNCH,,0x7502e404dc96580157ffbc37504c5d88a2369a80,1,15.0,1790958078,False,0,0.0,,False,0.0,0.0,0.0,0.0,0.0,0.0,Unredeemed,,,,0.0,-15.0,-1.0,False,True
gVLAD Launch,LAUNCH,,0x75dc757da6c46fe5514c210f354b849cad6018b9,1,15.0,1790958064,False,0,0.0,,False,0.0,0.0,0.0,0.0,0.0,0.0,Unredeemed,,,,0.0,-15.0,-1.0,False,True
gVLAD Launch,LAUNCH,,0x767f14ebf41bf92b1aedc258c4bf8561e0eaf315,1,15.0,1790958285,False,0,0.0,,False,0.0,0.0,0.0,0.0,0.0,0.0,Unredeemed,,,,0.0,-15.0,-1.0,False,True
gVLAD Launch,LAUNCH,,0x76cde0047de56ea158c012011c7123503b1c2bf6,1,15.0,1790958061,False,0,0.0,,False,0.0,0.0,0.0,0.0,0.0,0.0,Unredeemed,,,,0.0,-15.0,-1.0,False,True
gVLAD Launch,LAUNCH,,0x77ad0d6e27eacb4f54df32bcb1b7b8f779bcb5f1,1,15.0,1790960156,False,0,0.0,,False,0.0,0.0,0.0,0.0,0.0,0.0,Unredeemed,,,,0.0,-15.0,-1.0,False,True
gVLAD Launch,LAUNCH,,0x78bd9bae79c1bfbe3df3e7a67268a1922bd74c79,1,15.0,1790958059,False,0,0.0,,False,0.0,0.0,0.0,0.0,0.0,0.0,Unredeemed,,,,0.0,-15.0,-1.0,False,True
gVLAD Launch,LAUNCH,,0x7a02aecf045689120e79b89777a5d882fa3f13f8,1,15.0,1790958083,False,0,0.0,,False,0.0,0.0,0.0,0.0,0.0,0.0,Unredeemed,,,,0.0,-15.0,-1.0,False,True
gVLAD Launch,LAUNCH,,0x7b2adeee812f2fde59a60ccd958226d1c9c82694,1,15.0,1790958094,False,0,0.0,,False,0.0,0.0,0.0,0.0,0.0,0.0,Unredeemed,,,,0.0,-15.0,-1.0,True,True
gVLAD Launch,LAUNCH,,0x7bba0d9cb8a9333407c1bf4cfd3f0ac4baf0260c,1,15.0,1790958399,False,0,0.0,,False,0.0,0.0,0.0,0.0,0.0,0.0,Unredeemed,,,,0.0,-15.0,-1.0,False,True
gVLAD Launch,LAUNCH,,0x7c2c293800e4d8951dd030aaedf7b05c101e7331,1,15.0,1790958067,False,0,0.0,,False,0.0,0.0,0.0,0.0,0.0,0.0,Unredeemed,,,,0.0,-15.0,-1.0,False,True
gVLAD Launch,LAUNCH,,0x7c7476762a112e4397658d888956f3d140e19a9b,1,15.0,1790958508,False,0,0.0,,False,0.0,0.0,0.0,0.0,0.0,0.0,Unredeemed,,,,0.0,-15.0,-1.0,False,True
gVLAD Launch,LAUNCH,gVLAD,0x7c84247883a812d38e5e2d0628e4e9f60d56d61a,1,15.0,1790958059,True,1,24999.999999999996,1790958235.0,False,0.0,0.0,1.0,0.0,12.123089999999998,12.123089999999998,Holder,,,,133.15738311516373,-15.0,7.877158874344248,False,True
gVLAD Launch,LAUNCH,,0x7f0d0db7fde96ae1f82ec4e8c0ac9001520cf6e0,1,15.0,1790958733,False,0,0.0,,False,0.0,0.0,0.0,0.0,0.0,0.0,Unredeemed,,,,0.0,-15.0,-1.0,False,True
gVLAD Launch,LAUNCH,,0x7f1d46e0803708586c2faac85310a449a89fc596,1,15.0,1790958062,False,0,0.0,,False,0.0,0.0,0.0,0.0,0.0,0.0,Unredeemed,,,,0.0,-15.0,-1.0,False,True
gVLAD Launch,LAUNCH,,0x8011e95d9b67844127807b20ec6124a23fdcf34c,1,15.0,1790958324,False,0,0.0,,False,0.0,0.0,0.0,0.0,0.0,0.0,Unredeemed,,,,0.0,-15.0,-1.0,False,True
gVLAD Launch,LAUNCH,,0x8051b56ec53f61591329785e0991179367173745,1,15.0,1790958108,False,0,0.0,,False,0.0,0.0,0.0,0.0,0.0,0.0,Unredeemed,,,,0.0,-15.0,-1.0,False,True
gVLAD Launch,LAUNCH,,0x81c9eb47f4e3a66d7e0ee6e95d29da2542d66601,1,15.0,1790958059,False,0,0.0,,False,0.0,0.0,0.0,0.0,0.0,0.0,Unredeemed,,,,0.0,-15.0,-1.0,False,True
gVLAD Launch,LAUNCH,gVLAD,0x83a7a0f0d724e22cfe8463b41c1d959baca13c88,1,15.0,1790958124,True,1,40000.0,1790958151.0,False,0.0,0.0,1.0,0.0,19.396944,19.396944,Holder,,,,5038.079571169056,-15.0,334.8719714112704,False,True
gVLAD Launch,LAUNCH,,0x84125eee20d26781c216140e7c1cabc535d3b8b5,1,15.0,1790958055,False,0,0.0,,False,0.0,0.0,0.0,0.0,0.0,0.0,Unredeemed,,,,0.0,-15.0,-1.0,False,True
gVLAD Launch,LAUNCH,,0x8492685dd2524bc2f623a8fa382512dc77eba811,1,15.0,1790958063,False,0,0.0,,False,0.0,0.0,0.0,0.0,0.0,0.0,Unredeemed,,,,0.0,-15.0,-1.0,False,True
gVLAD Launch,LAUNCH,,0x8d63d43e2c8279d6ae5790429bc3d480f850ce73,1,15.0,1790958125,False,0,0.0,,False,0.0,0.0,0.0,0.0,0.0,0.0,Unredeemed,,,,0.0,-15.0,-1.0,False,True
gVLAD Launch,LAUNCH,,0x8ecd92e9fd3bd43bf11ba4dbe39a6bc20cb4c3ab,1,15.0,1790958070,False,0,0.0,,False,0.0,0.0,0.0,0.0,0.0,0.0,Unredeemed,,,,0.0,-15.0,-1.0,False,True
gVLAD Launch,LAUNCH,,0x900568e1447081e4d926a53f36f7e68f2d12e0a5,1,15.0,1790962447,False,0,0.0,,False,0.0,0.0,0.0,0.0,0.0,0.0,Unredeemed,,,,0.0,-15.0,-1.0,False,True
gVLAD Launch,LAUNCH,,0x96567653f8a1e43ea353ca2114a6d1847476aa54,1,15.0,1790960389,False,0,0.0,,False,0.0,0.0,0.0,0.0,0.0,0.0,Unredeemed,,,,0.0,-15.0,-1.0,False,True
gVLAD Launch,LAUNCH,,0x97984422c7c31572c283f9429607471119c9b7f8,1,15.0,1790958124,False,0,0.0,,False,0.0,0.0,0.0,0.0,0.0,0.0,Unredeemed,,,,0.0,-15.0,-1.0,False,True
gVLAD Launch,LAUNCH,,0x9a9fc28b68d6a2dab7c6791f34f5cbc96567f3b9,1,15.0,1790967661,False,0,0.0,,False,0.0,0.0,0.0,0.0,0.0,0.0,Unredeemed,,,,0.0,-15.0,-1.0,False,True
gVLAD Launch,LAUNCH,,0x9b2515a0aa5e5cfbeebd50b2c6c0cbafb3fe77e7,1,15.0,1790960371,False,0,0.0,,False,0.0,0.0,0.0,0.0,0.0,0.0,Unredeemed,,,,0.0,-15.0,-1.0,False,True
gVLAD Launch,LAUNCH,,0x9b2fd05649a0ee0d91094bc08b92a3b60298692e,1,15.0,1790958062,False,0,0.0,,False,0.0,0.0,0.0,0.0,0.0,0.0,Unredeemed,,,,0.0,-15.0,-1.0,False,True
gVLAD Launch,LAUNCH,,0x9dfc5a871e56287313f98ef76b10eaed1e429b4b,1,15.0,1790958984,False,0,0.0,,False,0.0,0.0,0.0,0.0,0.0,0.0,Unredeemed,,,,0.0,-15.0,-1.0,False,True
gVLAD Launch,LAUNCH,,0x9f73e6579f9e13b0da069d460fe021c77b27436e,1,15.0,1790958061,False,0,0.0,,False,0.0,0.0,0.0,0.0,0.0,0.0,Unredeemed,,,,0.0,-15.0,-1.0,False,True
gVLAD Launch,LAUNCH,,0x9ff21445e728af4f3134b57f496e7f4dd8013e48,1,15.0,1790959411,False,0,0.0,,False,0.0,0.0,0.0,0.0,0.0,0.0,Unredeemed,,,,0.0,-15.0,-1.0,False,True
gVLAD Launch,LAUNCH,,0xa0d4805d1e7b4d35f962cd435be87571ddb80d97,1,15.0,1790958057,False,0,0.0,,False,0.0,0.0,0.0,0.0,0.0,0.0,Unredeemed,,,,0.0,-15.0,-1.0,False,True
gVLAD Launch,LAUNCH,,0xa18e759b0a83b7ee4432be7413b3127a9b6e8075,1,15.0,1790958120,False,0,0.0,,False,0.0,0.0,0.0,0.0,0.0,0.0,Unredeemed,,,,0.0,-15.0,-1.0,False,True
gVLAD Launch,LAUNCH,gVLAD,0xa3f3aaee4be7302bc37683fbd983ec30d0706b7f,1,15.0,1790962754,True,1,24999.999999999996,1790962797.0,True,24999.0,13.087254152968775,3.999999999985449e-05,0.9999600000000002,12.123089999999998,0.00048492359999823583,Flipper,1790962941.0,0.04,0x API (Matcha/Rabby),0.00048492359999823583,-1.9127458470312249,-0.1274840615620818,False,True
gVLAD Launch,LAUNCH,,0xa84f8eac13b6bd3756fc6a2cd6edaff2e7197444,1,15.0,1790959408,False,0,0.0,,False,0.0,0.0,0.0,0.0,0.0,0.0,Unredeemed,,,,0.0,-15.0,-1.0,False,True
gVLAD Launch,LAUNCH,gVLAD,0xa8cff29431eb3470d582e3458aebe9dea47c59c9,1,15.0,1790958059,True,1,40000.0,1790958235.0,False,0.0,0.0,1.0,0.0,19.396944,19.396944,Holder,,,,205.10580456399174,-15.0,12.673720304266116,False,True
gVLAD Launch,LAUNCH,,0xaa58e52bcecd1e3805a7ca799f14f06307f0927a,1,15.0,1790958077,False,0,0.0,,False,0.0,0.0,0.0,0.0,0.0,0.0,Unredeemed,,,,0.0,-15.0,-1.0,False,True
gVLAD Launch,LAUNCH,,0xaab1dc6c5e63ad528f7d510f11f7191dbcd6552b,1,15.0,1790958327,False,0,0.0,,False,0.0,0.0,0.0,0.0,0.0,0.0,Unredeemed,,,,0.0,-15.0,-1.0,False,True
gVLAD Launch,LAUNCH,gVLAD,0xadc9994f09588fac09933731db4bf3a2ca0cea79,1,15.0,1790958866,True,1,24999.999999999996,1790958891.0,True,24999.999999999996,13.521402038214763,0.0,1.0,12.123089999999998,0.0,Flipper,1790959038.0,0.04083333333333333,Bots / Direct,0.0,-1.478597961785237,-0.09857319745234916,False,True
gVLAD Launch,LAUNCH,,0xae4b59fbd28eeae34f9f350c39153806e694b76e,1,15.0,1790958062,False,0,0.0,,False,0.0,0.0,0.0,0.0,0.0,0.0,Unredeemed,,,,0.0,-15.0,-1.0,False,True
gVLAD Launch,LAUNCH,,0xb033f119a9ed1ebb9a628861ced9e3b636742069,1,15.0,1790958046,False,0,0.0,,False,0.0,0.0,0.0,0.0,0.0,0.0,Unredeemed,,,,0.0,-15.0,-1.0,True,True
gVLAD Launch,LAUNCH,,0xb0d1f1a39166977d5d9c846803dd114f86397b16,1,15.0,1790958642,False,0,0.0,,False,0.0,0.0,0.0,0.0,0.0,0.0,Unredeemed,,,,0.0,-15.0,-1.0,False,True
gVLAD Launch,LAUNCH,,0xb280b53774b229252e51a540ae34b2380fafbc45,1,15.0,1790958114,False,0,0.0,,False,0.0,0.0,0.0,0.0,0.0,0.0,Unredeemed,,,,0.0,-15.0,-1.0,False,True
gVLAD Launch,LAUNCH,,0xb28abd03711d4d563828d6d196f714cce0106274,1,15.0,1790958148,False,0,0.0,,False,0.0,0.0,0.0,0.0,0.0,0.0,Unredeemed,,,,0.0,-15.0,-1.0,False,True
gVLAD Launch,LAUNCH,,0xb30dd4726c70b595704c117c5c4c824f6b6a9393,1,15.0,1790962473,False,0,0.0,,False,0.0,0.0,0.0,0.0,0.0,0.0,Unredeemed,,,,0.0,-15.0,-1.0,False,True
gVLAD Launch,LAUNCH,,0xb3b550e0a844705310639cb343ddec7354facc0d,1,15.0,1790958334,False,0,0.0,,False,0.0,0.0,0.0,0.0,0.0,0.0,Unredeemed,,,,0.0,-15.0,-1.0,True,True
gVLAD Launch,LAUNCH,,0xb3bf33014e6a86e97ee9fff72fe784fd5c37f429,1,15.0,1791068329,False,0,0.0,,False,0.0,0.0,0.0,0.0,0.0,0.0,Unredeemed,,,,0.0,-15.0,-1.0,False,True
gVLAD Launch,LAUNCH,gVLAD,0xb6bd8add47d3b1679df9a63286d4636dac7448b0,1,15.0,1790958202,True,1,24999.999999999996,1790958231.0,True,24999.999999999996,13.782823820032082,1.4551915228366855e-16,0.9999999999999999,12.123089999999998,1.764141779858619e-15,Flipper,1791053382.0,26.430833333333332,Fomo,0.0,-1.2171761799679182,-0.08114507866452791,False,True
gVLAD Launch,LAUNCH,,0xb84ffc5a7e1d19340a3bb79c1d14cf574566fe81,1,15.0,1790958074,False,0,0.0,,False,0.0,0.0,0.0,0.0,0.0,0.0,Unredeemed,,,,0.0,-15.0,-1.0,False,True
gVLAD Launch,LAUNCH,gVLAD,0xb8b60d295e7b69ea01df49e24a268da0692cbedf,1,15.0,1790967587,True,1,24999.999999999996,1790967605.0,False,0.0,0.0,1.0,0.0,12.123089999999998,12.123089999999998,Holder,,,,19668.00127744517,-15.0,1310.2000851630114,False,True
gVLAD Launch,LAUNCH,,0xb8d5da4e2afb4e6c7ab0f5576b4a7a3473379741,1,15.0,1790976275,False,0,0.0,,False,0.0,0.0,0.0,0.0,0.0,0.0,Unredeemed,,,,0.0,-15.0,-1.0,True,True
gVLAD Launch,LAUNCH,gVLAD,0xbb36765bfbf75a31054c1525219b998b2e6f5d10,1,15.0,1790958055,True,1,24999.999999999996,1790958299.0,False,0.0,0.0,1.0,0.0,12.123089999999998,12.123089999999998,Holder,,,,67.9800263365761,-15.0,3.5320017557717405,False,True
gVLAD Launch,LAUNCH,,0xbc45d4efbee9d286f478c5ba2935ef4698b11552,1,15.0,1790959604,False,0,0.0,,False,0.0,0.0,0.0,0.0,0.0,0.0,Unredeemed,,,,0.0,-15.0,-1.0,True,True
gVLAD Launch,LAUNCH,,0xbec2c1ca116a832f4ddab165000610ee850fd338,1,15.0,1790958061,False,0,0.0,,False,0.0,0.0,0.0,0.0,0.0,0.0,Unredeemed,,,,0.0,-15.0,-1.0,False,True
gVLAD Launch,LAUNCH,,0xc4517c6648898aa73062890c6a721cd88a6a7313,1,15.0,1790958077,False,0,0.0,,False,0.0,0.0,0.0,0.0,0.0,0.0,Unredeemed,,,,0.0,-15.0,-1.0,False,True
gVLAD Launch,LAUNCH,,0xc6eaacaa6de1b7c98ff558da46e0bbd62a333885,1,15.0,1790958129,False,0,0.0,,False,0.0,0.0,0.0,0.0,0.0,0.0,Unredeemed,,,,0.0,-15.0,-1.0,False,True
gVLAD Launch,LAUNCH,,0xc6fac2424e017e1b789651a82018d2cc8623653f,1,15.0,1790958064,False,0,0.0,,False,0.0,0.0,0.0,0.0,0.0,0.0,Unredeemed,,,,0.0,-15.0,-1.0,False,True
gVLAD Launch,LAUNCH,,0xc883c0c0726bbcaa322de3ce86909596fa0834af,1,15.0,1790958095,False,0,0.0,,False,0.0,0.0,0.0,0.0,0.0,0.0,Unredeemed,,,,0.0,-15.0,-1.0,True,True
gVLAD Launch,LAUNCH,,0xc9174488d99af3e5c6f22caf7f03ef0080b26824,1,15.0,1790958059,False,0,0.0,,False,0.0,0.0,0.0,0.0,0.0,0.0,Unredeemed,,,,0.0,-15.0,-1.0,False,True
gVLAD Launch,LAUNCH,gVLAD,0xc9f19bce748444ec3d9ebf764c4bbc4e799f2a28,1,15.0,1790958068,True,1,24999.999999999996,1790958110.0,True,24999.0,13.597260988876783,3.999999999985449e-05,0.9999600000000002,12.123089999999998,0.00048492359999823583,Flipper,1790958132.0,0.006111111111111111,0x API (Matcha/Rabby),0.00048492359999823583,-1.4027390111232165,-0.09348360583488124,False,True
gVLAD Launch,LAUNCH,,0xcadb43cc179801dadad9e9041c7565f528940a0d,1,15.0,1790979550,False,0,0.0,,False,0.0,0.0,0.0,0.0,0.0,0.0,Unredeemed,,,,0.0,-15.0,-1.0,False,True
gVLAD Launch,LAUNCH,,0xcbbcdc02613148258f1e39294517b4fdfd15b7c6,1,15.0,1790958472,False,0,0.0,,False,0.0,0.0,0.0,0.0,0.0,0.0,Unredeemed,,,,0.0,-15.0,-1.0,False,True
gVLAD Launch,LAUNCH,,0xcd60d10d9aefdb480aa38a592e759a44dca502b1,1,15.0,1790958141,False,0,0.0,,False,0.0,0.0,0.0,0.0,0.0,0.0,Unredeemed,,,,0.0,-15.0,-1.0,False,True
gVLAD Launch,LAUNCH,,0xcd70f2e90a979338476447021e4879935dd5555a,1,15.0,1790974568,False,0,0.0,,False,0.0,0.0,0.0,0.0,0.0,0.0,Unredeemed,,,,0.0,-15.0,-1.0,False,True
gVLAD Launch,LAUNCH,,0xcdb76d26908d00c50dd9c9eb6b0fc4eff7d9b3bd,1,15.0,1790958502,False,0,0.0,,False,0.0,0.0,0.0,0.0,0.0,0.0,Unredeemed,,,,0.0,-15.0,-1.0,False,True
gVLAD Launch,LAUNCH,,0xd34ee7d8fe01cc90ccd5d1f4efd9630087b8fd88,1,15.0,1790979664,False,0,0.0,,False,0.0,0.0,0.0,0.0,0.0,0.0,Unredeemed,,,,0.0,-15.0,-1.0,False,True
gVLAD Launch,LAUNCH,,0xd60b8d278a98e068eaf3508e95cf1b0089961288,1,15.0,1790960917,False,0,0.0,,False,0.0,0.0,0.0,0.0,0.0,0.0,Unredeemed,,,,0.0,-15.0,-1.0,False,True
gVLAD Launch,LAUNCH,,0xd612d0b07027d7505fced8e01ed89438450d2b83,1,15.0,1790958116,False,0,0.0,,False,0.0,0.0,0.0,0.0,0.0,0.0,Unredeemed,,,,0.0,-15.0,-1.0,False,True
gVLAD Launch,LAUNCH,,0xd76d82d4f7348004a07ed1de05f20cc74355ee2e,1,15.0,1790958347,False,0,0.0,,False,0.0,0.0,0.0,0.0,0.0,0.0,Unredeemed,,,,0.0,-15.0,-1.0,False,True
gVLAD Launch,LAUNCH,,0xd8bb42fb12a6660b0344fb84404fd60eec663e7e,1,15.0,1791053307,False,0,0.0,,False,0.0,0.0,0.0,0.0,0.0,0.0,Unredeemed,,,,0.0,-15.0,-1.0,False,True
gVLAD Launch,LAUNCH,gVLAD,0xdd3014109ecb84d7b5ee26052b5489084b58123e,1,15.0,1790958064,True,1,24999.999999999996,1790958091.0,False,0.0,0.0,1.0,0.0,12.123089999999998,12.123089999999998,Holder,,,,522.6015320854964,-15.0,33.84010213903309,True,True
gVLAD Launch,LAUNCH,,0xe095ba55a62cd627eb9db0c93e65b77e07fce073,1,15.0,1790958058,False,0,0.0,,False,0.0,0.0,0.0,0.0,0.0,0.0,Unredeemed,,,,0.0,-15.0,-1.0,False,True
gVLAD Launch,LAUNCH,,0xe24936e883d5d986e3c56512f59c4675a004db2e,1,15.0,1790958061,False,0,0.0,,False,0.0,0.0,0.0,0.0,0.0,0.0,Unredeemed,,,,0.0,-15.0,-1.0,False,True
gVLAD Launch,LAUNCH,,0xe2a8f2b1508db783cbd8e85057181b9ec1219dec,1,15.0,1790959024,False,0,0.0,,False,0.0,0.0,0.0,0.0,0.0,0.0,Unredeemed,,,,0.0,-15.0,-1.0,False,True
gVLAD Launch,LAUNCH,,0xe6786b71a8c6733daecc8d6b340ac7c4bdd03f95,1,15.0,1790958065,False,0,0.0,,False,0.0,0.0,0.0,0.0,0.0,0.0,Unredeemed,,,,0.0,-15.0,-1.0,True,True
gVLAD Launch,LAUNCH,gVLAD,0xe72013c9b98286a70bd5d9c6e42ddda285c577a7,1,15.0,1791054093,True,1,24999.999999999996,1791054229.0,False,0.0,0.0,1.0,0.0,12.123089999999998,12.123089999999998,Holder,,,,12.123089999999998,-15.0,-0.19179400000000013,False,True
gVLAD Launch,LAUNCH,,0xe7b696dcb50c12c9d107a9d2f99ee35cfbdc7260,1,15.0,1790960295,False,0,0.0,,False,0.0,0.0,0.0,0.0,0.0,0.0,Unredeemed,,,,0.0,-15.0,-1.0,False,True
gVLAD Launch,LAUNCH,,0xeb3c20a9fd5574f7a3c633f6b47ea4b2411b3320,1,15.0,1790960300,False,0,0.0,,False,0.0,0.0,0.0,0.0,0.0,0.0,Unredeemed,,,,0.0,-15.0,-1.0,False,True
gVLAD Launch,LAUNCH,,0xef17179557b3e2932807d0fecab6bbfcf0dcfc8b,1,15.0,1790958245,False,0,0.0,,False,0.0,0.0,0.0,0.0,0.0,0.0,Unredeemed,,,,0.0,-15.0,-1.0,False,True
gVLAD Launch,LAUNCH,gVLAD,0xf176dc0a5750c977eb7c9622d2d02bf5a0ce0e7b,1,15.0,1790958163,True,1,40000.0,1790958195.0,True,40000.0,21.82159312452783,0.0,1.0,19.396944,0.0,Flipper,1790958217.0,0.006111111111111111,Fomo,0.0,6.82159312452783,0.45477287496852203,False,True
gVLAD Launch,LAUNCH,,0xf27c10488b579e5bcd6ec8cc2922315c2d799c6f,1,15.0,1790958060,False,0,0.0,,False,0.0,0.0,0.0,0.0,0.0,0.0,Unredeemed,,,,0.0,-15.0,-1.0,False,True
gVLAD Launch,LAUNCH,,0xf38e04d7663b6162f9a1fc923ab5faff45c11a34,1,15.0,1790958218,False,0,0.0,,False,0.0,0.0,0.0,0.0,0.0,0.0,Unredeemed,,,,0.0,-15.0,-1.0,False,True
gVLAD Launch,LAUNCH,gVLAD,0xf687bbb975953e8c8198bbc264f5380545f867ea,1,15.0,1790958550,True,1,40000.0,1790958616.0,False,28000.0,15.450588001019332,1.0,0.0,19.396944,19.396944,Holder,1790958663.0,0.013055555555555556,Fomo,203.49178188080384,0.45058800101933194,13.596157992121544,True,True
gVLAD Launch,LAUNCH,,0xf6b48ed91717471a0f9cbf5dad071d77fe62d12f,1,15.0,1790958050,False,0,0.0,,False,0.0,0.0,0.0,0.0,0.0,0.0,Unredeemed,,,,0.0,-15.0,-1.0,False,True
gVLAD Launch,LAUNCH,,0xf70fa1b8443c620ca7d43a9d17f4bde8b09031cc,1,15.0,1790958090,False,0,0.0,,False,0.0,0.0,0.0,0.0,0.0,0.0,Unredeemed,,,,0.0,-15.0,-1.0,False,True
gVLAD Launch,LAUNCH,,0xf88353e6b33d1f9f6f325dbcbb697ddd0be3bd5c,1,15.0,1790958113,False,0,0.0,,False,0.0,0.0,0.0,0.0,0.0,0.0,Unredeemed,,,,0.0,-15.0,-1.0,False,True
gVLAD Launch,LAUNCH,gVLAD,0xf9618f5eef7ab2ade5da71508e73ff5f1df6fc4b,1,15.0,1790958991,True,1,40000.0,1790959250.0,True,40000.0,21.639951393065452,0.0,1.0,19.396944,0.0,Flipper,1790959287.0,0.010277777777777778,Fomo,0.0,6.639951393065452,0.4426634262043634,False,True
gVLAD Launch,LAUNCH,,0xf9640ac4e36b8abddbe85a383e2354942128f22a,1,15.0,1790958339,False,0,0.0,,False,0.0,0.0,0.0,0.0,0.0,0.0,Unredeemed,,,,0.0,-15.0,-1.0,False,True
gVLAD Launch,LAUNCH,gVLAD,0xfb2a620a4829f85710562299285e9a6ae6182027,1,15.0,1790958058,True,1,40000.0,1790958078.0,True,53359.22486193202,29.0312528069469,0.23247837152853681,0.7675216284714632,19.396944,4.509369953750223,Partial seller,1790958097.0,0.005277777777777778,Fomo,4.509369953750225,14.031252806946899,1.2360415173798085,False,True
gVLAD Launch,LAUNCH,,0xfb9c065a59239f0b91f112dab22bb2810a238d7e,1,15.0,1790959549,False,0,0.0,,False,0.0,0.0,0.0,0.0,0.0,0.0,Unredeemed,,,,0.0,-15.0,-1.0,False,True
gVLAD Launch,LAUNCH,,0xff1768d49e21f3a07c579569bf0315e2fba12b7c,1,15.0,1790958065,False,0,0.0,,False,0.0,0.0,0.0,0.0,0.0,0.0,Unredeemed,,,,0.0,-15.0,-1.0,False,True
