wallet,n_launches,first_buy_ts,roi,packs,series,spent,redeemed_any,sold_any,avg_pct_sold,kept_pct,sold_usdc,holding_value,sniper,sniper_tag,trader_volume,trader_pnl,primary_venue,usage,tag
0x2a52ac190a84e935246202e529aed50b41c8731c,8,1781015885,20.85473169817095,20,ALLEN LAUNCH;COOP LAUNCH;ELON LAUNCH;JENSEN LAUNCH;KAI LAUNCH;SWIFT LAUNCH;Vitalik Launch;World Cup 2026,921.0,True,True,0.9979810752732902,0.00201892472670989,20049.232806015214,78.9750880002321,True,Sniper,102294.46154406495,27525.83591384926,OKX Wallet,Grail app + external,Flipper
0xdd3014109ecb84d7b5ee26052b5489084b58123e,9,1781015909,19.93094426050779,21,ALLEN LAUNCH;COOP LAUNCH;ELON LAUNCH;Founder;JENSEN LAUNCH;KAI LAUNCH;SWIFT LAUNCH;Vitalik Launch;World Cup 2026,921.0,True,True,0.5625408732911401,0.43745912670885984,13182.366433699099,6095.033230228573,True,Sniper,76150.80552329002,7752.87155113219,OKX Wallet,Grail app + external,Partial seller
0x7b2adeee812f2fde59a60ccd958226d1c9c82694,9,1781015901,18.24625383382465,17,ALLEN LAUNCH;COOP LAUNCH;ELON LAUNCH;Founder;KAI LAUNCH;KIRK LAUNCH;SWIFT LAUNCH;Vitalik Launch;World Cup 2026,771.0,True,True,0.9045503899778176,0.0954496100221824,4357.690661,10481.171044878805,True,Sniper,33955.4604950298,12349.907750204455,Grail,Grail app + external,Partial seller
0xb3b550e0a844705310639cb343ddec7354facc0d,7,1781017905,0.6465912745833973,18,COOP LAUNCH;ELON LAUNCH;JENSEN LAUNCH;KIRK LAUNCH;SWIFT LAUNCH;Vitalik Launch;World Cup 2026,755.0,True,True,0.9943197652735927,0.005680234726407369,1209.766099,33.41031331046505,True,Sniper,3654.6119975012653,1244.8247450262807,Grail,Grail app + external,Flipper
0x0dd29a896e1f200efdf2f6df76d27e23df04413d,9,1781015873,6.65721219633232,19,ALLEN LAUNCH;COOP LAUNCH;ELON LAUNCH;JENSEN LAUNCH;KAI LAUNCH;KIRK LAUNCH;SWIFT LAUNCH;Vitalik Launch;World Cup 2026,741.0,True,True,0.9941825589209746,0.0058174410790253536,5653.518776149949,20.475461332299062,False,,14087.73299142841,1379.2113359456605,Grail,Grail app + external,Flipper
0xf6b48ed91717471a0f9cbf5dad071d77fe62d12f,9,1781809777,1.155471432282103,19,ALLEN LAUNCH;COOP LAUNCH;Founder;JENSEN LAUNCH;KAI LAUNCH;KIRK LAUNCH;SWIFT LAUNCH;Vitalik Launch;World Cup 2026,672.0,True,True,1.0,0.0,1448.476362,0.0004404935731178365,False,,8703.754411,795.2725963258002,Grail,Grail app + external,Flipper
0x4603fe6e2382da1bbfbb97e930d609524e3537d5,7,1781809979,50.78984213994262,18,ALLEN LAUNCH;COOP LAUNCH;Founder;JENSEN LAUNCH;KAI LAUNCH;KIRK LAUNCH;World Cup 2026,616.0,True,True,0.29509558284493687,0.7049044171550631,25897.026942000004,6005.515816204652,False,,29700.999808023982,11046.151022118314,Grail,Grail app + external,Holder
0xa45111cdd1443e9f47e749ab714ace08915d3b45,8,1781015881,5.153501598564822,14,ALLEN LAUNCH;COOP LAUNCH;ELON LAUNCH;KAI LAUNCH;KIRK LAUNCH;SWIFT LAUNCH;Vitalik Launch;World Cup 2026,591.0,True,True,1.0,4.2819254351523324e-17,3636.4847671987936,0.23467755301623805,True,Sniper,10485.674702592501,1791.519043533666,BasedBot,Grail app + external,Flipper
0xf27c10488b579e5bcd6ec8cc2922315c2d799c6f,9,1781015891,32.561521807932195,21,ALLEN LAUNCH;COOP LAUNCH;ELON LAUNCH;Founder;JENSEN LAUNCH;KAI LAUNCH;KIRK LAUNCH;SWIFT LAUNCH;Vitalik Launch,588.0,True,True,0.46031384892096117,0.5396861510790388,6818.757688294238,12915.417134769894,False,,45308.742300342,8193.23148248285,Grail,Grail app + external,Holder
0x7bba0d9cb8a9333407c1bf4cfd3f0ac4baf0260c,5,1781015897,0.8159077697594503,9,COOP LAUNCH;ELON LAUNCH;KAI LAUNCH;SWIFT LAUNCH;World Cup 2026,582.0,True,True,0.9109523389260178,0.08904766107398218,959.526955,97.331367,False,,1116.6083436901838,661.3059038845556,OKX Wallet,Grail app + external,Partial seller
0xec9e512fe7e90134d8ca7295329ccb0a57c91ecb,7,1781015991,-0.9972127329037801,11,ALLEN LAUNCH;COOP LAUNCH;ELON LAUNCH;Founder;KAI LAUNCH;KIRK LAUNCH;World Cup 2026,582.0,False,False,0.0,0.0,0.0,1.62218945,False,,4376.616878,-1566.50574325963,Grail,Grail app + external,Unredeemed
0xf06ffe33bac0719eae891cb10e2a2e6e242a1266,4,1781016191,1.3775308275261322,8,COOP LAUNCH;ELON LAUNCH;KAI LAUNCH;World Cup 2026,574.0,True,True,1.0,0.0,1364.702695,0.0,True,Sniper,10823.880608,3324.6320923471994,BasedBot,Grail app + external,Flipper
0x2ab3694be4624f9bdc5ec86d6339e7b6aa2ee869,8,1781016081,1.2772305087555673,16,ALLEN LAUNCH;COOP LAUNCH;ELON LAUNCH;JENSEN LAUNCH;KAI LAUNCH;SWIFT LAUNCH;Vitalik Launch;World Cup 2026,561.0,True,True,0.9562194991713323,0.04378050082866774,1217.4109979613322,60.11531745054127,False,,1376.9420329806662,225.21869752801103,Grail,Grail app + external,Flipper
0xe24936e883d5d986e3c56512f59c4675a004db2e,8,1781015981,6.781362320083001,16,ALLEN LAUNCH;COOP LAUNCH;ELON LAUNCH;JENSEN LAUNCH;KAI LAUNCH;SWIFT LAUNCH;Vitalik Launch;World Cup 2026,561.0,True,True,0.7159787614482268,0.2840212385517732,641.256521,3724.0877405665638,False,,3881.345103,1126.891139058493,Grail,Grail app only,Partial seller
0xd60b8d278a98e068eaf3508e95cf1b0089961288,6,1781015985,2.1310011193977294,12,ELON LAUNCH;Founder;JENSEN LAUNCH;KAI LAUNCH;SWIFT LAUNCH;World Cup 2026,547.0,True,True,0.9989980150271075,0.0010019849728924515,1698.033945,14.623667310558119,False,,586.2140712736343,57.64244525460441,Fomo,External only,Flipper
0x6dbceebd111de65a57c0968c3bad37e930cef708,4,1781015883,0.4877088796296296,9,COOP LAUNCH;ELON LAUNCH;SWIFT LAUNCH;World Cup 2026,540.0,True,True,1.0,0.0,803.362795,0.0,False,,726.219708,367.3642230105652,GMGN,Grail app + external,Flipper
0x739ed8fa0036d3ae2a5bed0585ebbab31cceddce,9,1781015971,-0.9878346584165202,14,ALLEN LAUNCH;COOP LAUNCH;ELON LAUNCH;Founder;JENSEN LAUNCH;KAI LAUNCH;SWIFT LAUNCH;Vitalik Launch;World Cup 2026,528.0,False,False,0.0,0.0,0.0,6.42330035607737,False,,22.865669,17.139306731815765,Grail,Grail app + external,Unredeemed
0x25f547fc0db87305aae98aa27de88d30aa48c540,7,1782485627,0.36682257541805874,19,ALLEN LAUNCH;COOP LAUNCH;JENSEN LAUNCH;KAI LAUNCH;KIRK LAUNCH;SWIFT LAUNCH;Vitalik Launch,519.0,True,True,0.9990077960784404,0.0009922039215595885,686.6580320417055,22.722884600266948,False,,1170.4749941671628,579.4657812467092,Grail,Grail app + external,Flipper
0x2be60b0fb138479f7333086cc2460620436a110e,3,1781017849,-0.28676303455491337,7,ELON LAUNCH;Founder;World Cup 2026,519.0,True,True,0.5535538057628213,0.44644619423717874,119.114857,251.055128066,False,,119.114857,165.67579281235544,Grail,Grail app only,Partial seller
0x88e57735cd545d696377720c566f55701305de61,2,1781015955,-0.336517701840077,6,ELON LAUNCH;World Cup 2026,519.0,True,True,1.0,0.0,340.443443,3.9038697449999997,False,,1022.482129,-229.00255805356713,Grail,Grail app + external,Flipper
0xcd0a8f4a161bd70958c665c25ab3cf857872b672,3,1781809855,0.7157612384689926,8,KAI LAUNCH;SWIFT LAUNCH;World Cup 2026,516.0,True,True,1.0,0.0,880.9951660000002,4.33763305,False,,789.774555,-11.177126241138637,Grail,Grail app + external,Flipper
0xc9f19bce748444ec3d9ebf764c4bbc4e799f2a28,5,1781015895,1.6324009574075355,9,COOP LAUNCH;ELON LAUNCH;Founder;Vitalik Launch;World Cup 2026,509.0,True,True,0.9940213741727807,0.005978625827219257,1328.945894,10.946193320435636,False,,1203.987816,287.14709832732234,Other / Unknown,Grail app + external,Flipper
0x83a7a0f0d724e22cfe8463b41c1d959baca13c88,4,1781809877,121.53278684707354,8,COOP LAUNCH;Founder;KAI LAUNCH;World Cup 2026,505.0,True,True,0.09794097036212268,0.9020590296378773,797.624102,61081.433255772135,False,,32814.16493860578,26165.46721280078,Grail,Grail app + external,Holder
0xcdb76d26908d00c50dd9c9eb6b0fc4eff7d9b3bd,6,1782485749,0.38276706895121393,16,COOP LAUNCH;JENSEN LAUNCH;KAI LAUNCH;KIRK LAUNCH;SWIFT LAUNCH;Vitalik Launch,503.0,True,True,0.9864991571222839,0.013500842877716123,677.980085659698,17.551750022762526,False,,945.183279659698,509.53104833746266,Grail,Grail app + external,Flipper
0x68442253055c42961397da824511c61e531b7648,4,1781016531,1.1026612714432091,7,COOP LAUNCH;ELON LAUNCH;KAI LAUNCH;World Cup 2026,484.0,True,True,0.9611466410652402,0.03885335893475982,987.462929,30.225126378513167,False,,1039.083467,263.38386347764225,Grail,Grail app only,Flipper
0x10eece768bb80edb3679bed1a4031f6dacc9887e,7,1781016025,-0.13688466454352444,15,ALLEN LAUNCH;COOP LAUNCH;ELON LAUNCH;JENSEN LAUNCH;KAI LAUNCH;SWIFT LAUNCH;Vitalik Launch,471.0,True,True,0.9544963381357052,0.04550366186429477,365.568545,40.958778,False,,372.399657,300.5066942362433,Grail,Grail app + external,Flipper
0x214de9af3c0c3e39838e05aa6ab09e6a9bfca289,8,1781016007,-0.14925708704883223,16,ALLEN LAUNCH;COOP LAUNCH;ELON LAUNCH;Founder;JENSEN LAUNCH;KAI LAUNCH;SWIFT LAUNCH;Vitalik Launch,471.0,True,True,0.9624611157573545,0.03753888424264546,346.088208,54.611704,False,,349.736952,245.17920552233855,Grail,Grail app + external,Flipper
0x23631b12402fe1b2404fccfab01557269b0df108,9,1781015887,-0.8217771457194549,17,ALLEN LAUNCH;COOP LAUNCH;ELON LAUNCH;Founder;JENSEN LAUNCH;KAI LAUNCH;KIRK LAUNCH;SWIFT LAUNCH;Vitalik Launch,471.0,True,False,0.0,1.0,0.0,83.9429643661367,False,,351.206166,123.346962660839,0x API (Matcha/Rabby),External only,Holder
0x3ae3197be2385bf6295f7d19f03ab898d717fcfd,8,1781016001,-0.6270727239915075,16,ALLEN LAUNCH;COOP LAUNCH;ELON LAUNCH;Founder;JENSEN LAUNCH;KAI LAUNCH;SWIFT LAUNCH;Vitalik Launch,471.0,True,True,0.9656870777459167,0.03431292225408336,134.689969,40.958778,False,,132.281205,91.19742,Grail,Grail app + external,Flipper
0x534f757609e57ee164b929e0c50861559f9aa125,7,1781016035,-0.31864511252653926,15,ALLEN LAUNCH;COOP LAUNCH;ELON LAUNCH;JENSEN LAUNCH;KAI LAUNCH;SWIFT LAUNCH;Vitalik Launch,471.0,True,True,0.9668702862892552,0.03312971371074476,293.6123,27.305852,False,,307.255398,214.87709356715794,Grail,Grail app + external,Flipper
0x53991b9ce11a4a44b5ab2e59d790a14ac7c5df47,7,1781015993,-0.15181139915074304,15,ALLEN LAUNCH;COOP LAUNCH;ELON LAUNCH;JENSEN LAUNCH;KAI LAUNCH;SWIFT LAUNCH;Vitalik Launch,471.0,True,True,0.965634767244758,0.034365232755241955,372.190979,27.305852,False,,384.56271499999997,293.459667,Grail,Grail app only,Flipper
0x78bd9bae79c1bfbe3df3e7a67268a1922bd74c79,7,1781016013,-0.1588939918513801,15,ALLEN LAUNCH;COOP LAUNCH;ELON LAUNCH;JENSEN LAUNCH;KAI LAUNCH;SWIFT LAUNCH;Vitalik Launch,471.0,True,True,0.9707327806518282,0.02926721934817179,366.835586,29.325343838000002,False,,392.708458,290.083201838,Grail,Grail app only,Flipper
0x7f1d46e0803708586c2faac85310a449a89fc596,8,1781015915,1.002292185754723,16,ALLEN LAUNCH;COOP LAUNCH;ELON LAUNCH;Founder;JENSEN LAUNCH;KAI LAUNCH;SWIFT LAUNCH;Vitalik Launch,471.0,True,True,1.0,0.0,890.6546470000001,52.42497249047442,False,,2590.7918534025434,318.15611891027856,Grail,Grail app + external,Flipper
0x81c9eb47f4e3a66d7e0ee6e95d29da2542d66601,7,1781016017,2.8812957261146495,15,ALLEN LAUNCH;COOP LAUNCH;ELON LAUNCH;JENSEN LAUNCH;KAI LAUNCH;SWIFT LAUNCH;Vitalik Launch,471.0,True,True,0.9437093728628055,0.05629062713719442,505.949971,1322.140316,False,,517.881662,378.5793330295812,Grail,Grail app + external,Partial seller
0x9b2fd05649a0ee0d91094bc08b92a3b60298692e,8,1781016037,0.31646059354912914,16,ALLEN LAUNCH;COOP LAUNCH;ELON LAUNCH;Founder;JENSEN LAUNCH;KAI LAUNCH;SWIFT LAUNCH;Vitalik Launch,471.0,True,True,0.96066188680728,0.03933811319272,565.441028,54.611911561639914,False,,568.329461,459.67115989497324,Grail,Grail app + external,Flipper
0x9f73e6579f9e13b0da069d460fe021c77b27436e,8,1781016299,-0.33063851592356697,16,ALLEN LAUNCH;COOP LAUNCH;ELON LAUNCH;Founder;JENSEN LAUNCH;KAI LAUNCH;SWIFT LAUNCH;Vitalik Launch,471.0,True,True,0.9447355540166203,0.05526444598337968,248.56664399999997,66.70261500000001,False,,235.21842099999998,177.12894373234755,Grail,Grail app only,Partial seller
0xae4b59fbd28eeae34f9f350c39153806e694b76e,8,1781015987,2.1061739251026705,16,ALLEN LAUNCH;COOP LAUNCH;ELON LAUNCH;Founder;JENSEN LAUNCH;KAI LAUNCH;SWIFT LAUNCH;Vitalik Launch,471.0,True,True,0.9279698839672633,0.07203011603273672,471.9885929999999,991.0193257233578,False,,466.983514,369.49637859642934,Grail,Grail app + external,Partial seller
0xc9174488d99af3e5c6f22caf7f03ef0080b26824,8,1781016009,-0.17910698301486194,16,ALLEN LAUNCH;COOP LAUNCH;ELON LAUNCH;Founder;JENSEN LAUNCH;KAI LAUNCH;SWIFT LAUNCH;Vitalik Launch,471.0,True,True,0.9653135185581267,0.03468648144187329,332.028907,54.611704,False,,330.073224,258.6461325,Grail,Grail app + external,Flipper
0xcd60d10d9aefdb480aa38a592e759a44dca502b1,8,1781015977,-1.0,16,ALLEN LAUNCH;COOP LAUNCH;ELON LAUNCH;JENSEN LAUNCH;KAI LAUNCH;KIRK LAUNCH;SWIFT LAUNCH;Vitalik Launch,471.0,False,False,0.0,0.0,0.0,0.0,False,,0.0,0.0,No swaps,No swaps,Unredeemed
0xe095ba55a62cd627eb9db0c93e65b77e07fce073,8,1781015985,-0.07424983864118895,16,ALLEN LAUNCH;COOP LAUNCH;ELON LAUNCH;Founder;JENSEN LAUNCH;KAI LAUNCH;SWIFT LAUNCH;Vitalik Launch,471.0,True,True,0.9589843959172127,0.0410156040827873,381.41662199999996,54.611704,False,,407.845237,270.78530166666667,Grail,Grail app only,Flipper
0x11b4486c93c42eaf7bdd782679fb20c709901af4,8,1781015901,5.1484852897584465,15,ALLEN LAUNCH;COOP LAUNCH;ELON LAUNCH;Founder;JENSEN LAUNCH;KAI LAUNCH;SWIFT LAUNCH;Vitalik Launch,463.0,True,True,0.260236284474228,0.739763715525772,582.107117,2264.6415721581607,False,,1551.1191215087326,651.8167292761339,Grail,Grail app + external,Holder
0x84125eee20d26781c216140e7c1cabc535d3b8b5,7,1781015939,0.9960671582417584,14,COOP LAUNCH;ELON LAUNCH;Founder;JENSEN LAUNCH;KAI LAUNCH;SWIFT LAUNCH;Vitalik Launch,455.0,True,True,1.0,0.0,908.2105570000001,0.0,False,,634.4728660000001,80.65329509120055,Grail,Grail app + external,Flipper
0xbec2c1ca116a832f4ddab165000610ee850fd338,7,1781015923,2.3636767304831645,14,COOP LAUNCH;ELON LAUNCH;Founder;JENSEN LAUNCH;KAI LAUNCH;SWIFT LAUNCH;Vitalik Launch,455.0,True,True,0.9962031021641155,0.0037968978358845274,1523.4445420000002,7.0283703698395845,False,,5814.214201902859,390.66500237588906,OKX Wallet,Grail app + external,Flipper
0x228ed9b05e3fcae469e446977dcc0092a87ca20d,5,1781017211,3.996404600153012,12,ELON LAUNCH;JENSEN LAUNCH;KAI LAUNCH;SWIFT LAUNCH;Vitalik Launch,450.0,True,True,0.9774726496595452,0.022527350340454846,2231.515541004715,16.866529064140376,False,,3917.0486480047152,742.0813123521568,Grail,Grail app + external,Flipper
0xb033f119a9ed1ebb9a628861ced9e3b636742069,5,1781015975,11.250512913117172,12,ELON LAUNCH;JENSEN LAUNCH;KAI LAUNCH;SWIFT LAUNCH;Vitalik Launch,450.0,True,True,0.9930961539649685,0.006903846035031487,3817.0917784233825,1695.6390324793447,True,Sniper,9629.758497523575,1163.1725268940586,Grail,Grail app + external,Flipper
0xc883c0c0726bbcaa322de3ce86909596fa0834af,5,1781017113,13.739247452632826,12,ELON LAUNCH;JENSEN LAUNCH;KAI LAUNCH;SWIFT LAUNCH;Vitalik Launch,450.0,True,True,0.9937351681223282,0.006264831877671813,6617.412682466106,15.248671218665582,True,Sniper,17920.813246473885,3914.3123477749205,Grail,Grail app + external,Flipper
0xf88353e6b33d1f9f6f325dbcbb697ddd0be3bd5c,7,1781016999,0.03319376752406211,13,COOP LAUNCH;ELON LAUNCH;Founder;JENSEN LAUNCH;KAI LAUNCH;SWIFT LAUNCH;Vitalik Launch,447.0,False,False,0.0,0.0,153.02758699999998,308.8100270832558,False,,596.3002379999999,261.3061165265405,Other / Unknown,Grail app + external,Unredeemed
0xa84f8eac13b6bd3756fc6a2cd6edaff2e7197444,10,1781015999,1.888970637812248,14,ALLEN LAUNCH;COOP LAUNCH;ELON LAUNCH;Founder;JENSEN LAUNCH;KAI LAUNCH;KIRK LAUNCH;SWIFT LAUNCH;Vitalik Launch;World Cup 2026,441.0,True,True,0.9241793100808254,0.07582068991917457,894.858386,379.1776652752013,False,,874.747669,140.83629172016924,Grail,Grail app only,Partial seller
0x2392591009f80b4582401e7540a1192aa8b917cc,7,1781015973,30.983383177639197,14,ALLEN LAUNCH;COOP LAUNCH;ELON LAUNCH;Founder;KAI LAUNCH;KIRK LAUNCH;Vitalik Launch,430.0,True,False,0.0,1.0,390.852605,13362.002161384855,False,,92166.11705802276,25283.8224640985,Grail,Grail app + external,Holder
0xc6eaacaa6de1b7c98ff558da46e0bbd62a333885,8,1781015883,3.92030549463594,14,ALLEN LAUNCH;COOP LAUNCH;ELON LAUNCH;Founder;JENSEN LAUNCH;KAI LAUNCH;SWIFT LAUNCH;Vitalik Launch,411.0,True,True,0.9765061463702741,0.023493853629725912,1959.1193890000002,63.12616929537126,False,,35060.539287,6374.747705270791,Grail,Grail app + external,Flipper
0x4f240578aabc8d80ecc6bffd17387d75640412a6,8,1781015933,2.33654325319621,14,ALLEN LAUNCH;COOP LAUNCH;ELON LAUNCH;Founder;JENSEN LAUNCH;KAI LAUNCH;SWIFT LAUNCH;Vitalik Launch,408.0,True,True,0.7738254068318025,0.22617459316819757,941.0733241490535,420.23632315500004,True,Sniper,1463.097105878302,673.5729596096332,OKX Wallet,Grail app + external,Partial seller
0xf70fa1b8443c620ca7d43a9d17f4bde8b09031cc,5,1781016377,21.220734172423423,12,COOP LAUNCH;ELON LAUNCH;JENSEN LAUNCH;SWIFT LAUNCH;Vitalik Launch,405.0,True,True,0.45347784357898735,0.5465221564210127,4166.512417854709,4832.884921976777,False,,11157.280610553078,2587.154820495163,Grail,Grail app + external,Holder
0x630f77a10e249327a11ca3f43941d02e98b1f889,7,1781016023,1.2603807897696808,10,ALLEN LAUNCH;COOP LAUNCH;ELON LAUNCH;KAI LAUNCH;SWIFT LAUNCH;Vitalik Launch;World Cup 2026,403.0,True,True,0.8419263271717379,0.15807367282826207,757.5558310000001,153.3776272771812,False,,876.702975,546.4954325232751,Grail,Grail app only,Partial seller
0x5f4d14f966f5098aa7b529ea3510343a8281399e,6,1782485451,-0.6638301641791045,14,ALLEN LAUNCH;COOP LAUNCH;JENSEN LAUNCH;KAI LAUNCH;SWIFT LAUNCH;Vitalik Launch,402.0,True,True,0.9468263875782141,0.05317361242178586,107.83442199999999,27.305852,False,,125.02649299999999,98.08863299999999,Grail,Grail app + external,Partial seller
0x7eb84dda9d85495520f8755e816afa59ecb9966f,6,1781016709,0.8595436290547265,8,COOP LAUNCH;ELON LAUNCH;KAI LAUNCH;KIRK LAUNCH;SWIFT LAUNCH;World Cup 2026,402.0,True,True,1.0,0.0,740.5963260000001,6.94021288,False,,597.9472440000001,238.79933816966243,Grail,Grail app only,Flipper
0x7502e404dc96580157ffbc37504c5d88a2369a80,7,1781015903,0.2870884014388606,11,ALLEN LAUNCH;COOP LAUNCH;ELON LAUNCH;JENSEN LAUNCH;KAI LAUNCH;SWIFT LAUNCH;Vitalik Launch,395.0,True,True,1.0,0.0,508.39505199999996,0.004866568350000184,False,,582.306443,400.65938956835,Grail,Grail app + external,Flipper
0x5c357af017c471d950cc8915bd97e2ae8c989b92,7,1781016303,9.442476326877792,12,COOP LAUNCH;ELON LAUNCH;Founder;JENSEN LAUNCH;KAI LAUNCH;SWIFT LAUNCH;Vitalik Launch,392.0,True,True,0.9940621188479114,0.0059378811520885985,4063.9220083555265,29.528711780567836,False,,5854.111342221211,962.2124066206053,Grail,Grail app + external,Flipper
0x5b899f5bd0ad9773ca7e7d73d787bb776f7c4d6e,8,1781015889,5.951499132460554,10,ALLEN LAUNCH;COOP LAUNCH;ELON LAUNCH;Founder;KAI LAUNCH;KIRK LAUNCH;Vitalik Launch;World Cup 2026,387.0,True,True,1.0,0.0,628.3810550000001,2061.8491092622344,False,,3707.52208,1372.8680238008671,Grail,Grail app only,Flipper
0x41bdc352898f8e5ed66842e0a9824628225817d7,6,1781016541,4.469923882057458,11,COOP LAUNCH;ELON LAUNCH;Founder;JENSEN LAUNCH;KAI LAUNCH;Vitalik Launch,384.0,True,True,0.998059016265853,0.0019409837341469215,2067.8217417997666,32.62902891029719,False,,4548.629952631698,1244.3728986783208,Grail,Grail app + external,Flipper
0xa8cff29431eb3470d582e3458aebe9dea47c59c9,5,1781018221,1.4820719654088883,9,ELON LAUNCH;JENSEN LAUNCH;KAI LAUNCH;SWIFT LAUNCH;Vitalik Launch,382.0,True,True,0.8962618223837219,0.10373817761627814,889.8626156035343,58.28887518266096,False,,1689.0165041114888,370.3763356162666,Grail,Grail app + external,Partial seller
0x0b00ef608b84a25b647a873931580be96ed31cf4,6,1781016255,-1.0,10,COOP LAUNCH;ELON LAUNCH;Founder;JENSEN LAUNCH;KAI LAUNCH;Vitalik Launch,379.0,False,False,0.0,0.0,0.0,0.0,False,,0.0,0.0,No swaps,No swaps,Unredeemed
0x04286290d9cb5b5aa6b7f4805bd764295726d214,6,1782485485,0.0350787453580903,15,ALLEN LAUNCH;COOP LAUNCH;KAI LAUNCH;KIRK LAUNCH;SWIFT LAUNCH;Vitalik Launch,377.0,True,True,1.0,0.0,390.224687,0.0,False,,607.5867683687759,176.71758696044196,Grail,Grail app + external,Flipper
0x75dc757da6c46fe5514c210f354b849cad6018b9,5,1781016265,1.2586091674198396,9,ELON LAUNCH;Founder;JENSEN LAUNCH;KAI LAUNCH;Vitalik Launch,374.0,True,True,1.0,0.0,840.5485940000001,4.171234615020029,False,,1004.120593,319.48454863847735,0x API (Matcha/Rabby),Grail app + external,Flipper
0xfecd0cb6ee16c61bc7e8c5c7a464f6b3a8f1a075,6,1781016243,4.9709821347545144,9,ALLEN LAUNCH;COOP LAUNCH;ELON LAUNCH;Founder;SWIFT LAUNCH;World Cup 2026,368.0,True,True,0.9999999999999999,5.893008384433456e-17,2190.357605,6.963820589661295,False,,2848.3406330000003,517.0746571361369,Grail,Grail app + external,Flipper
0x5c425da5f5b89aeae5f33bbfed30ce30f62a3d6d,8,1781015911,2.8973678569116217,14,ALLEN LAUNCH;COOP LAUNCH;ELON LAUNCH;Founder;JENSEN LAUNCH;KAI LAUNCH;SWIFT LAUNCH;Vitalik Launch,361.0,True,True,1.0,0.0,1406.9497963450954,0.0,False,,1030.342451329816,542.5862384970552,OKX Wallet,Grail app + external,Flipper
0x5e6a9572b19157facdfae5c9766c06fe01a1a611,8,1781015933,6.913545850737524,11,ALLEN LAUNCH;COOP LAUNCH;ELON LAUNCH;KAI LAUNCH;KIRK LAUNCH;SWIFT LAUNCH;Vitalik Launch;World Cup 2026,356.0,True,True,0.8751856991798491,0.1248143008201509,999.023954,1818.1983688625585,False,,1615.3787206532306,890.3688269634042,Grail,Grail app + external,Partial seller
0x453bc807bd51a4f62401fc599583422a2404736a,6,1783378865,1.166788993888305,13,ALLEN LAUNCH;COOP LAUNCH;Founder;KAI LAUNCH;KIRK LAUNCH;Vitalik Launch,353.0,True,True,0.9999999999999998,2.3684757858670006e-16,764.8725750000001,0.003939842571513564,True,Sniper,24360.426583241446,7502.972189158059,Grail,Grail app + external,Flipper
0xa18e759b0a83b7ee4432be7413b3127a9b6e8075,5,1782485583,3.0684155224688787,13,ALLEN LAUNCH;COOP LAUNCH;JENSEN LAUNCH;SWIFT LAUNCH;Vitalik Launch,352.0,True,True,0.998745338942803,0.001254661057196941,1430.848538589093,1.2337253199520843,False,,6352.689666836914,1251.9773920303574,Grail,Grail app + external,Flipper
0x0fceeab024973babfaaac1f452911b6cbaa75a68,7,1781016019,1.2032303979642394,11,ALLEN LAUNCH;COOP LAUNCH;ELON LAUNCH;JENSEN LAUNCH;KAI LAUNCH;SWIFT LAUNCH;Vitalik Launch,351.0,True,True,0.9825660904393062,0.017433909560693808,727.818686738603,45.51518294684507,False,,2533.8391493498875,446.28131401528856,OKX Wallet,Grail app + external,Flipper
0x2987825a138dd8f31189bee2550dc34d284077b7,4,1783382725,1.1106016289628347,10,Founder;KAI LAUNCH;KIRK LAUNCH;Vitalik Launch,340.0,True,False,0.0,1.0,0.0,717.6045538473638,True,Sniper,5937.088327113787,1038.744260239861,Grail,Grail app + external,Holder
0x7c7476762a112e4397658d888956f3d140e19a9b,3,1784588459,5.077283424128494,9,KAI LAUNCH;KIRK LAUNCH;Vitalik Launch,340.0,False,False,0.0,0.0,453.362349,1612.9140152036878,False,,8277.690579604538,8433.794181151716,Grail,Grail app + external,Unredeemed
0xb8d5da4e2afb4e6c7ab0f5576b4a7a3473379741,4,1783438455,46.188181416193764,10,Founder;KAI LAUNCH;KIRK LAUNCH;Vitalik Launch,340.0,True,False,0.0,1.0,1130.5040060000001,14913.477675505881,True,Serial sniper,75861.61482147222,23844.446822765167,Bots / Direct,Grail app + external,Holder
0xcd70f2e90a979338476447021e4879935dd5555a,4,1783382429,1.025457564713189,10,Founder;KAI LAUNCH;KIRK LAUNCH;Vitalik Launch,340.0,True,False,0.0,1.0,264.31642899999997,424.3391430024842,False,,4630.477054975375,1845.8254743664006,Grail,Grail app + external,Holder
0x61ef23e677afd042b34605a9c08fc806ac974703,6,1781016103,4.224151758164035,8,ELON LAUNCH;Founder;KAI LAUNCH;SWIFT LAUNCH;Vitalik Launch;World Cup 2026,335.0,True,True,0.6196313621602128,0.3803686378397872,1241.5386230000001,508.5522159849513,True,Serial sniper,2923.1788109999998,2232.2910182997234,Grail,Grail app + external,Partial seller
0x3c4113b60a5a8bc5b5939379b223331a55624afc,6,1781016111,7.877709066363279,10,ALLEN LAUNCH;COOP LAUNCH;ELON LAUNCH;KAI LAUNCH;KIRK LAUNCH;Vitalik Launch,330.0,True,True,0.9989670006568069,0.0010329993431931262,2921.9155550000005,7.728436899881078,False,,9421.804647500529,899.1336714294305,OKX Wallet,Grail app + external,Flipper
0xb6bd8add47d3b1679df9a63286d4636dac7448b0,7,1781015897,3.1873375091905265,10,COOP LAUNCH;ELON LAUNCH;Founder;KAI LAUNCH;KIRK LAUNCH;SWIFT LAUNCH;Vitalik Launch,330.0,True,True,1.0,0.0,1380.999634,0.8217440328736664,False,,29857.795283277854,3194.1050508110234,Grail,Grail app + external,Flipper
0x4b941bff84fccca7f0033a0331a3c5427dab2f0d,5,1782485563,0.4848680019450129,10,ALLEN LAUNCH;JENSEN LAUNCH;KAI LAUNCH;SWIFT LAUNCH;Vitalik Launch,329.0,True,True,0.9586276458533896,0.04137235414661041,459.252005,29.26956763990929,False,,536.078177,187.17573275179853,Grail,Grail app + external,Flipper
0xa0d4805d1e7b4d35f962cd435be87571ddb80d97,4,1781020137,2.7866595879412057,7,ELON LAUNCH;JENSEN LAUNCH;KAI LAUNCH;Vitalik Launch,319.0,True,True,0.9094856122213415,0.09051438777865844,1132.051721212792,75.89268734045265,False,,4179.964013496855,526.4284226481632,Grail,Grail app + external,Partial seller
0x52e2a414c65bd8ea41b6c5b5276ed9452ecad088,5,1782485549,-0.7388024336961994,9,COOP LAUNCH;JENSEN LAUNCH;KAI LAUNCH;SWIFT LAUNCH;Vitalik Launch,318.0,True,False,0.007073746496454092,0.9929262535035459,7.948491,75.11233508460857,False,,151.196637,129.7208049396719,Grail,Grail app + external,Holder
0xaf186526734e9038f21d2b0698ae02417c21cc70,5,1781015951,10.759878712409712,9,ALLEN LAUNCH;ELON LAUNCH;KAI LAUNCH;SWIFT LAUNCH;Vitalik Launch,316.0,True,True,0.9999999999999998,1.8360460927500998e-16,3715.243402,0.8782711214690689,False,,17447.717236014923,727.0209159344972,OKX Wallet,Grail app + external,Flipper
0x8d63d43e2c8279d6ae5790429bc3d480f850ce73,7,1781015929,2.9653011283364066,10,ALLEN LAUNCH;COOP LAUNCH;ELON LAUNCH;Founder;KAI LAUNCH;SWIFT LAUNCH;Vitalik Launch,313.0,True,True,0.9906678938649116,0.009332106135088418,1220.0953670000001,21.04388616929508,False,,8777.26305,1228.834439057307,Grail,Grail app + external,Flipper
0x97984422c7c31572c283f9429607471119c9b7f8,6,1781015887,0.9772146557714019,9,ALLEN LAUNCH;COOP LAUNCH;ELON LAUNCH;KAI LAUNCH;SWIFT LAUNCH;Vitalik Launch,313.0,True,True,0.9049033824430043,0.09509661755699568,551.3458410000001,67.52234625644867,False,,578.974456,453.93812305644866,Grail,Grail app only,Partial seller
0xb0d1f1a39166977d5d9c846803dd114f86397b16,8,1781015961,-0.11770923883181117,11,ALLEN LAUNCH;COOP LAUNCH;ELON LAUNCH;Founder;KAI LAUNCH;KIRK LAUNCH;SWIFT LAUNCH;Vitalik Launch,313.0,True,True,1.0,0.0,154.36646199999998,121.79054624564314,False,,1362.565523,437.1265442318164,Grail,Grail app only,Flipper
0xd612d0b07027d7505fced8e01ed89438450d2b83,6,1781015889,1.4944534791476132,9,ALLEN LAUNCH;COOP LAUNCH;ELON LAUNCH;KAI LAUNCH;SWIFT LAUNCH;Vitalik Launch,313.0,True,True,0.970388690381943,0.02961130961805706,755.445752,25.31818697320295,False,,842.8814610000001,672.2446302931751,Grail,Grail app only,Flipper
0xf7915670cd3a9c5f3fd69994a0955f275f6020d6,7,1781019947,2.952885615098261,10,ALLEN LAUNCH;COOP LAUNCH;ELON LAUNCH;Founder;KAI LAUNCH;SWIFT LAUNCH;Vitalik Launch,313.0,True,True,0.9992961063714922,0.0007038936285077862,1230.925379,6.327818525755714,False,,840.5868422233542,118.74241141605904,Grail,Grail app + external,Flipper
0xfe5d4f8e6bfdc08b5b0cacd8201d8f3aff1dbe6b,6,1781018783,0.5428079807244515,10,ALLEN LAUNCH;COOP LAUNCH;ELON LAUNCH;KIRK LAUNCH;SWIFT LAUNCH;World Cup 2026,311.0,True,True,1.0,2.387472802650517e-18,478.386925,1.4263570053043901,False,,3310.742984,172.8696832741862,Grail,Grail app + external,Flipper
0x10d3e40aeb8f01050b47ff606c9d19c013c7e938,6,1781015911,6.983569226705875,9,ALLEN LAUNCH;ELON LAUNCH;Founder;KAI LAUNCH;SWIFT LAUNCH;Vitalik Launch,308.0,True,True,1.0,0.0,2458.937787,0.0015348254095552392,False,,10097.85729,-3474.259572261677,Grail,Grail app + external,Flipper
0x3f322ac37155e431ca30cd8343c28ab0222c7ecb,6,1781015899,1.4523574392942082,8,ALLEN LAUNCH;COOP LAUNCH;ELON LAUNCH;KAI LAUNCH;SWIFT LAUNCH;Vitalik Launch,305.0,True,True,0.9551469350967334,0.044853064903266515,709.6188649999999,38.35015398473355,False,,895.8064929999999,613.3517958969911,Grail,Grail app only,Flipper
0x521d0eb9ea6ecc29e7b995abc329490b4fc234f2,6,1781015961,1.4483216065573772,9,COOP LAUNCH;ELON LAUNCH;KAI LAUNCH;KIRK LAUNCH;SWIFT LAUNCH;Vitalik Launch,305.0,True,True,1.0,0.0,746.73809,0.0,False,,1144.3867850000001,502.56135002744287,Grail,Grail app + external,Flipper
0x7f0d0db7fde96ae1f82ec4e8c0ac9001520cf6e0,7,1781015887,33.280107556644246,10,COOP LAUNCH;ELON LAUNCH;Founder;KAI LAUNCH;KIRK LAUNCH;SWIFT LAUNCH;Vitalik Launch,305.0,True,True,0.23640768198562945,0.7635923180143706,368.08151,10087.351294776496,False,,6642.834308,7070.127104398963,Grail,Grail app + external,Holder
0xb52d992b81b72e216c8a6e19b6d211683168e570,5,1781015913,1.9061020295081974,8,COOP LAUNCH;ELON LAUNCH;KAI LAUNCH;SWIFT LAUNCH;Vitalik Launch,305.0,True,True,0.9999999999999999,9.589371065603277e-17,886.3611190000001,0.0,True,Serial sniper,9579.992328121542,1919.7842816606667,BasedBot,External only,Flipper
0xc4517c6648898aa73062890c6a721cd88a6a7313,6,1781018233,4.928232465489726,9,ALLEN LAUNCH;COOP LAUNCH;ELON LAUNCH;Founder;KAI LAUNCH;Vitalik Launch,305.0,True,True,1.0,0.0,237.38939399999998,1570.7215079743664,False,,4361.937332187736,416.7681222657809,Grail,Grail app + external,Flipper
0xc6fac2424e017e1b789651a82018d2cc8623653f,7,1781016065,0.7165662131147541,9,ALLEN LAUNCH;COOP LAUNCH;ELON LAUNCH;Founder;KAI LAUNCH;SWIFT LAUNCH;Vitalik Launch,305.0,True,True,0.9820959099796861,0.01790409002031388,511.46178399999997,12.090911,False,,293.773058,74.76965630359146,Bots / Direct,Grail app + external,Flipper
0xe7b696dcb50c12c9d107a9d2f99ee35cfbdc7260,5,1781016061,38.89388901345022,8,ALLEN LAUNCH;ELON LAUNCH;Founder;KAI LAUNCH;Vitalik Launch,300.0,True,True,0.08828612699404392,0.9117138730059561,5419.829908000001,6548.336796035066,False,,41696.27018532013,12413.703571651704,Grail,Grail app + external,Holder
0x37810876c7f38b57645501d58dfa317a164ef0c7,6,1781017945,0.9924559278405256,10,ALLEN LAUNCH;COOP LAUNCH;ELON LAUNCH;KIRK LAUNCH;SWIFT LAUNCH;Vitalik Launch,296.0,True,True,1.0,1.067873337255244e-17,447.78779099999997,141.97916364079555,False,,977.687488,288.82870476179164,Grail,Grail app only,Flipper
0x6cce35430fff6d0b20d4b73fce864e7a5be57471,5,1781015997,3.5088117843146165,7,COOP LAUNCH;ELON LAUNCH;Founder;KAI LAUNCH;Vitalik Launch,289.0,True,True,0.9128252875809372,0.08717471241906279,1077.991258,225.05534766692395,False,,5211.112902217076,2423.1911376494922,Grail,Grail app + external,Partial seller
0x8011e95d9b67844127807b20ec6124a23fdcf34c,5,1781017633,2.566756783309758,7,COOP LAUNCH;ELON LAUNCH;Founder;KAI LAUNCH;Vitalik Launch,289.0,True,True,0.9548581467904388,0.045141853209561204,369.27718,661.51553037652,False,,189.742149,289.09941548826,Grail,Grail app + external,Flipper
0xaab1dc6c5e63ad528f7d510f11f7191dbcd6552b,5,1781017627,2.618950429065744,7,COOP LAUNCH;ELON LAUNCH;Founder;KAI LAUNCH;Vitalik Launch,289.0,True,True,0.8591072701074284,0.1408927298925716,799.241538,246.63513600000002,False,,405.212152,279.92677190578917,Grail,Grail app only,Partial seller
0xcbbcdc02613148258f1e39294517b4fdfd15b7c6,5,1781017685,2.904125158625095,7,COOP LAUNCH;ELON LAUNCH;Founder;KAI LAUNCH;Vitalik Launch,289.0,True,True,0.1461571161021582,0.8538428838978418,232.698932,895.5932388426525,False,,250.41522600000002,232.24676775465957,Grail,Grail app + external,Holder
0xf9640ac4e36b8abddbe85a383e2354942128f22a,5,1781017621,4.069894764571903,7,COOP LAUNCH;ELON LAUNCH;Founder;KAI LAUNCH;Vitalik Launch,289.0,True,True,0.9319067557286256,0.06809324427137436,478.33687399999997,986.8627129612801,False,,5009.5849252416565,2977.9429444060447,Grail,Grail app + external,Partial seller
0x3d141c77f7e68e41d01571e49175e0f419a3d3ea,2,1781810075,1.908055847540957,5,ALLEN LAUNCH;World Cup 2026,286.0,True,True,0.8858453311886451,0.11415466881135498,781.2975340000002,50.40643839671351,False,,1288.661796,453.1095323089501,Grail,Grail app only,Partial seller
0x533b65ce39f438105f36d988d9c106f693ec2b74,7,1781019069,1.6311795529359205,9,ALLEN LAUNCH;COOP LAUNCH;ELON LAUNCH;JENSEN LAUNCH;KAI LAUNCH;SWIFT LAUNCH;Vitalik Launch,285.0,True,True,1.0,1.2064030377422526e-17,749.755795,0.1303775867372206,False,,1977.169776,300.0461786600558,Grail,Grail app + external,Flipper
0x36268dfae0b96d2805738ed39fa3e0ef15299db3,3,1781016073,1.4260471194424325,5,ELON LAUNCH;KAI LAUNCH;Vitalik Launch,284.0,True,True,0.9999999500230213,4.997697869552677e-08,687.709902,1.2874799216507038,False,,701.626134,347.112390356011,OKX Wallet,External only,Flipper
0x666d254b723ce08978efa1715978767e23df6126,3,1781020073,2.2055132261644426,5,ELON LAUNCH;KAI LAUNCH;Vitalik Launch,284.0,True,True,0.99773583663118,0.0022641633688199668,908.4298570000001,1.9358992307015739,False,,1243.2629229443432,421.6072578462365,Grail,Grail app + external,Flipper
0x9672c88e56dd243ddfc1e3c0df98cfa2dc8f874a,3,1781016467,0.5799206443661971,5,ELON LAUNCH;KAI LAUNCH;Vitalik Launch,284.0,True,True,1.0,0.0,448.69746299999997,0.0,False,,448.697463,186.63113645668,Grail,Grail app only,Flipper
0xd139225554b252f5956944594084b0dc270da4f8,3,1781016277,1.2881284014084509,5,ELON LAUNCH;KAI LAUNCH;Vitalik Launch,284.0,True,True,1.0,0.0,649.828466,0.0,False,,649.8284659999999,341.4432510857399,Grail,Grail app only,Flipper
0xe6786b71a8c6733daecc8d6b340ac7c4bdd03f95,5,1781016119,1.6376333594124128,9,ALLEN LAUNCH;ELON LAUNCH;JENSEN LAUNCH;KAI LAUNCH;KIRK LAUNCH,277.0,True,True,1.0,3.490970575968729e-17,730.6244405572384,0.0,True,Sniper,2685.4327932587835,173.05717742685593,Unknown App E,External only,Flipper
0x1804b142faeabbf08ecf4ff3843223b8d239f4ae,5,1781016375,-1.0,9,COOP LAUNCH;ELON LAUNCH;JENSEN LAUNCH;KAI LAUNCH;KIRK LAUNCH,274.0,True,True,1.0,0.0,0.0,0.0,False,,9.965167,-0.07257451119554936,Grail,Grail app only,Flipper
0x5f09c6a8b7a8c7c354219764c1504e54f6176139,4,1781017863,1.2832694110709757,6,ELON LAUNCH;JENSEN LAUNCH;SWIFT LAUNCH;Vitalik Launch,272.0,True,True,1.0,0.0,620.2594373101231,0.7898425011822552,False,,2034.6528780812105,331.21534025970834,Grail,Grail app + external,Flipper
0x76cde0047de56ea158c012011c7123503b1c2bf6,4,1786981219,0.20511654248065891,9,ALLEN LAUNCH;JENSEN LAUNCH;KAI LAUNCH;Vitalik Launch,271.0,True,True,1.0,0.0,326.5865830122586,0.0,False,,433.0100550122586,128.4106193221632,Grail,Grail app + external,Flipper
0x77ad0d6e27eacb4f54df32bcb1b7b8f779bcb5f1,7,1781015887,-1.0,11,ALLEN LAUNCH;COOP LAUNCH;ELON LAUNCH;Founder;KIRK LAUNCH;SWIFT LAUNCH;Vitalik Launch,271.0,False,False,0.0,0.0,0.0,0.0,False,,372.230531,197.3280556890673,Grail,Grail app + external,Unredeemed
0x9b2515a0aa5e5cfbeebd50b2c6c0cbafb3fe77e7,6,1781015967,1.3649657252767526,10,ALLEN LAUNCH;COOP LAUNCH;ELON LAUNCH;Founder;SWIFT LAUNCH;Vitalik Launch,271.0,True,True,0.7631919159543462,0.2368080840456538,486.365122,154.54058955,False,,332.388275,295.76820309778753,Grail,Grail app + external,Partial seller
0x5ae1a1786d6e8ee80a6117914f0574a960bf7d0f,4,1781020131,3.097998270866862,6,ELON LAUNCH;JENSEN LAUNCH;KAI LAUNCH;Vitalik Launch,264.0,True,True,0.8885541841298101,0.11144581587018988,909.3244276237459,172.54711588510557,False,,3008.2332763772843,418.3105813880202,Grail,Grail app + external,Partial seller
0x7c84247883a812d38e5e2d0628e4e9f60d56d61a,4,1781018823,2.6288357237122177,6,ELON LAUNCH;JENSEN LAUNCH;KAI LAUNCH;Vitalik Launch,264.0,True,True,0.7845518474615013,0.21544815253849867,769.7245100942919,188.2881209657336,False,,1397.5198239600852,343.21803514977495,Grail,Grail app + external,Partial seller
0xbb36765bfbf75a31054c1525219b998b2e6f5d10,4,1781018825,1.0286218339191673,6,ELON LAUNCH;JENSEN LAUNCH;KAI LAUNCH;Vitalik Launch,264.0,True,True,0.9625152486437765,0.03748475135622352,504.1705646687351,31.385599485924956,False,,822.6519139889604,162.50534194636808,Grail,Grail app + external,Flipper
0x5fc13c6ef9aff76ec6f753eb549a73096f5ccbea,4,1786981243,0.314690736745725,7,ALLEN LAUNCH;JENSEN LAUNCH;KAI LAUNCH;Vitalik Launch,261.0,True,True,1.0,0.0,343.10769928566805,0.02658300496621594,False,,3600.860009317229,522.897695178723,Grail,Grail app + external,Flipper
0x1d9faf63a5e721ff7f027e57c4223f7b46f1cfd6,5,1781015909,-0.4657738560483402,10,ELON LAUNCH;Founder;KAI LAUNCH;KIRK LAUNCH;SWIFT LAUNCH,260.0,False,False,0.0,0.0,0.0,138.89879742743153,False,,239.392381,56.131723426463125,Grail,Grail app + external,Unredeemed
0xbbb489c5804e5f0d7c78dee0c1ffebf6eafe23c6,7,1781015941,13.783597468102075,9,ALLEN LAUNCH;COOP LAUNCH;ELON LAUNCH;Founder;KAI LAUNCH;SWIFT LAUNCH;Vitalik Launch,258.0,True,True,0.9796297594345722,0.020370240565427807,2576.2613309999997,1237.9068157703355,False,,21290.1930162915,1541.8650621475776,Grail,Grail app + external,Flipper
0xef17179557b3e2932807d0fecab6bbfcf0dcfc8b,5,1781015931,3.265274151359769,8,ALLEN LAUNCH;ELON LAUNCH;Founder;SWIFT LAUNCH;Vitalik Launch,258.0,True,True,0.9999999999999998,1.924723641628947e-16,1100.435265,0.00546605082040812,False,,2789.368266,35.66552248825621,Grail,Grail app + external,Flipper
0x424aba67e02b67475cc1acfbd780dbd3a244f706,3,1783383355,4.663057192773702,7,Founder;JENSEN LAUNCH;Vitalik Launch,255.0,True,True,0.7141941984688422,0.2858058015311577,766.231135,677.8484491572941,False,,1714.4487504174986,3404.533476087736,Grail,Grail app + external,Partial seller
0x8ecd2b14462f3012b57ffa189199a7aa1c77872e,6,1782485539,0.06150224999999998,10,ALLEN LAUNCH;COOP LAUNCH;KAI LAUNCH;KIRK LAUNCH;SWIFT LAUNCH;Vitalik Launch,252.0,True,True,1.0,3.8842486800932865e-17,267.498567,0.0,False,,267.49856700000004,110.53969949351676,Grail,Grail app only,Flipper
0xac90a993dfaeab8632dab523d7e4f2c0889343b6,6,1782485585,0.06346833730158741,10,ALLEN LAUNCH;COOP LAUNCH;KAI LAUNCH;KIRK LAUNCH;SWIFT LAUNCH;Vitalik Launch,252.0,True,True,1.0,2.8441832825065435e-17,267.99402100000003,0.0,False,,267.99402100000003,112.43116467405736,Grail,Grail app only,Flipper
0xfb1cab906fead15686d9d451b3ef9d8e6068215b,6,1782485585,0.05514890873015865,10,ALLEN LAUNCH;COOP LAUNCH;KAI LAUNCH;KIRK LAUNCH;SWIFT LAUNCH;Vitalik Launch,252.0,True,True,1.0,2.8441832825065435e-17,265.897525,0.0,False,,265.897525,110.33466867405734,Grail,Grail app only,Flipper
0xb1c9c618f172669f6287cfbb026d0b2ddd3cd5c7,5,1781015965,1.1294559722700002,7,COOP LAUNCH;ELON LAUNCH;KAI LAUNCH;SWIFT LAUNCH;Vitalik Launch,250.0,True,True,1.0,1.783687274702702e-17,398.01138100000003,134.3526120675,True,Serial sniper,1386.086402090509,381.3996918579152,BasedBot,Grail app + external,Flipper
0xfb2a620a4829f85710562299285e9a6ae6182027,5,1781016535,2.538337839842638,7,COOP LAUNCH;ELON LAUNCH;KAI LAUNCH;SWIFT LAUNCH;Vitalik Launch,250.0,True,True,0.9859440609017693,0.014055939098230644,870.2987360000001,14.28572396065937,False,,2291.1747111416853,573.8098964988195,Grail,Grail app + external,Flipper
0x2b4be2284d0089e4bae8c328f5456f1345973b42,4,1784588795,0.8623681066607318,6,COOP LAUNCH;KAI LAUNCH;KIRK LAUNCH;Vitalik Launch,245.0,True,True,0.9971952053100721,0.0028047946899278945,454.646217,1.6339691318793017,False,,533.710382,207.63704028512822,Grail,Grail app only,Flipper
0x1512bb3b85696fa4d85cb4bbf78e9c4fe95db90f,4,1781016255,1.8249100318181823,6,ELON LAUNCH;Founder;SWIFT LAUNCH;Vitalik Launch,242.0,True,True,0.9706397368677184,0.029360263132281583,650.3180110000001,33.31021670000009,False,,577.0145239999999,290.9249869858278,Grail,Grail app + external,Flipper
0x9a2b09c6b6f3fe2536af06550e739e002749fb5e,3,1781015933,0.5160242303409222,5,ELON LAUNCH;SWIFT LAUNCH;Vitalik Launch,242.0,True,True,0.9999999999999954,4.5320754078840874e-15,341.459802,25.418061742503134,False,,389.626781,191.91037335697337,Grail,Grail app only,Flipper
0x5897c4414a49eb9d754eea66d776c9f51ecae7e2,4,1783381261,0.09782817797331922,6,Founder;KAI LAUNCH;KIRK LAUNCH;Vitalik Launch,240.0,True,True,0.9999999999999996,4.835295226363076e-16,263.478024,0.0007387135966273354,True,Sniper,9798.492994463759,1533.6015022170552,Grail,Grail app + external,Flipper
0x1dc8aea4942cfabbe84b8f038247be33c6b8fab4,5,1784584437,0.4386152076271186,8,ALLEN LAUNCH;COOP LAUNCH;KAI LAUNCH;KIRK LAUNCH;Vitalik Launch,236.0,True,True,1.0,3.1434762236244343e-17,339.513189,0.0,False,,339.513189,108.52819042960064,Grail,Grail app only,Flipper
0x2ae8693486cddc27cfa7665cd5790b8c1b6f9452,2,1781016595,0.5422971564102594,4,ELON LAUNCH;Vitalik Launch,234.0,True,True,0.9979300603080637,0.002069939691936229,359.35606500000006,1.5414696000006307,False,,460.76239300000003,162.25037390219353,Grail,Grail app only,Flipper
0xfc258b128dd2839666530eb0611b5c00735a5aaa,2,1781015909,1.4005299914529914,4,ELON LAUNCH;Vitalik Launch,234.0,True,True,1.0,0.0,561.724018,0.0,False,,728.135362,312.27839053623853,Grail,Grail app only,Flipper
0x96289e0c5e166343915352377e13e94f46815ae1,5,1781015909,2.551832675324676,12,ALLEN LAUNCH;COOP LAUNCH;ELON LAUNCH;KIRK LAUNCH;SWIFT LAUNCH,231.0,True,True,1.0,1.3879251751027414e-17,820.4733480000001,0.0,False,,3737.134805,613.634972388568,Grail,Grail app + external,Flipper
0xe8bbaf0bf26929f08c00ff9f2a46e47174077184,3,1786981239,0.07833502747541998,6,ALLEN LAUNCH;KAI LAUNCH;Vitalik Launch,231.0,True,True,1.0,0.0,244.36819000000003,4.727201346822005,False,,664.162189,-38.581189793208026,Grail,Grail app + external,Flipper
0xadc9994f09588fac09933731db4bf3a2ca0cea79,5,1781015895,3.0346910716956526,6,COOP LAUNCH;ELON LAUNCH;KAI LAUNCH;SWIFT LAUNCH;World Cup 2026,230.0,True,True,1.0,9.08205192484811e-18,652.0114189999999,275.96752749,False,,700.774664,460.52697607946664,Grail,Grail app + external,Flipper
0x961b6d76bf42b204191e2df70b88282146875d76,3,1781016135,0.7130653886462881,4,ELON LAUNCH;KAI LAUNCH;Vitalik Launch,229.0,True,True,1.0,1.192538664412513e-17,392.291974,0.0,False,,1027.4980614868145,207.1206689569226,GMGN,Grail app + external,Flipper
0x2245c505a9c436ca6d16b1634216eb635e545aa4,3,1786981241,-0.10597768400788721,5,ALLEN LAUNCH;KAI LAUNCH;Vitalik Launch,223.0,True,True,0.9988668217663148,0.0011331782336851685,199.071276,0.295700466241137,False,,219.52327510297104,-9.733277882893972,Grail,Grail app + external,Flipper
0xd8bb42fb12a6660b0344fb84404fd60eec663e7e,4,1784584627,17.290653698263874,6,COOP LAUNCH;KAI LAUNCH;KIRK LAUNCH;Vitalik Launch,220.0,True,True,0.999999466957006,5.330429940034573e-07,2609.208897,1414.7349166180527,False,,24865.017257652027,4163.645690920315,Grail,Grail app + external,Flipper
0x10966e5ddce205a52d4d2f4722e685f48805fb7d,3,1786981277,2.4471689080705628,8,ALLEN LAUNCH;JENSEN LAUNCH;KAI LAUNCH,216.0,True,True,0.7819411471680455,0.21805885283195447,529.331173289278,215.25731085396353,False,,889.8665453230204,235.06442031473492,Grail,Grail app + external,Partial seller
0x7c2c293800e4d8951dd030aaedf7b05c101e7331,3,1786981311,1.8395378727370693,8,ALLEN LAUNCH;JENSEN LAUNCH;KAI LAUNCH,216.0,True,True,0.8029543435187677,0.1970456564812323,502.1767154786735,111.16346503253354,False,,753.1371350695624,180.20240127378503,Grail,Grail app + external,Partial seller
0x018234dc8100e2bbee864d67cf0f8af8e4c052ae,2,1787584133,0.14525966976744176,4,KAI LAUNCH;Vitalik Launch,215.0,True,True,1.0,0.0,246.230829,0.0,False,,323.510434,79.97140919399016,Grail,Grail app only,Flipper
0x5e3f408b76ef2befae784b968bde8be679fb285d,3,1783393985,2.7108461417209306,5,Founder;KAI LAUNCH;Vitalik Launch,215.0,True,True,0.9478884390244582,0.05211156097554186,760.7971210000001,37.034799469999996,True,Sniper,1525.8096581448117,-113.06472538221753,Grail,Grail app + external,Partial seller
0x5effcc3ec2f21a2a5032611d1ea45a757f87ae84,3,1784584453,0.42490994883720923,5,KAI LAUNCH;KIRK LAUNCH;Vitalik Launch,215.0,True,True,1.0,1.255013001078116e-17,306.355639,0.0,False,,310.860881,50.189206583393954,Grail,Grail app only,Flipper
0x8d6a93fbc6d2631751ae5542386284e07378148d,2,1787584133,0.15317997209302336,4,KAI LAUNCH;Vitalik Launch,215.0,True,True,1.0,0.0,247.933694,0.0,False,,295.366498,82.66625787109425,Grail,Grail app only,Flipper
0x4be14afd66f701594f632f64bb445f20a5183194,4,1781018443,2.3831830194672894,4,COOP LAUNCH;ELON LAUNCH;KAI LAUNCH;World Cup 2026,214.0,True,True,1.0,0.0,718.884157,5.117009165999999,False,,612.147485,35.91735203957984,OKX Wallet,Grail app + external,Flipper
0x6738e5114a64eb9a28038029f37b07c337e97340,6,1781015901,0.5652246719391796,6,COOP LAUNCH;ELON LAUNCH;KAI LAUNCH;KIRK LAUNCH;SWIFT LAUNCH;Vitalik Launch,212.0,True,True,0.997781810775919,0.0022181892240810282,330.836506,0.9911244511060779,False,,1064.2384253188152,363.62040945677444,Grail,Grail app + external,Flipper
0x08aa5c33318ccdff182f190cdd9735eb461f0171,4,1781017901,1.2854810921079611,4,ELON LAUNCH;Founder;KAI LAUNCH;World Cup 2026,209.0,True,True,0.15376498299812957,0.8462350170018704,137.268878,340.3966702505639,False,,667.262695,42.04490053821111,Grail,Grail app + external,Holder
0xaa58e52bcecd1e3805a7ca799f14f06307f0927a,7,1781015939,6.33254667790538,8,ALLEN LAUNCH;COOP LAUNCH;ELON LAUNCH;Founder;KAI LAUNCH;SWIFT LAUNCH;Vitalik Launch,203.0,True,True,0.496774085625323,0.503225914374677,956.3229029999999,532.1840726147922,False,,1503.8832687287118,573.1906809148808,OKX Wallet,Grail app + external,Holder
0xddb7f7b2d91e6d6674a331b9fd6859f64a5c2cda,4,1782485565,0.3828499455445544,8,ALLEN LAUNCH;COOP LAUNCH;SWIFT LAUNCH;Vitalik Launch,202.0,True,True,1.0,9.297909873280836e-18,279.335689,0.0,False,,725.655756,66.70399440175822,Grail,Grail app only,Flipper
0xf38e04d7663b6162f9a1fc923ab5faff45c11a34,3,1784584455,0.9227192115294767,7,JENSEN LAUNCH;KAI LAUNCH;KIRK LAUNCH,200.0,True,True,1.0,2.6559509083488386e-17,384.3609075183953,0.1829347875,False,,4703.921139518396,1159.443544684416,Grail,Grail app + external,Flipper
0xcadb43cc179801dadad9e9041c7565f528940a0d,5,1781016181,1.7958492795672396,6,COOP LAUNCH;ELON LAUNCH;KAI LAUNCH;SWIFT LAUNCH;Vitalik Launch,195.0,True,True,0.927756637289087,0.07224336271091307,494.742625,50.447984515611815,False,,1537.8803704450424,355.8844715867474,Bots / Direct,Grail app + external,Partial seller
0x98d6b47d2c6abf76f918cf37003e20dff6993592,5,1782485495,0.31971171761658024,7,COOP LAUNCH;KAI LAUNCH;KIRK LAUNCH;SWIFT LAUNCH;Vitalik Launch,193.0,True,True,0.8152125386533927,0.18478746134660726,144.379894,110.3244675,False,,144.379894,64.73198300000001,Grail,Grail app only,Partial seller
0x08f9ff0f6e5f45dc13f60202770bd6b7ef1b5f96,6,1781016095,4.077737648353807,8,COOP LAUNCH;ELON LAUNCH;Founder;KAI LAUNCH;KIRK LAUNCH;SWIFT LAUNCH,190.0,True,True,1.0,3.552191168237475e-17,964.7491769999999,0.020976187223518954,False,,20014.869530349762,3312.2908112864297,Grail,Grail app + external,Flipper
0xb12a38e7d502f086f22f5d58bc949af9d0aaf375,3,1785870477,0.1698374892473118,6,ALLEN LAUNCH;COOP LAUNCH;Vitalik Launch,186.0,True,True,1.0,0.0,217.589773,0.0,False,,274.53853300000003,28.430153670941586,Grail,Grail app only,Flipper
0xeb3c20a9fd5574f7a3c633f6b47ea4b2411b3320,5,1783380101,0.5166560967741936,8,ALLEN LAUNCH;COOP LAUNCH;Founder;KIRK LAUNCH;Vitalik Launch,186.0,True,True,1.0,0.0,282.098034,0.0,False,,203.008714,56.49333187681623,Grail,Grail app + external,Flipper
0x2da4d9e0f365cf8df0e4991a14b601852508b10d,4,1784586013,0.12849084667681177,6,COOP LAUNCH;KAI LAUNCH;KIRK LAUNCH;Vitalik Launch,185.0,True,True,1.0,0.0,183.697003,25.07380363521017,False,,332.25145,-3.001117676095843,Grail,Grail app only,Flipper
0x099532f577a1e474a30d198551936c8a075efbe1,2,1786981253,0.17230262112154704,5,ALLEN LAUNCH;Vitalik Launch,181.0,True,True,0.9994944672077489,0.0005055327922510915,212.025801,0.16097342300000375,False,,220.741399,50.726687301999995,Grail,Grail app + external,Flipper
0xa799cf9a9242eb89d77a61571fb14502f6ba453c,2,1786981217,1.3352234131696692,5,ALLEN LAUNCH;Vitalik Launch,181.0,True,True,0.9999637416008026,3.625839919742313e-05,422.65991599999995,0.015521783710189715,False,,455.150966,100.65129378388396,Grail,Grail app + external,Flipper
0xb4356c8fbd9afa2706ba0425ad1b2b3f76891c5b,2,1782485705,0.3952627016574586,5,SWIFT LAUNCH;Vitalik Launch,181.0,True,True,1.0,0.0,252.542549,0.0,False,,373.379782,211.513289632076,1inch,External only,Flipper
0x587172910fececad2b2c6dcb68722606182588b3,4,1781016655,4.258791459430535,5,ALLEN LAUNCH;COOP LAUNCH;ELON LAUNCH;World Cup 2026,180.0,True,True,0.999993358862768,6.641137232039333e-06,945.709656,0.8728066974963902,False,,2218.4723828830215,1032.656773743493,Grail,Grail app + external,Flipper
0xd64fd2c15961ec1681855d7f6e3301834f5b30ea,3,1784585623,-0.25390201666666656,7,COOP LAUNCH;KAI LAUNCH;KIRK LAUNCH,180.0,True,True,1.0,0.0,134.297637,0.0,False,,134.297637,7.7814208710175805,Grail,Grail app only,Flipper
0xe2a8f2b1508db783cbd8e85057181b9ec1219dec,6,1781016025,4.854119006712594,6,COOP LAUNCH;ELON LAUNCH;Founder;KAI LAUNCH;KIRK LAUNCH;Vitalik Launch,179.0,True,False,0.0,1.0,321.72002999999995,726.1672722015544,False,,4559.787163999999,1777.8804822642103,Grail,Grail app + external,Holder
0x4242578633e4194007498e5f8aa9ab0c6964fd19,3,1781018827,1.6643191358118696,3,ELON LAUNCH;KAI LAUNCH;Vitalik Launch,174.0,True,True,0.9309464981043872,0.0690535018956128,434.477839,29.113690631265307,False,,665.4546128411351,234.14736886681027,Grail,Grail app + external,Partial seller
0x4df7acceb2441c8c020d7b998deb001ac6724e96,4,1781016585,2.388047373563218,5,COOP LAUNCH;ELON LAUNCH;KAI LAUNCH;KIRK LAUNCH,174.0,True,True,1.0,2.0904744019123985e-17,589.5202429999999,0.0,False,,827.015143,409.8605015025784,Grail,Grail app only,Flipper
0x53bd1e27390fc589bda94eb1df92777051c004a9,2,1785870399,-0.15905879411764712,4,COOP LAUNCH;Vitalik Launch,170.0,True,True,1.0,0.0,142.960005,0.0,False,,762.564085,82.666419513654,Grail,Grail app + external,Flipper
0xb84ffc5a7e1d19340a3bb79c1d14cf574566fe81,2,1787584159,0.15808009999999983,5,JENSEN LAUNCH;KAI LAUNCH,170.0,True,True,0.2495503138555576,0.7504496861444424,50.525787,146.34782999999996,False,,50.525787,116.87361699999997,Grail,Grail app only,Holder
0xbaed5d2547866fb61b9cf99bfb0742cfa2cfa9cd,2,1785870467,0.5269229176470587,4,COOP LAUNCH;Vitalik Launch,170.0,True,True,1.0,0.0,259.576896,0.0,False,,883.3076080000001,285.4768270334986,Grail,Grail app only,Flipper
0xc131770ea4082f632353b1414f518996ead3b84f,2,1785870467,-0.15173910588235295,4,COOP LAUNCH;Vitalik Launch,170.0,True,True,1.0,0.0,144.204352,0.0,False,,744.352115,183.0179226699897,Grail,Grail app only,Flipper
0x409bbc0f3fdf07d7e48f5e49f68cc3d970363555,3,1781017757,-0.616175908513139,3,ELON LAUNCH;SWIFT LAUNCH;World Cup 2026,167.0,False,False,0.0,0.0,0.0,64.0986232783058,False,,1319.211803,369.0854262027077,Grail,Grail app only,Unredeemed
0x389f9e43a41da4700dd98fb19964a4a54d40864a,1,1788189551,-0.20335184242424242,3,Vitalik Launch,165.0,True,True,1.0,0.0,131.446946,0.0,False,,9013.802355,958.7573083694685,BasedBot,Grail app + external,Flipper
0x457b0c7fe839fd3914bcc50062488c5bd215986a,1,1788189573,0.06366933333333336,3,Vitalik Launch,165.0,True,True,1.0,0.0,175.50544,0.0,False,,254.3311,11.077611932091209,Grail,Grail app only,Flipper
0x7bdaa0e15fdb8f5592bcf7e584cdc300d7f65ce3,1,1788190889,0.5199365793939394,3,Vitalik Launch,165.0,True,True,0.9954545454545455,0.004545454545454546,249.24806600000002,1.5414696,False,,351.08486600000003,85.78888440697007,Grail,Grail app only,Flipper
0x291e59a85014269f99ee0df9e89083bbf5a80d62,4,1782485569,0.09156503658536574,7,ALLEN LAUNCH;JENSEN LAUNCH;KAI LAUNCH;SWIFT LAUNCH,164.0,True,True,0.8354386285252396,0.16456137147476035,149.7471,29.269565999999998,False,,203.1071,64.22519248016319,Grail,Grail app only,Partial seller
0xff1768d49e21f3a07c579569bf0315e2fba12b7c,2,1787584157,1.9663721937499998,3,KAI LAUNCH;Vitalik Launch,160.0,True,True,1.0,0.0,474.61955099999994,0.0,False,,477.729551,148.57368169213305,Grail,Grail app only,Flipper
0xa916d872a98930c37ad7ecc150da89f8ef48fc5c,2,1781018745,-0.8327075220125786,2,ELON LAUNCH;World Cup 2026,159.0,True,True,1.0,5.094246745092604e-18,26.599504,0.0,False,,26.599504,-14.865353701241721,Grail,Grail app only,Flipper
0xf687bbb975953e8c8198bbc264f5380545f867ea,3,1781020423,12.017705122802274,3,ELON LAUNCH;Founder;World Cup 2026,159.0,True,True,0.04437862717798158,0.9556213728220184,35.084956,2034.7301585255616,True,Sniper,3562.855573676212,4937.36538289425,Grail,Grail app + external,Holder
0x18aeaba4a846f65c2fdc8c43deba1f51a514215a,4,1785883039,0.42523665851694403,5,ALLEN LAUNCH;COOP LAUNCH;JENSEN LAUNCH;Vitalik Launch,153.0,True,True,1.0,0.0,216.49937064444933,1.5618381086431103,True,Sniper,2609.202904652169,266.56365817226094,Grail,Grail app + external,Flipper
0x25fc3dc81a4904bd2cbc9d39efe224466e7b1b91,3,1786981359,-0.05886191580075695,5,ALLEN LAUNCH;JENSEN LAUNCH;KAI LAUNCH,148.0,True,True,0.729970656056379,0.270029343943621,102.701478961488,36.58695749999999,False,,113.01622796148797,104.86318546148797,Grail,Grail app + external,Partial seller
0x3511748c00b6b2dd9f77c1141cec9c0bd7ada5be,5,1781016011,2.8110185945945947,6,ALLEN LAUNCH;COOP LAUNCH;ELON LAUNCH;KAI LAUNCH;SWIFT LAUNCH,148.0,True,True,1.0,0.0,564.030752,0.0,False,,564.549613,416.0472337905265,Grail,Grail app + external,Flipper
0xb280b53774b229252e51a540ae34b2380fafbc45,3,1786981233,1.2426791216216215,5,ALLEN LAUNCH;JENSEN LAUNCH;KAI LAUNCH,148.0,True,True,1.0,0.0,331.91651,0.0,False,,628.928444,305.99006705852196,Grail,Grail app + external,Flipper
0xd34ee7d8fe01cc90ccd5d1f4efd9630087b8fd88,3,1786981255,0.18460627480623382,5,ALLEN LAUNCH;JENSEN LAUNCH;KAI LAUNCH,148.0,True,True,0.8689493587972819,0.1310506412027182,157.5653464574226,17.7563822139,False,,314.8941723685213,126.34664319692686,Grail,Grail app + external,Partial seller
0x404ff977e0fc357c25fb5c342399da6e57a0ded3,2,1788189771,1.8666212260931094,4,JENSEN LAUNCH;Vitalik Launch,145.0,True,True,0.4708258371749242,0.5291741628250758,261.55707176180834,154.10300602169252,False,,1527.5530457003238,1117.9375460549534,Grail,Grail app + external,Holder
0xb28abd03711d4d563828d6d196f714cce0106274,5,1781015975,2.829165503448276,5,ALLEN LAUNCH;COOP LAUNCH;ELON LAUNCH;SWIFT LAUNCH;Vitalik Launch,145.0,True,True,1.0,0.0,555.228998,0.0,False,,591.589963,474.87806399947624,KyberSwap,Grail app + external,Flipper
0x7fead8049067210edf54f44e37e153879c473211,4,1781015917,1.8600189508916083,5,ALLEN LAUNCH;ELON LAUNCH;KAI LAUNCH;SWIFT LAUNCH,143.0,True,True,0.9970485195988632,0.0029514804011367586,407.44163000000003,1.5410799774999988,False,,407.44163000000003,273.9827099775,Grail,Grail app only,Flipper
0xec6ff00b2d6b7f60f1431aaf192cb883f1b414f7,4,1781015891,2.4606706293706293,5,ALLEN LAUNCH;ELON LAUNCH;KAI LAUNCH;SWIFT LAUNCH,143.0,True,True,1.0,0.0,494.8759,0.0,False,,601.459196,369.9336299024205,Grail,Grail app only,Flipper
0x5fdeeff2b4ad526b0240ab1398afbf49deb383e3,4,1781015947,2.9983538571428574,5,COOP LAUNCH;ELON LAUNCH;KAI LAUNCH;SWIFT LAUNCH,140.0,True,True,1.0,0.0,559.76954,0.0,False,,606.494357,432.235281,Grail,Grail app only,Flipper
0x80cf8b36d471f291f1be46c8fd4ad10b97c74c47,4,1781015921,0.8572191785714287,5,COOP LAUNCH;ELON LAUNCH;KAI LAUNCH;SWIFT LAUNCH,140.0,True,True,1.0,0.0,260.010685,0.0,False,,304.10584,140.66832,Grail,Grail app only,Flipper
0x6afb06fc5a0dae2a86b96088338236d02f999999,3,1781015951,41.4266692934972,4,ELON LAUNCH;KAI LAUNCH;SWIFT LAUNCH,135.0,True,True,0.9999999999999996,4.3475937727328527e-16,5614.028721,113.57163362212214,True,Sniper,35950.629586685056,6383.373287441462,OKX Wallet,Grail app + external,Flipper
0xaf46123e9ab90ca8e01b1e9cc50057cf9477f003,3,1781016003,1.1551471719911115,4,ALLEN LAUNCH;ELON LAUNCH;KAI LAUNCH,135.0,True,True,0.9952682049681533,0.004731795031846746,278.823303,12.121565218800002,True,Sniper,3339.0241575812984,726.877925147009,OKX Wallet,Grail app + external,Flipper
0xed89ea70a367e41bb4ff1a0a185bf0c07dec69de,4,1781016079,1.4726462424242426,4,COOP LAUNCH;ELON LAUNCH;KAI LAUNCH;SWIFT LAUNCH,132.0,True,True,1.0,0.0,326.38930400000004,0.0,False,,326.389304,194.389304,Grail,Grail app + external,Flipper
0x6c92f39a017a3de12856460f9a7d36f7de48748f,3,1785870539,-0.35848793129770984,5,ALLEN LAUNCH;COOP LAUNCH;Vitalik Launch,131.0,True,True,1.0,1.1681731392746887e-17,84.038081,0.0,False,,273.772363,13.706008299340688,Grail,Grail app only,Flipper
0x5cffeab07c8866a48f377bf7fe823d348308d20e,3,1781016101,1.5790544409448821,3,ELON LAUNCH;KAI LAUNCH;SWIFT LAUNCH,127.0,True,True,1.0,0.0,327.539914,0.0,False,,364.200655,200.272386,Grail,Grail app only,Flipper
0x6a2b7688875cfd0ed200eff704ad81fe1912cd70,4,1781016233,1.1741802283464566,4,ELON LAUNCH;KAI LAUNCH;KIRK LAUNCH;SWIFT LAUNCH,127.0,True,True,1.0,0.0,276.120889,0.0,False,,295.717926,149.86704183333333,Grail,Grail app only,Flipper
0x1233cb2157b0be813ba408acf6fa01f1bd9becad,2,1783382747,1.0316081600000002,6,Founder;KIRK LAUNCH,125.0,True,True,1.0,0.0,253.95102,0.0,False,,295.364988,122.53255084368786,Grail,Grail app + external,Flipper
0x05aa29527e2fcf51638ff67b6995e89c8944bb8b,3,1781017365,1.6663870016267732,3,COOP LAUNCH;ELON LAUNCH;KAI LAUNCH,124.0,True,True,1.0,3.844245387811262e-18,330.62959,0.002398201719898494,False,,764.5932108622291,180.0196606509625,Grail,Grail app + external,Flipper
0x0c13dcadddda7c48300e0bb210ab897a10c11fdc,4,1781015929,-0.8336430198913178,4,COOP LAUNCH;ELON LAUNCH;Founder;KAI LAUNCH,124.0,False,False,0.0,0.0,0.0,20.628265533476586,False,,129.1784501189686,3.341199712532914,Grail,Grail app + external,Unredeemed
0x106f579b3c8bc21d4698e57e51e1bf128f8fe1b9,3,1781017011,-0.8834217822580646,3,COOP LAUNCH;ELON LAUNCH;KAI LAUNCH,124.0,True,True,1.0,0.0,14.455699,0.0,False,,14.455699,9.455699,Grail,Grail app only,Flipper
0x39d2da7bf40effbf6ef49662d663c699d581bb1a,3,1781016493,1.359304362903226,3,COOP LAUNCH;ELON LAUNCH;KAI LAUNCH,124.0,True,True,1.0,0.0,292.553741,0.0,False,,419.60920699999997,168.45599657002293,Grail,Grail app + external,Flipper
0x3d0ceabef21dffe06e065155a0123bea353888a7,2,1781015867,-1.0,2,ELON LAUNCH;Vitalik Launch,124.0,False,False,0.0,0.0,0.0,0.0,False,,37.9324,-18.59435254021153,Grail,Grail app + external,Unredeemed
0x57a625f03449fed880c8b3d06aa46d3b9e486ba7,3,1781016273,3.80089375,3,COOP LAUNCH;ELON LAUNCH;KAI LAUNCH,124.0,True,True,1.0,0.0,595.310825,0.0,False,,1737.197104,670.2372034819182,Grail,Grail app + external,Flipper
0x638d05639156fafdb4421d078059f38712eb1aba,4,1781017505,3.5721411532258065,4,COOP LAUNCH;ELON LAUNCH;KAI LAUNCH;KIRK LAUNCH,124.0,True,True,1.0,0.0,566.945503,0.0,False,,566.945503,412.8572809418938,Grail,Grail app only,Flipper
0x6f1760b5db759b9877833f524a62862737743253,3,1781019283,4.010753419354839,3,COOP LAUNCH;ELON LAUNCH;KAI LAUNCH,124.0,True,True,1.0,0.0,621.333424,0.0,False,,621.333424,497.333424,Grail,Grail app only,Flipper
0x7a02aecf045689120e79b89777a5d882fa3f13f8,3,1781017001,-1.0,3,COOP LAUNCH;ELON LAUNCH;KAI LAUNCH,124.0,True,True,1.0,0.0,0.0,0.0,False,,41.023606,-8.242145244826995,Grail,Grail app only,Flipper
0x8492685dd2524bc2f623a8fa382512dc77eba811,3,1781015881,-1.0,3,COOP LAUNCH;ELON LAUNCH;KAI LAUNCH,124.0,True,True,1.0,0.0,0.0,0.0,False,,0.0,0.0,No swaps,No swaps,Flipper
0x8c624b11a3a2eebf4132d81cc539b57c52efc27e,3,1781016619,1.7932841451612904,3,COOP LAUNCH;ELON LAUNCH;KAI LAUNCH,124.0,True,True,1.0,0.0,346.367234,0.0,False,,387.434597,231.8906534,Grail,Grail app only,Flipper
0x9a9fc28b68d6a2dab7c6791f34f5cbc96567f3b9,4,1781018015,2.967049745743546,4,COOP LAUNCH;ELON LAUNCH;Founder;KAI LAUNCH,124.0,False,False,0.0,0.0,0.0,491.91416847219966,False,,6723.672671429171,5374.627276000306,Grail,Grail app + external,Unredeemed
0xb8b60d295e7b69ea01df49e24a268da0692cbedf,4,1781019181,497.1581061055494,4,COOP LAUNCH;ELON LAUNCH;Founder;KAI LAUNCH,124.0,True,True,0.43239902338407255,0.5676009766159275,59660.684909999996,2110.92024708813,False,,339709.0367162898,44561.59329597901,Grail,Grail app + external,Holder
0xc64145cb852d00f8ca2f6573cb96a6ea562c683e,4,1781017439,1.7384063387096775,4,COOP LAUNCH;ELON LAUNCH;KAI LAUNCH;KIRK LAUNCH,124.0,True,True,1.0,0.0,339.562386,0.0,False,,540.2464199272456,195.88101032685879,Grail,Grail app + external,Flipper
0xd35e25f8c2ef0f27998911d1977257a76ca35879,4,1781017055,1.222674064516129,4,COOP LAUNCH;ELON LAUNCH;KAI LAUNCH;KIRK LAUNCH,124.0,True,True,1.0,0.0,275.611584,0.0,False,,275.611584,121.630684,Grail,Grail app only,Flipper
0xd76d82d4f7348004a07ed1de05f20cc74355ee2e,3,1781019535,1.4569643263602132,3,COOP LAUNCH;ELON LAUNCH;KAI LAUNCH,124.0,True,True,1.0,2.9719331395594796e-17,304.566973,0.0966034686664541,False,,590.450515,180.89089634539505,Grail,Grail app + external,Flipper
0xdfdb9fed04ad01152c60e6958b4a837e90ac7873,3,1781016859,2.9323914919354843,3,COOP LAUNCH;ELON LAUNCH;KAI LAUNCH,124.0,True,True,1.0,0.0,487.61654500000003,0.0,False,,588.4781830322949,319.86080527036404,Grail,Grail app + external,Flipper
0xf2551fe11a371b3bca91f337facc2cac767704e1,4,1781017687,1.8989088629032258,4,COOP LAUNCH;ELON LAUNCH;KAI LAUNCH;KIRK LAUNCH,124.0,True,True,1.0,0.0,359.464699,0.0,False,,366.843686,199.91606929019792,Grail,Grail app only,Flipper
0x97fb1920888406d15eaff118d5641d1cc3c4b8e6,3,1786981227,1.7304451404958678,4,ALLEN LAUNCH;KAI LAUNCH;Vitalik Launch,121.0,True,True,0.9999999999999999,7.95813037893171e-17,330.383862,0.0,False,,1867.319326707969,-38.77905885232409,Grail,Grail app + external,Flipper
0x2085b8e6da1a8bcbc6b937cfe2407a8f3dcf6593,2,1781015987,5.264145040430209,2,ELON LAUNCH;KAI LAUNCH,119.0,True,True,0.9995402822186936,0.0004597177813063248,745.1805180000001,0.2527418111947593,False,,1308.53111,265.7397580293456,Grail,Grail app + external,Flipper
0x24e045efaaaa10f72fa6104792ba8b5c2a9209ff,2,1781021491,2.32478612605042,2,ELON LAUNCH;KAI LAUNCH,119.0,True,True,1.0,0.0,395.649549,0.0,False,,395.649549,276.649549,Grail,Grail app only,Flipper
0x738c2d3577bf9522eec1caf302675a48ecddd100,2,1781016231,3.3029326788226205,2,ELON LAUNCH;KAI LAUNCH,119.0,True,True,0.9987796660984738,0.0012203339015262203,511.118811,0.9301777798918799,True,Sniper,1712.098853186083,786.6446112353646,Unknown App G,Grail app + external,Flipper
0xbb66ff34cb4ea0d42b83550e26cc794295b01b67,4,1781810049,2.4415968487449042,5,ALLEN LAUNCH;COOP LAUNCH;SWIFT LAUNCH;World Cup 2026,119.0,True,True,0.997523611910585,0.002476388089414985,408.591312,0.9587130006435917,False,,294.973788,104.847589613213,Grail,Grail app + external,Flipper
0xbe6cef7632a5fce88ba629ef57b7e1d26ae03865,6,1782485481,6.08820718898305,6,COOP LAUNCH;Founder;KAI LAUNCH;KIRK LAUNCH;SWIFT LAUNCH;Vitalik Launch,118.0,True,False,0.0,1.0,0.0,836.4084482999999,False,,179.960068,12.007000354372792,Grail,Grail app + external,Holder
0xa3f3aaee4be7302bc37683fbd983ec30d0706b7f,1,1788192579,-0.9985986640000001,2,Vitalik Launch,110.0,True,True,0.99875,0.0012499999999999291,0.0,0.15414695999999126,False,,0.0,0.0,No swaps,No swaps,Flipper
0x609c9f9ce72e5fc3e6b3d387f0857b745af96fa3,4,1781015999,2.562867377058775,6,ALLEN LAUNCH;COOP LAUNCH;ELON LAUNCH;SWIFT LAUNCH,106.0,True,True,0.9383075648737982,0.0616924351262018,350.10314700000004,27.560794968230145,False,,1129.3600959999999,584.9538504400722,OKX Wallet,Grail app + external,Partial seller
0x69c833f007f54f7fdd599f9efa39a503e6fbba31,4,1781015997,3.686989187571565,6,ALLEN LAUNCH;COOP LAUNCH;ELON LAUNCH;SWIFT LAUNCH,106.0,True,True,1.0,3.6627299245832097e-17,494.51197500000006,2.30887888258589,False,,2980.291125,315.01071004341173,Grail,Grail app only,Flipper
0x7ec91b05b3c44314e286ff03d1977efd0969fb12,4,1781016015,5.036331952830189,6,ALLEN LAUNCH;COOP LAUNCH;ELON LAUNCH;SWIFT LAUNCH,106.0,True,True,1.0,0.0,639.851187,0.0,False,,1261.91964,513.9758705813096,Grail,Grail app only,Flipper
0x9ff21445e728af4f3134b57f496e7f4dd8013e48,5,1781016575,3.8835435270835594,7,ALLEN LAUNCH;COOP LAUNCH;ELON LAUNCH;Founder;SWIFT LAUNCH,106.0,True,False,0.0,1.0,416.81625199999996,100.83936187085739,False,,9758.995677439885,1639.398942594879,Grail,Grail app + external,Holder
0xc69aaf51a76832bc2d2d78fcfac045f6e4701135,5,1781016105,2.549607474777794,7,ALLEN LAUNCH;COOP LAUNCH;ELON LAUNCH;KIRK LAUNCH;SWIFT LAUNCH,106.0,True,True,0.9993793492539448,0.0006206507460551758,353.824983,22.43340932644615,False,,416.1384659167185,272.98236300895115,Grail,Grail app + external,Flipper
0x765682c1c7d451f0e2c4540d642b822d7d0876bd,3,1781809859,-0.5092626506893976,3,COOP LAUNCH;SWIFT LAUNCH;World Cup 2026,103.0,True,True,1.0,0.0,50.545818,0.0001289789920581305,False,,136.917383,-11.379391170282322,Grail,Grail app + external,Flipper
0x618d68e225c9ac8a1dfe11c8a26906f9da92407e,4,1781016435,4.457417193877551,5,ALLEN LAUNCH;COOP LAUNCH;ELON LAUNCH;SWIFT LAUNCH,98.0,True,True,1.0,0.0,534.826885,0.0,False,,534.8268850000001,452.826885,Grail,Grail app only,Flipper
0xf49ce99ad91f9c7ece36970d799c8d8d9c4cfcf2,5,1781015883,17.391903608225725,6,ALLEN LAUNCH;COOP LAUNCH;ELON LAUNCH;Founder;SWIFT LAUNCH,98.0,True,True,0.29497711149982897,0.705022888500171,1073.409044,728.9975096061211,False,,2825.000873,770.1338021763427,Grail,Grail app + external,Holder
0x662179fafe29347c2c425c7226ee89e3d9ef155d,2,1781810217,-0.14835616448179212,2,COOP LAUNCH;World Cup 2026,95.0,True,True,0.7159874785698441,0.2840125214301558,62.226129,18.680035374229753,False,,408.739197,49.42282429931178,Grail,Grail app + external,Partial seller
0x20c3c97f6ad8ca78b8c30243bf4f487e884d353e,3,1781017353,0.8553898145402223,4,COOP LAUNCH;ELON LAUNCH;SWIFT LAUNCH,90.0,True,True,0.7782545534847141,0.22174544651528597,21.044558000000002,145.94052530862,False,,21.044558000000002,139.6886048529923,Grail,Grail app only,Partial seller
0x3dfac8d40954ac9a0d1b18fa5e69e080f326760f,3,1781017483,0.7877164038138889,4,COOP LAUNCH;ELON LAUNCH;SWIFT LAUNCH,90.0,True,True,0.82299525096376,0.17700474903623997,22.360139,138.53433734325,False,,22.360139,136.74623711543614,Grail,Grail app only,Partial seller
0x3f5badee3fcfa1c73159629801de1af4548ddb2f,3,1781016035,3.396395588888889,4,COOP LAUNCH;ELON LAUNCH;SWIFT LAUNCH,90.0,True,True,1.0,0.0,395.67560299999997,0.0,False,,406.229644,167.53307952722776,Grail,Grail app only,Flipper
0x44ecc8f0d3c3610ffd2c201b85a4e496c3fcfea5,1,1781809859,-1.0,1,World Cup 2026,90.0,False,False,0.0,0.0,0.0,0.0,False,,0.0,0.0,No swaps,No swaps,Unredeemed
0x6f1939d9aac9572912366298aca21af9b37bea93,3,1781016917,3.8085008856857776,4,COOP LAUNCH;ELON LAUNCH;SWIFT LAUNCH,90.0,True,True,0.7413791193297248,0.2586208806702753,310.858255,121.90682471172,False,,310.858255,339.61677148789056,Grail,Grail app only,Partial seller
0x7313ce5bb2482bbf57420221e8c6efc72b4a3ede,3,1781809907,2.8626117983475727,3,Founder;KIRK LAUNCH;World Cup 2026,90.0,True,True,1.0,9.546984794589034e-18,347.630221,0.00484085128150889,False,,6630.579209,2943.5381190038406,Grail,Grail app only,Flipper
0x830588c0f09fe56f66e53ac937136ec94497e12c,3,1781017341,0.6873126765527777,4,COOP LAUNCH;ELON LAUNCH;SWIFT LAUNCH,90.0,True,True,0.8092637815599115,0.1907362184400885,50.075584,101.78255688975,False,,50.075584,126.13567855400584,Grail,Grail app only,Partial seller
0x86f308168464506aeb59b87e7764316458632600,3,1781017463,0.836144997463178,4,COOP LAUNCH;ELON LAUNCH;SWIFT LAUNCH,90.0,True,True,0.7919465630905704,0.2080534369094296,28.323844,136.92920577168601,False,,28.323844,136.3824517021514,Grail,Grail app only,Partial seller
0x88422e46ac04bd166cc617fc42831d04f0241085,4,1781020175,2.637108222222223,4,ALLEN LAUNCH;COOP LAUNCH;ELON LAUNCH;SWIFT LAUNCH,90.0,True,True,1.0,2.7271963849006356e-17,327.33974000000006,0.0,False,,525.185261,215.800261,Grail,Grail app only,Flipper
0xfd498df93ec5a75649a23cfa27c19e68c23251a3,4,1781015869,8.170248811363075,5,ALLEN LAUNCH;COOP LAUNCH;ELON LAUNCH;KIRK LAUNCH,90.0,True,True,0.99642005366517,0.003579946334830032,822.4663089999999,2.856084022676893,False,,1000.625281,722.2328680478053,Grail,Grail app only,Flipper
0x6b41abdca985ec9c6c675f8b20004ad1002dd783,5,1782485551,1.4609798505747125,7,ALLEN LAUNCH;COOP LAUNCH;KAI LAUNCH;KIRK LAUNCH;SWIFT LAUNCH,87.0,True,True,1.0,4.269405001367552e-17,214.105247,0.0,False,,214.105247,45.74065180961891,Grail,Grail app only,Flipper
0x93b0ac79741c251714c24cd2a2dec2e2b16423ee,4,1782485581,1.748645068965517,6,ALLEN LAUNCH;COOP LAUNCH;KAI LAUNCH;SWIFT LAUNCH,87.0,True,True,1.0,0.0,239.13212099999998,0.0,False,,1032.167539,237.34122656706782,Grail,Grail app + external,Flipper
0x2b1f9682f9cc665832b5caf267f24aa325cdcedf,2,1781017153,6.445389959378419,3,ELON LAUNCH;SWIFT LAUNCH,85.0,True,True,0.9961004181808545,0.0038995818191455505,630.347587,2.510559547165606,False,,930.431773,528.3041134956766,OKX Wallet,Grail app + external,Flipper
0x3178fc052c3cbfcd2bd2008bc9787edfd12cd6dc,2,1781016319,4.651333729411765,3,ELON LAUNCH;SWIFT LAUNCH,85.0,True,True,1.0,0.0,480.363367,0.0,False,,686.239781,55.96482596269897,Grail,Grail app + external,Flipper
0xe0f01c8be4cc91fcf17d1255e30413cf89576346,2,1781016035,55.40901924705883,3,ELON LAUNCH;SWIFT LAUNCH,85.0,True,True,0.9999999987399576,1.2600423815456453e-09,4794.766636,0.0,False,,95301.828301,19218.987958918504,Grail,Grail app + external,Flipper
0x0dad0e5ca7449f6291b008577010f4bde03e55eb,3,1781016157,2.2856629024390243,3,COOP LAUNCH;ELON LAUNCH;SWIFT LAUNCH,82.0,True,True,1.0,0.0,269.424358,0.0,False,,588.800699,58.998401916699194,Grail,Grail app only,Flipper
0x12c0a95e75064ad1e12529e7a6039eab054272ae,3,1781016537,2.934974926829268,3,ALLEN LAUNCH;COOP LAUNCH;ELON LAUNCH,82.0,True,True,1.0,0.0,322.667944,0.0,False,,560.190419,306.2288773391671,Grail,Grail app only,Flipper
0xa4d41fe1ae9822020789f251659b1256e1d09777,3,1781019791,-0.7336306497513165,3,ALLEN LAUNCH;COOP LAUNCH;ELON LAUNCH,82.0,True,True,0.9999970731027759,2.9268972240905427e-06,21.84111,0.001176720392044928,False,,26.437241,11.438574496384133,Grail,Grail app only,Flipper
0xf09862c059eb0b18b8d8661a9d46c6ceee73b728,3,1781016191,-0.6468755301573319,3,ALLEN LAUNCH;COOP LAUNCH;ELON LAUNCH,82.0,True,True,1.0,0.0,28.704523000000002,0.25168352709878866,False,,54.259148,-31.827390190800553,0x API (Matcha/Rabby),Grail app + external,Flipper
0x1b7a18879af7bbc5df6f27be0686a5cef890d9ba,2,1781016123,2.325059636363636,2,ELON LAUNCH;SWIFT LAUNCH,77.0,True,True,1.0,0.0,256.029592,0.0,False,,299.426838,175.502586875,OKX Wallet,External only,Flipper
0x4f234ea0b719d989caff43ffc46f5c292624d4d8,3,1781017353,7.004298195870623,3,ELON LAUNCH;Founder;SWIFT LAUNCH,77.0,True,True,0.9999991016261839,8.983738161335479e-07,614.8501150000001,1.4808460820379115,False,,4575.227888,1180.9660464763087,Grail,Grail app + external,Flipper
0xbe3d4dc77185b38a50640bc3f7be1cfaeb09c53a,2,1781016373,6.704270238099549,2,ELON LAUNCH;SWIFT LAUNCH,77.0,True,True,0.9999999999999999,1.1627274940867505e-16,577.0311330000001,16.1976753336652,False,,4344.395675,-392.614467276235,OKX Wallet,Grail app + external,Flipper
0x35c878ff10587b16c55a781c538c2dd95346767d,3,1781017663,-0.999999999999984,3,COOP LAUNCH;ELON LAUNCH;Founder,74.0,True,True,0.9999999999999978,2.2426741898540204e-15,0.0,1.1852150710398858e-12,False,,0.0,0.0,No swaps,No swaps,Flipper
0x3a7267635c171d7a8fb326d57f0ff9d8e79820b8,2,1781017083,0.6380434054054056,2,COOP LAUNCH;ELON LAUNCH,74.0,True,True,1.0,0.0,121.21521200000001,0.0,False,,2663.20949,-113.67563439167094,Grail,Grail app + external,Flipper
0x4ddba3e9b3845cf08c17d8e3b210daeae6e0ca7d,3,1781016743,-0.754918797297255,3,COOP LAUNCH;ELON LAUNCH;Founder,74.0,True,True,0.9999999999999941,5.846525172193825e-15,18.136009,3.130036125471151e-12,False,,52.965768000000004,6.5394079000013114,Grail,Grail app only,Flipper
0x8084c41c8ae279f7dd0456e7924421237f590646,2,1781018529,3.8629710270270268,2,COOP LAUNCH;ELON LAUNCH,74.0,True,True,1.0,0.0,359.859856,0.0,False,,359.859856,285.859856,Grail,Grail app only,Flipper
0x91ef2eaa17cddfe1b80369dea2edefc15b43ee94,3,1781016191,0.01713377027029006,3,COOP LAUNCH;ELON LAUNCH;Founder,74.0,True,True,0.9999999999999963,3.620947617090157e-15,75.267899,1.464390697947437e-12,False,,114.956499,-16.896083123032973,Grail,Grail app only,Flipper
0x9a913c9055c3333c75125f1cf83ee152b18c8ae3,2,1781018205,6.542346810810812,2,COOP LAUNCH;ELON LAUNCH,74.0,True,True,1.0,0.0,558.1336640000001,0.0,False,,591.1300640000001,477.206064,Grail,Grail app + external,Flipper
0xe21f548b8910846aabaa062fa7c9821e64de9cb1,3,1781017583,3.793855179013514,3,COOP LAUNCH;ELON LAUNCH;Founder,74.0,True,True,0.9593740382862519,0.04062596171374809,323.363375,31.381908247,False,,1422.914035,-432.7606012057355,Grail,Grail app + external,Flipper
0xed7bede5640254c60095257ddec0533a36a2200e,3,1781018511,3.3946478108108105,3,COOP LAUNCH;ELON LAUNCH;KIRK LAUNCH,74.0,True,True,1.0,0.0,325.203938,0.0,False,,325.203938,221.882869,Grail,Grail app only,Flipper
0xedf9aacfbde1e0fadaaecb8122edd61b10697816,2,1781017115,1.6626436486486567,2,COOP LAUNCH;ELON LAUNCH,74.0,True,True,0.9999999999999989,1.1628456575783766e-15,197.03563,5.877926949639516e-13,False,,230.469539,156.0726772067838,Grail,Grail app only,Flipper
0xf437501b147111ca79c304149a8f6c119e2d5c6e,2,1781017601,1.8155766756756755,2,COOP LAUNCH;ELON LAUNCH,74.0,True,True,1.0,0.0,208.35267399999998,0.0,False,,208.35267399999998,134.35267399999998,Grail,Grail app only,Flipper
0xf9545c1661efc79cb66c2647086791633fb6f59a,2,1781015903,4.046988513513513,2,COOP LAUNCH;ELON LAUNCH,74.0,True,True,1.0,0.0,373.47715,0.0,True,Sniper,828.263562294338,519.9576982153537,BasedBot,Grail app + external,Flipper
0xf9618f5eef7ab2ade5da71508e73ff5f1df6fc4b,2,1781016513,2.2880118243243244,2,COOP LAUNCH;ELON LAUNCH,74.0,True,True,1.0,0.0,243.31287500000002,0.0,False,,243.31287500000002,169.31287500000002,Grail,Grail app + external,Flipper
0xfbcd62d39d74f061374098f51548cdeb34488521,3,1781016815,-0.47216802985297235,3,COOP LAUNCH;ELON LAUNCH;Founder,74.0,False,False,0.0,0.0,0.0,39.05956579088004,False,,1043.4132501342146,-490.5242513059945,Grail,Grail app + external,Unredeemed
0x0dbebf0248cf14848f58c6cf7360947609224da4,4,1782485687,1.5533520140845072,5,COOP LAUNCH;KAI LAUNCH;KIRK LAUNCH;SWIFT LAUNCH,71.0,True,True,1.0,0.0,181.287993,0.0,False,,181.287993,80.30709300000001,Grail,Grail app only,Flipper
0x23c10b8ba82ab7bbab0c2d45e4df802cc509d32a,3,1782485649,5.847710845070423,4,COOP LAUNCH;KAI LAUNCH;SWIFT LAUNCH,71.0,True,True,1.0,0.0,486.18747,0.0,False,,591.45334,352.0657764,Grail,Grail app + external,Flipper
0x43ca9b301663af944fcc5c307ffde09dcd694f0f,3,1782485503,1.763299056338028,4,COOP LAUNCH;KAI LAUNCH;SWIFT LAUNCH,71.0,True,True,0.9999497167228952,5.028327710476787e-05,196.194233,0.0,False,,369.96097499999996,176.53752643611077,Grail,Grail app + external,Flipper
0xcc5926ddebdc8afcfeaddae4ace16e9901dca0a5,3,1782485485,10.563273255589824,4,COOP LAUNCH;KAI LAUNCH;SWIFT LAUNCH,71.0,True,True,1.0,0.0,820.99098,0.0014211468774526794,False,,1851.544648,816.5806968379569,Grail,Grail app only,Flipper
0x0554379b2f9e79cd86e0d31bd3caad0a0dbecc17,1,1781016059,7.100851016036783,1,ELON LAUNCH,69.0,True,True,1.0,0.0,538.800197,20.158523106537984,False,,2031.173622,573.4425092774113,Grail,Grail app + external,Flipper
0x0d21ef751e5e374cc5739434f136ffce2d431175,1,1781018431,6.449591754492753,1,ELON LAUNCH,69.0,True,True,1.0,0.0,451.764598,62.257233060000004,False,,451.764598,445.02183105999995,Grail,Grail app only,Flipper
0x10e9a9b6755ee52789343c656241a83450524de1,1,1781020249,-1.0,1,ELON LAUNCH,69.0,True,True,1.0,0.0,0.0,0.0,False,,0.0,0.0,No swaps,No swaps,Flipper
0x1bb42ee14895f93bbd377f2b2802b11b6ee40b9b,1,1781018259,6.010478172193044,1,ELON LAUNCH,69.0,True,True,1.0,0.0,426.321825,57.40116888132003,False,,426.321825,414.72299388132,Bots / Direct,External only,Flipper
0x1d76bae9afebd67f2560ee9dd85a2022b2bda914,2,1781016027,6.04887524637681,2,ELON LAUNCH;KIRK LAUNCH,69.0,True,True,1.0,0.0,486.37239199999993,0.0,False,,5562.833677856832,867.4165660873878,Grail,Grail app + external,Flipper
0x31812d343117f062bf6db7d235afd03dde2c8bb4,1,1781016557,1.6865199420289856,1,ELON LAUNCH,69.0,True,True,1.0,0.0,185.369876,0.0,False,,185.369876,116.369876,Bots / Direct,External only,Flipper
0x3e2e77a3501f2aec2639ac314046686ab595cdf3,1,1781016629,0.4473263623188406,1,ELON LAUNCH,69.0,True,True,1.0,0.0,99.865519,0.0,False,,1561.658449,-336.09214778302453,Other / Unknown,External only,Flipper
0x4e489bd4ba95145853fa36a032b715b03ae4ee2f,1,1781016837,4.545751,1,ELON LAUNCH,69.0,True,True,1.0,0.0,382.656819,0.0,False,,1267.514842,-276.98580246383796,Grail,Grail app + external,Flipper
0x4e88717518c8ae9aa3930298cbd1c1f6b7e83ec1,1,1781015895,50.304358695652176,1,ELON LAUNCH,69.0,True,True,1.0,0.0,3540.00075,0.0,True,Sniper,43083.31125834047,8278.917405523862,Uniswap App,Grail app + external,Flipper
0x522cdb874b499f1518b4f584e5fbb8c8f4e31603,1,1781015967,1.9877315652173912,1,ELON LAUNCH,69.0,True,True,1.0,0.0,206.153478,0.0,False,,1345.696979,173.62889984778184,GMGN,Grail app + external,Flipper
0x58f617d0a859cbbc04f269c126dd6bd0b5174679,1,1781016251,1.5962712898550726,1,ELON LAUNCH,69.0,True,True,1.0,0.0,179.142719,0.0,False,,2532.362495,-11.947787436013748,0x API (Matcha/Rabby),External only,Flipper
0x6a10d50c1b25e6eea5c9a2153a2f111199c1cd4e,2,1781016367,2.065111260869565,2,ELON LAUNCH;Founder,69.0,True,True,1.0,0.0,211.492677,0.0,False,,2343.20928,-82.62079420455751,Grail,Grail app only,Flipper
0x6acfcc1e5133a4a4e397efdc14b1cd0903cbe1cc,1,1781019285,5.196180594202899,1,ELON LAUNCH,69.0,True,True,1.0,0.0,427.53646100000003,0.0,False,,471.964193,366.0929013638497,OKX Wallet,Grail app + external,Flipper
0x70b2ee03ed78855c612f9ca0bed658aa740d24c1,1,1781018111,3.3752299189624013,1,ELON LAUNCH,69.0,True,True,1.0,4.7369515717340015e-17,283.35752899999994,18.533335408405748,False,,1572.9630221996545,501.2841084417356,Grail,Grail app + external,Flipper
0x7695d6078c0bb810eb1be45e13f3d58bff903d2c,2,1781016345,4.416827521739131,2,ELON LAUNCH;Founder,69.0,True,True,1.0,0.0,373.761099,0.0,False,,3316.880542,1458.7175593417796,Grail,Grail app only,Flipper
0x77b25381694b7e81e7b6419d40a9d5c70c1b2cb5,1,1781021257,-1.0,1,ELON LAUNCH,69.0,False,False,0.0,0.0,0.0,0.0,False,,0.0,0.0,No swaps,No swaps,Unredeemed
0x98c43cd41e4a41f9b093146a2e2105f2a0bcd544,1,1781017055,-1.0,1,ELON LAUNCH,69.0,True,True,1.0,0.0,0.0,0.0,False,,0.0,0.0,No swaps,No swaps,Flipper
0x9ae6b57c7d70bce7c8ada556d41f6e13c0799f45,2,1781015939,15.22754762925155,2,ELON LAUNCH;Founder,69.0,True,True,1.0,0.0,1087.78649,31.914296418356916,False,,21592.488098,8631.448496925841,Grail,Grail app + external,Flipper
0x9c81235b2fda4687e0159b19f56e835712ab0a8a,1,1781022819,2.7392002463768117,1,ELON LAUNCH,69.0,True,True,1.0,0.0,258.004817,0.0,False,,258.004817,189.004817,Grail,Grail app only,Flipper
0xa3c1cd90099dc4a1607263836483655aba62b2b3,1,1781015985,4.954901144927536,1,ELON LAUNCH,69.0,True,True,1.0,0.0,410.888179,0.0,False,,3100.354886,1097.2766449956177,Grail,Grail app + external,Flipper
0xa802524c4af4fb2832333d6922a4731c626b7430,1,1781021009,2.5175666095652174,1,ELON LAUNCH,69.0,True,True,0.75,0.25,180.454863,62.257233060000004,False,,453.3655489975978,169.19196958762612,Grail,Grail app + external,Partial seller
0xaf21ae3bbebd8d3672cff25b6203104018bb8457,1,1781016589,6.168605492753623,1,ELON LAUNCH,69.0,True,True,1.0,0.0,494.633779,0.0,False,,1127.4064250000001,276.91354326695324,Grail,Grail app + external,Flipper
0xc0a7b5d19f06890828b2887b456f47962b9529a9,2,1781018373,-0.10248453069578678,2,ELON LAUNCH;Founder,69.0,True,False,0.0,1.0,0.0,61.92856738199071,False,,100.159488,-151.2533546002331,Bots / Direct,External only,Holder
0xc17a2e9afd0e5d257c7f8de715f89f482e196c20,1,1781018607,6.494813681159421,1,ELON LAUNCH,69.0,True,True,1.0,0.0,517.142144,0.0,False,,517.142144,448.14214400000003,Grail,Grail app only,Flipper
0xc66d3cdf5bbd8c36c478be93fbe3796c772ac6b4,1,1781019265,4.747899304347826,1,ELON LAUNCH,69.0,True,True,1.0,0.0,396.605052,0.0,False,,396.605052,327.605052,Grail,Grail app only,Flipper
0xd395c8989cc132b76b44ca1acfd17186524304a3,1,1781016283,2.517966344868435,1,ELON LAUNCH,69.0,True,True,1.0,3.552713678800501e-17,242.739094,0.0005837959220475686,False,,476.72263300000003,67.47605375956354,Grail,Grail app + external,Flipper
0xdbbef500e484c829bbae0f8c7a1644e12adcec6e,1,1781016151,1.9572859612262747,1,ELON LAUNCH,69.0,True,True,0.988963045967586,0.011036954032414031,201.304088,2.7486433246129476,False,,203.297088,133.05973132461295,Other / Unknown,Grail app + external,Flipper
0xe592fea2d09800c14f9f27d0ace7300be171f48c,1,1781017427,1.792213260869565,1,ELON LAUNCH,69.0,True,True,0.9815923617492769,0.018407638250723096,192.662715,0.0,False,,250.199926,145.8359148972351,Grail,Grail app only,Flipper
0xe72013c9b98286a70bd5d9c6e42ddda285c577a7,2,1781017415,4.788811642565218,2,ELON LAUNCH;KIRK LAUNCH,69.0,True,True,1.0,0.0,399.095298,0.3327053369999968,False,,2396.671931,571.0602081501714,GMGN,External only,Flipper
0xe8866b49d62050fea07f5f4aa29c5c5c58f7ee6e,1,1781021693,3.50280336231884,1,ELON LAUNCH,69.0,True,True,1.0,0.0,310.693432,0.0,False,,2917.096836,94.77551199999994,GMGN,Grail app + external,Flipper
0xf176dc0a5750c977eb7c9622d2d02bf5a0ce0e7b,1,1781020321,-1.0,1,ELON LAUNCH,69.0,False,False,0.0,0.0,0.0,0.0,False,,1.1844350000000001,-0.0035623354863698518,Grail,Grail app + external,Unredeemed
0xfd8d3023e2897dc555df02cb69d0a712f2f1243a,1,1781022549,-1.0,1,ELON LAUNCH,69.0,False,False,0.0,0.0,0.0,0.0,False,,175.083789,19.386208609537448,Grail,Grail app + external,Unredeemed
0x8051b56ec53f61591329785e0991179367173745,2,1786981337,2.5756525900757574,3,ALLEN LAUNCH;KAI LAUNCH,66.0,True,True,0.999269180617297,0.0007308193827030685,235.83085200000002,0.1622189449999908,False,,677.1451661221334,176.34755998074465,Grail,Grail app + external,Flipper
0xb3bf33014e6a86e97ee9fff72fe784fd5c37f429,2,1786981293,0.27662444186015667,3,ALLEN LAUNCH;KAI LAUNCH,66.0,True,True,0.9357882905661377,0.0642117094338623,79.378951,4.878262162770345,False,,302.0011529529351,6.18602883560378,Grail,Grail app + external,Partial seller
0xb4331f5c849a61dd4834d5afc1ea0d897cac65e9,2,1786981371,0.10402719696969687,3,ALLEN LAUNCH;KAI LAUNCH,66.0,True,True,1.0,0.0,72.86579499999999,0.0,False,,72.86579499999999,6.8657949999999985,Grail,Grail app only,Flipper
0x2638a90bd3643e7fb34b9c539a2e2ebd535e6071,2,1786981315,-0.8637019542107538,2,ALLEN LAUNCH;KAI LAUNCH,58.0,False,False,0.0,0.0,0.0,7.905286655776281,False,,584.552193,322.6874764082469,Grail,Grail app only,Unredeemed
0x364f759eaaf37cfcbd220704de0ab7d65b07965d,2,1786981289,0.04687477631596182,2,ALLEN LAUNCH;KAI LAUNCH,58.0,True,True,0.21502229560616593,0.7849777043938341,11.800018,48.91871902632578,False,,174.90001800000002,24.292225768747716,Grail,Grail app only,Holder
0x517fa67831a99e6bb80a7c0b684d251c6380275c,2,1786981403,5.739664862068965,2,ALLEN LAUNCH;KAI LAUNCH,58.0,True,True,1.0,0.0,390.900562,0.0,False,,390.900562,332.900562,Grail,Grail app only,Flipper
0x767f14ebf41bf92b1aedc258c4bf8561e0eaf315,2,1786981267,8.066508655172415,2,ALLEN LAUNCH;KAI LAUNCH,58.0,False,False,0.0,0.0,525.8575020000001,0.0,False,,2765.143889,136.9782770139345,Grail,Grail app + external,Unredeemed
0x2c40aa8bbd0b49415ec80bc91ebf6d39c0e586bd,3,1784584493,0.4411977818181816,3,COOP LAUNCH;KAI LAUNCH;KIRK LAUNCH,55.0,True,True,1.0,0.0,79.26587799999999,0.0,False,,89.97838899999999,-4.069055500000006,Grail,Grail app only,Flipper
0x6f790950f9a0fb4536fd856255b985188a8bb6c5,3,1784584477,0.4662684181818182,3,COOP LAUNCH;KAI LAUNCH;KIRK LAUNCH,55.0,True,True,1.0,0.0,80.644763,0.0,False,,90.00181,-3.792233375000002,Grail,Grail app only,Flipper
0xb3c83b2113a23d2bb7a11740b2cb80ff14abf1d0,2,1785870533,0.20419174545454544,2,COOP LAUNCH;KAI LAUNCH,55.0,True,True,0.9999999999999997,3.6299941830812276e-16,66.230546,0.0,False,,68.38116000000001,10.861160000000023,Grail,Grail app + external,Flipper
0xb748c3d2f76f274af98d6ae5140a3780a5aab818,2,1785870471,0.024018278756249956,2,COOP LAUNCH;KAI LAUNCH,55.0,True,True,0.98207500092763,0.017924999072369965,55.448673,0.8723323315937523,False,,519.972772,114.49406627365289,Grail,Grail app only,Flipper
0xded6272cbdd53f82ff235a0216ed368e0e27a98a,2,1785871209,2.9983419272727274,2,COOP LAUNCH;KAI LAUNCH,55.0,True,True,1.0,0.0,219.908806,0.0,False,,219.908806,169.908806,Grail,Grail app only,Flipper
0x049ec346b74b5b5917b332958f997fad14fdc80a,1,1787584161,0.08442507999999993,1,KAI LAUNCH,50.0,True,True,1.0,0.0,54.221254,0.0,False,,54.221254,4.221254000000002,Grail,Grail app only,Flipper
0x08f7ce42b6477fd129e1c467af5c1bacbbf73349,1,1787584153,-0.027938020000000008,1,KAI LAUNCH,50.0,True,True,1.0,0.0,48.603099,0.0,False,,48.603099,-1.3969009999999997,Grail,Grail app only,Flipper
0x19c163d280ff6555e4d1fafadf0c17505c12159c,2,1784584505,0.6398912400000001,2,KAI LAUNCH;KIRK LAUNCH,50.0,True,True,1.0,0.0,81.994562,0.0,False,,136.989541,7.046002212687208,Grail,Grail app only,Flipper
0x30db6b5cf544851dfcb3cdb6a145a634bac77e1e,1,1787584139,0.9385460429025501,1,KAI LAUNCH,50.0,True,True,0.10354393470858181,0.8964560652914182,53.300655,43.62664714512749,False,,883.4250436942791,172.71100217007483,Fomo,Grail app + external,Holder
0x3378d3703e9a7acca93123d565236c736fba0f02,1,1787584155,0.08123740000000002,1,KAI LAUNCH,50.0,True,True,1.0,0.0,54.06187,0.0,False,,54.63187,4.1487442298934845,Grail,Grail app only,Flipper
0x5cec532257db856b9cc7c9cd23ba1e72cc57ac60,1,1787584211,0.012099159999999998,1,KAI LAUNCH,50.0,True,True,1.0,0.0,50.604958,0.0,False,,50.604958,0.6049580000000034,Grail,Grail app only,Flipper
0x5fcabfef2b7af7ac4fbd5799dc9c8902b712e0b1,2,1784584503,0.6392643599999999,2,KAI LAUNCH;KIRK LAUNCH,50.0,True,True,1.0,2.7098142837556288e-17,81.963218,0.0,False,,111.483216,7.5918360000000025,Grail,Grail app only,Flipper
0xfef7d5e91e34498849d8d9a99066c80209ffaa98,1,1787584133,0.11907334000000014,1,KAI LAUNCH,50.0,True,True,1.0,0.0,55.953667,0.0,False,,86.782549,6.9903545810581305,Grail,Grail app only,Flipper
0x6bd032e99440eb400bb783a162869e07cb377dd4,2,1783382665,11.750857984,3,Founder;KIRK LAUNCH,25.0,True,True,0.5,0.5,52.60718,266.1642696,False,,89.35222,163.12583572243034,Grail,Grail app only,Holder
0x06390665675a827ae6733ec291fbdf5df852d022,2,1785870381,0.8819066666666668,3,ALLEN LAUNCH;COOP LAUNCH,21.0,True,True,1.0,0.0,39.52004,0.0,False,,8091.469619282322,1043.174764031785,Grail,Grail app + external,Flipper
0x5da41929367056e2b6099a7a3f4fb94b106a0d88,3,1783385805,4.467475778006742,4,ALLEN LAUNCH;COOP LAUNCH;Founder,21.0,True,True,0.9953677551008259,0.0046322448991741125,114.31451100000001,0.5024803381415849,False,,291.254166,-67.89886212316756,Grail,Grail app + external,Flipper
0x984332f81679556cad592e5b6ece39157be4d77f,3,1782485473,5.74934780952381,4,COOP LAUNCH;Founder;SWIFT LAUNCH,21.0,True,True,0.7996103919704071,0.20038960802959294,117.55448200000001,24.181822,False,,2044.311372,196.13533733990974,Grail,Grail app + external,Partial seller
0xa344c23b231bf3733bd15889154b338f3ada3994,3,1782485663,2.124106380952381,3,ALLEN LAUNCH;COOP LAUNCH;SWIFT LAUNCH,21.0,True,True,1.0,0.0,65.606234,0.0,False,,113.49257899999999,52.812579,Grail,Grail app only,Flipper
0xa7a8dc3bc1c165c15cbb6413fad73f21cf76775a,2,1782485461,6.417642261580952,3,COOP LAUNCH;SWIFT LAUNCH,21.0,True,True,0.1515040882802604,0.8484959117197396,19.937711,135.8327764932,False,,24.917011000000002,132.5199946529318,Grail,Grail app only,Holder
0xc929694bd96503d2edc4cce650b7141385ce244d,2,1785872483,1.0136082380952383,3,ALLEN LAUNCH;COOP LAUNCH,21.0,True,True,1.0,0.0,42.285773,0.0,False,,76.684889,21.474097658665173,Grail,Grail app only,Flipper
0xe20513c8ec4c6fe228109860e38256a2445d0871,2,1785870903,0.8780693178074146,3,ALLEN LAUNCH;COOP LAUNCH,21.0,True,True,0.9889072736052253,0.011092726394774648,38.971938,0.4675176739557039,False,,413.13398800000004,68.6748226927002,Grail,Grail app only,Flipper
0xfd7e848a6d04bf5bc7bc2db5270b82f0960edb7a,3,1782485697,3.161895761904762,3,ALLEN LAUNCH;COOP LAUNCH;SWIFT LAUNCH,21.0,True,True,1.0,3.669485171596153e-17,87.399811,0.0,False,,554.813318,64.71538526682859,Grail,Grail app only,Flipper
0x26a94f0606da706609dc199b3e34629d8103e4b1,1,1782485725,8.07787919375,2,SWIFT LAUNCH,16.0,True,False,0.0,1.0,0.0,145.2460671,False,,0.0,0.0,No swaps,No swaps,Holder
0xfaf6bb8f1a300130fb9dc582dc8363a50841882d,1,1782485485,-0.07796274999999997,2,SWIFT LAUNCH,16.0,True,True,1.0,0.0,14.752596,0.0,False,,24.733596,-3.4679461492078794,Grail,Grail app only,Flipper
0x6dfd55178d40805ada988242a40fe5d232daf4d5,2,1785872637,1.1222276153846154,2,ALLEN LAUNCH;COOP LAUNCH,13.0,True,True,1.0,0.0,27.588959,0.0,False,,40.937165,12.937164999999998,Grail,Grail app only,Flipper
0x7cb92ec5c0f037a9fab22aefece90dd8c9ebbe03,2,1785873343,1.069666230769231,2,ALLEN LAUNCH;COOP LAUNCH,13.0,True,True,1.0,0.0,26.905661000000002,0.0,False,,67.756989,15.173885999999998,Grail,Grail app only,Flipper
0x8ecd92e9fd3bd43bf11ba4dbe39a6bc20cb4c3ab,3,1784584711,13.300375400148916,3,ALLEN LAUNCH;COOP LAUNCH;KIRK LAUNCH,13.0,True,True,0.9960391174576153,0.003960882542384664,184.660637,1.2442432019358889,False,,329.486057,135.5861420073644,Grail,Grail app only,Flipper
0xee2687dc95818a7860aa05213d1e446177e867e0,1,1782485567,4.544697375,1,SWIFT LAUNCH,8.0,True,True,1.0,0.0,44.357579,0.0,False,,197.753563,-21.607067378874696,Grail,Grail app + external,Flipper
0x09aa1ae74d946c06e053dcb9845e4f796e4c2151,1,1785872311,1.8139045999999999,1,COOP LAUNCH,5.0,True,True,1.0,0.0,14.069523,0.0,False,,14.069523,9.069523,Grail,Grail app only,Flipper
0x11e8b163b76b31447c0139e0a9748f5271c00e9c,1,1785871517,-1.0,1,COOP LAUNCH,5.0,False,False,0.0,0.0,0.0,0.0,False,,4.95909,3.9324264253528343,Grail,Grail app + external,Unredeemed
0x2095293a2dc3d9bbd5d7f0b3c997b1d6ba119b6b,1,1785873627,1.7484516,1,COOP LAUNCH,5.0,True,True,1.0,0.0,13.742258,0.0,False,,13.742258,8.742258,Grail,Grail app only,Flipper
0x391153478387377122ba2dc2b019a0fe15f1b604,1,1785871323,2.2266162,1,COOP LAUNCH,5.0,True,True,1.0,0.0,16.133081,0.0,False,,26.038924,6.0389240000000015,Grail,Grail app only,Flipper
0x3d4f21e6b488bcf2104d2a80496a792521e31283,2,1785875951,7.156831251383508,2,COOP LAUNCH;Founder,5.0,True,False,0.0,1.0,0.0,40.78415625691754,False,,106.98795000000001,52.97893663619301,Grail,Grail app + external,Holder
0x53528223bb4497afc06472f020bac475e8e629ff,1,1785871059,1.7728228000000001,1,COOP LAUNCH,5.0,True,True,1.0,0.0,13.864114,0.0,False,,28.370189,8.370189,Grail,Grail app only,Flipper
0x5aa7d123ce5747f8dcb0f4d215055f042129d0df,1,1785871667,1.8192806,1,COOP LAUNCH,5.0,True,True,1.0,0.0,14.096403,0.0,False,,14.096403,9.096403,Grail,Grail app only,Flipper
0x64c565ab31f5f2e86380b257ededbc36c8d270f9,1,1785870685,1.504778,1,COOP LAUNCH,5.0,True,True,1.0,0.0,12.52389,0.0,False,,12.52389,7.52389,Grail,Grail app only,Flipper
0x6c590e697c560c4853d5981fd2f692e0a5e00062,1,1785870435,-0.9999999999999516,1,COOP LAUNCH,5.0,True,True,0.9999999999999837,1.6342482922482306e-14,0.0,2.4193135271175e-13,False,,8.563179,-4.871728080329569,Grail,Grail app only,Flipper
0x7495bc652d193d0ee1a93f94b858b1d547956374,1,1785870933,1.968095,1,COOP LAUNCH,5.0,True,False,0.0,1.0,0.0,14.840475,False,,5.164199,7.790867758367353,Grail,Grail app only,Holder
0x7a7f9d4b2060257104562c6affcaf6057f647f48,1,1785872071,1.9436665999999998,1,COOP LAUNCH,5.0,True,True,1.0,0.0,14.718333,0.0,False,,14.718333,9.718333,Grail,Grail app only,Flipper
0x820741039a8113c1c0a04104676d0a2a801c1277,2,1784584645,7.363769399999999,2,COOP LAUNCH;KIRK LAUNCH,5.0,True,True,1.0,0.0,41.818847,0.0,False,,245.430344,3.8130380220488345,Grail,Grail app only,Flipper
0xb31fe637fd13f678020190a1a0f4634e2e7a02ef,1,1785881835,1.9269943609999998,1,COOP LAUNCH,5.0,True,True,0.35620000000000007,0.6437999999999999,5.080674,9.554297805,False,,79.393794,-7.617949086743415,Grail,Grail app + external,Holder
0xb4e3c83de3b39c352f91b479d73e1b4adeaa3ae4,1,1785871149,1.5822718,1,COOP LAUNCH,5.0,True,True,1.0,0.0,12.911359,0.0,False,,12.911359,7.911358999999999,Grail,Grail app only,Flipper
0xf00cbfa9d4ac1c24001000011ae4f670de1b5019,1,1785881565,1.968095,1,COOP LAUNCH,5.0,True,False,0.0,1.0,0.0,14.840475,False,,11530.114814989796,268.24778045345056,Grail,Grail app + external,Holder
0x05e486f5726b7de06f2bd69a1972f1b0d7fda20c,1,1783386627,,1,Founder,0.0,True,True,1.0,0.0,21.4795,0.0,False,,377.71806300000003,-151.7277391123136,Grail,Grail app + external,Flipper
0x0dd3c3c95a486c47febc259a4e5a3911fd9ea922,1,1783460515,,1,Founder,0.0,True,True,1.0,0.0,25.566174,0.0,False,,5109.901617,-494.9235337723309,Grail,Grail app only,Flipper
0x1224ef6405b42bb269d860fede4639d37c976fbd,1,1784584505,,1,KIRK LAUNCH,0.0,False,False,0.0,0.0,0.0,0.0,False,,4548.083062,3910.5068227940565,Other / Unknown,Grail app + external,Unredeemed
0x1533328f6212e07a26f4cea90789d621b14b7346,1,1783569341,,1,Founder,0.0,False,False,0.0,0.0,0.0,0.0,False,,77.38375,-5.874197582410867,Grail,Grail app only,Unredeemed
0x158792ac005ba268af54fa1316b867ce7fb7e40a,1,1784584555,,1,KIRK LAUNCH,0.0,True,True,1.0,0.0,27.593233,0.0,False,,27.593233,-0.2523470000000003,Grail,Grail app only,Flipper
0x1654b7ea307d2c3214fc7c7fe35b4bd214594b27,1,1783440695,,1,Founder,0.0,False,False,0.0,0.0,0.0,0.0,False,,49817.81913499454,-9578.694292525352,Grail,Grail app + external,Unredeemed
0x1bb44ec33676edab7df7c48dbf624b859dee3186,1,1783568793,,1,Founder,0.0,False,False,0.0,0.0,0.0,0.0,False,,120.8064,-3.527692228686941,Grail,Grail app only,Unredeemed
0x1c66f0b0e531389f0ca14230d8e28168b8791527,1,1783382303,,1,Founder,0.0,False,False,0.0,0.0,0.0,0.0,True,Serial sniper,1408.999229,331.30038344750307,Grail,Grail app + external,Unredeemed
0x1cca0855ea168426ffa62c4d514b296df11dec52,1,1783459337,,1,Founder,0.0,True,True,1.0,0.0,25.695402,0.0,False,,3699.620308,-1626.7157716021754,Grail,Grail app only,Flipper
0x1f1f0397c672e73046d6a158d865dad3dfcbd963,1,1783568919,,1,Founder,0.0,False,False,0.0,0.0,0.0,0.0,False,,119.808,-7.901080097733313e-06,Grail,Grail app only,Unredeemed
0x1f420bd811c0d818005392bcdf1fb4e11639a8ca,1,1784584599,,1,KIRK LAUNCH,0.0,True,True,1.0,0.0,26.61739,0.0,False,,26.61739,-0.40020900000000026,Grail,Grail app only,Flipper
0x1f99e396ae474cb37435db195394f3b7e96cf9eb,1,1784757697,,1,Founder,0.0,True,True,0.9279702464528952,0.07202975354710481,158.08615899999998,4.8363644,False,,1651.7497817772623,231.0983520962036,Grail,Grail app + external,Partial seller
0x25da769fede112e582ef8ea67b9f5f96b4c270da,1,1784584537,,1,KIRK LAUNCH,0.0,True,True,1.0,0.0,28.015739,0.0,False,,28.015739,-0.43228300000000175,Grail,Grail app only,Flipper
0x27115772707bd193e9bdab58c117be884d22e346,1,1787840143,,1,Founder,0.0,False,False,0.0,0.0,0.0,0.0,False,,0.0,0.0,No swaps,No swaps,Unredeemed
0x28c755811fc65de713d2338c0bc4267b95af76fc,1,1783385961,,1,Founder,0.0,True,True,1.0,0.0,19.825117,0.0,False,,1717.721174,571.089142754126,Bots / Direct,Grail app + external,Flipper
0x29bed086b7582a84dd1f290a37e9ea75fe7e8125,1,1783569733,,1,Founder,0.0,False,False,0.0,0.0,0.0,0.0,False,,99.84,-9.006586996742564,Grail,Grail app only,Unredeemed
0x2d6210d50f3cfbd4ad08b0d77851bed6df6a0f00,1,1783436519,,1,Founder,0.0,True,True,0.548088635514091,0.4519113644859089,19.776339,10.39818346,False,,4394.730156,8151.515906068506,BasedBot,Grail app + external,Partial seller
0x2da68dd46ff1fac8bd81fae86f1f9a4639c81917,1,1784584559,,1,KIRK LAUNCH,0.0,True,True,1.0,0.0,28.623742,0.0,False,,28.623742,-0.33467999999999876,Grail,Grail app only,Flipper
0x2f28a76712d42086b9f2f56a5c76772690a31225,1,1783570087,,1,Founder,0.0,False,False,0.0,0.0,0.0,0.0,False,,153.762811,-0.4606928494581086,Grail,Grail app only,Unredeemed
0x2f442b0f45598d9ee1e5f02187b03e6504845986,1,1783568585,,1,Founder,0.0,False,False,0.0,0.0,0.0,0.0,False,,90.307967,-4.214748545842388e-13,Grail,Grail app only,Unredeemed
0x31955a2690f5fce5fb0f0f051419e46c4a43009d,1,1783385839,,1,Founder,0.0,True,True,0.9913857771590293,0.008614222840970645,26.578625,0.15623070255651356,True,Sniper,6898.9514079808305,2385.4152817599183,Grail,Grail app + external,Flipper
0x319f28ff0b852292cda4a2bcd8a49e3dd2e0e678,1,1783569833,,1,Founder,0.0,True,False,0.0,1.0,12.508967,46.8735619,False,,133.639284,-18.259071402964075,Grail,Grail app only,Holder
0x38d7dd967a516883e49d24b884ea7784f88c1fa0,1,1784584655,,1,KIRK LAUNCH,0.0,True,True,1.0,0.0,26.226007,0.0,False,,82.042597,6.360745073567287,0x API (Matcha/Rabby),External only,Flipper
0x3900a3b08165a18e423c5b9897f8399c49dd7972,1,1783568249,,1,Founder,0.0,False,False,0.0,0.0,0.0,0.0,False,,110.8335,-5.975386126223229,Grail,Grail app only,Unredeemed
0x3e9e3d99a449fa3b1ca63aae2a7b9d11f689cf39,1,1783400345,,1,Founder,0.0,True,True,0.999999999999997,3.0316490059097606e-15,372.77187699999996,6.937446370135695,False,,5100.8432048129225,40.2674288280452,GMGN,External only,Flipper
0x42e6217b03ecbb7b5ebb503af6ec0ed07ed8aaa6,1,1783568403,,1,Founder,0.0,True,False,0.0,1.0,0.0,85.77803026000001,False,,139.776,-24.381097844997452,Grail,Grail app only,Holder
0x4359d0c6224f8a6f5b4473640095f1ed343b0479,1,1788198811,,1,Founder,0.0,False,False,0.0,0.0,0.0,0.0,False,,2557.5559983822154,598.8750250750053,Grail,Grail app + external,Unredeemed
0x4523d7f30bdb452049cc90d8ca77c2a2ff48cc01,1,1784584681,,1,KIRK LAUNCH,0.0,False,False,0.0,0.0,0.0,0.0,False,,0.0,0.0,No swaps,No swaps,Unredeemed
0x4768a13f05e7df1f3127769c041196320336d880,1,1783570169,,1,Founder,0.0,False,False,0.0,0.0,0.0,0.0,False,,87.899136,-8.180152747840467,Grail,Grail app only,Unredeemed
0x48b6205565d0ccdac3c9c34a7b255ec55adde579,1,1783567823,,1,Founder,0.0,False,False,0.0,0.0,0.0,0.0,False,,99.84,-0.9006739116664587,Grail,Grail app only,Unredeemed
0x48c457867ddefe44737307367f651ac9c0792048,1,1783569553,,1,Founder,0.0,False,False,0.0,0.0,0.0,0.0,False,,104.841984,-1.1146667472194608e-07,Grail,Grail app only,Unredeemed
0x522b0f2d4e1794ad9ee664aef7b08f5adc735d1d,1,1784584557,,1,KIRK LAUNCH,0.0,True,True,1.0,0.0,27.262073,0.0,False,,27.262073,-0.5835070000000009,Grail,Grail app only,Flipper
0x529d782001e95fa6eb8e9b13429282863b955673,1,1784584701,,1,KIRK LAUNCH,0.0,True,True,1.0,0.0,28.712213,0.0,False,,28.712213,-0.24620900000000034,Grail,Grail app only,Flipper
0x587f88d58cc01ffdca4a618570c78da823d56dbc,1,1783395119,,1,Founder,0.0,False,False,0.0,0.0,0.0,0.0,True,Serial sniper,6182.709835040431,2596.371752459706,Sigma,Grail app + external,Unredeemed
0x5d1f4f1e99a9d0866be15d7300b9ac2970e232d4,1,1784584709,,1,KIRK LAUNCH,0.0,True,True,1.0,0.0,23.527749,0.0,False,,367.77390405208166,257.2306139092717,Grail,Grail app + external,Flipper
0x5f2da12eaf21d3fceb83e440b1c26fa24acf8d86,1,1784584699,,1,KIRK LAUNCH,0.0,True,True,1.0,0.0,28.801094,0.0,False,,28.801094,-0.1573279999999997,Grail,Grail app only,Flipper
0x614d28c0f9b230bde602bd69449ccfbb178b5d21,1,1783568297,,1,Founder,0.0,False,False,0.0,0.0,0.0,0.0,False,,99.84,-0.7083743453854898,Grail,Grail app only,Unredeemed
0x62a2f5e9f3da9c3a1a63ed695c3c21057a067cf0,1,1784031695,,1,Founder,0.0,False,False,0.0,0.0,0.0,0.0,False,,229.42648,101.17703555440029,Grail,Grail app only,Unredeemed
0x634ff7bfa0d8c06f2423cd26b91bc76a368ddc92,1,1784584693,,1,KIRK LAUNCH,0.0,True,True,1.0,0.0,28.958422,0.0,False,,28.958422,-0.27134900000000073,Grail,Grail app only,Flipper
0x63cf3ac831758a3be61021eee208a1a49dda5340,1,1784584601,,1,KIRK LAUNCH,0.0,False,False,0.0,0.0,0.0,0.0,False,,903.342099,102.5484865303418,Unknown App E,External only,Unredeemed
0x641912df2efc83598dba04157c2437cce36ca0b2,1,1784584599,,1,KIRK LAUNCH,0.0,True,True,1.0,0.0,26.936839,0.0,False,,26.936839,-0.0807600000000015,Grail,Grail app only,Flipper
0x6496155a2f4a42d1cac1d98ff5d4cacd33e41622,1,1783524199,,1,Founder,0.0,True,True,1.0,0.0,94.130177,0.0,False,,494.48242942820656,-49.09262292275405,Grail,Grail app + external,Flipper
0x65e51a6f396599558e647d7e4d8e6e6ca6ee4a9b,1,1783394571,,1,Founder,0.0,True,True,1.0,0.0,51.226523,0.0,False,,4711.258274,252219.3048906028,Paraswap,Grail app + external,Flipper
0x6b594c80de240404fc8b798ba1736102e76c5984,1,1783570197,,1,Founder,0.0,False,False,0.0,0.0,0.0,0.0,False,,131.877168,7.105208457397116,Grail,Grail app only,Unredeemed
0x6ba5ca0d6c01a6e96c6d7fad223dd8c1e7d44718,1,1784584507,,1,KIRK LAUNCH,0.0,True,True,1.0,0.0,24.054801,0.0,False,,146.120788,1.5651683065324011,Grail,Grail app only,Flipper
0x6eb28880b0c29a97bb070d283bacb7eb8e2297ca,1,1784584573,,1,KIRK LAUNCH,0.0,True,True,1.0,0.0,26.696717,0.0,False,,26.696717,21.696717,0x API (Matcha/Rabby),External only,Flipper
0x73a555c4b3e139f7282251c6dc4f86e0f89ddcfc,1,1789608335,,1,Founder,0.0,True,False,0.0,1.0,0.0,22.9727309,False,,6276.974852,1479.0473911776087,Grail,Grail app only,Holder
0x771debfa5b6b855f2b0ef1d480219397cc32e190,1,1784584637,,1,KIRK LAUNCH,0.0,False,False,0.0,0.0,0.0,0.0,False,,318.110119,148.56149250371922,1inch,Grail app + external,Unredeemed
0x79afc144ff81d9bea860183226c437c81d844baa,1,1783405301,,1,Founder,0.0,True,True,1.0,0.0,48.391152,8.738875008170536e-05,False,,1367.487619,-704.6314957674587,Grail,Grail app + external,Flipper
0x7ca0e79e843fb4827b19c9edef327b2d3db557fb,1,1783408937,,1,Founder,0.0,False,False,0.0,0.0,0.0,0.0,True,Sniper,1359.1811464358877,480.2617778831051,BasedBot,External only,Unredeemed
0x7ee5f26c3001c0031e96bfc146b4138a24c3f50a,1,1783381407,,1,Founder,0.0,False,False,0.0,0.0,0.0,0.0,False,,2780.433615,172.60365167278707,Grail,Grail app only,Unredeemed
0x817e58ff9043772ee4a23d29cfe942c40bfe0ab7,1,1783431001,,1,Founder,0.0,False,False,0.0,0.0,0.0,0.0,False,,1713.391358,-723.370112164787,Grail,Grail app + external,Unredeemed
0x82e46ea8cb2e740898d866de956b989a44e6000f,1,1783568121,,1,Founder,0.0,False,False,0.0,0.0,0.0,0.0,False,,107.328,-3.06067131027786,Grail,Grail app only,Unredeemed
0x87a14ff88796b2182959c2783a50ef55870d0a5d,1,1784757601,,1,Founder,0.0,True,True,0.40802362592051034,0.5919763740794897,101.919186,113.45291991792725,False,,854.217309,-176.4617788520198,Grail,Grail app only,Holder
0x89e5354aa761f4c73f5a0926f0c77b69f709f501,1,1784584599,,1,KIRK LAUNCH,0.0,True,True,1.0,0.0,26.7764,0.0,False,,26.7764,-0.24119900000000172,Grail,Grail app only,Flipper
0x8defe0fb8b33690e30c18506a05f9dcc94200f2b,1,1783401517,,1,Founder,0.0,True,True,1.0,0.0,20.046445,0.0,False,,3224.916896,199.71673749999997,GMGN,Grail app + external,Flipper
0x8e4563d0d7d178de8d8bca8ea005b65a9defa7c7,1,1789430319,,1,Founder,0.0,True,False,0.0,1.0,0.0,18.1363665,False,,411.517478,-80.94809250391813,Grail,Grail app only,Holder
0x8eef779818afa953b0652e45438423ebe089f55a,1,1784584675,,1,KIRK LAUNCH,0.0,True,True,1.0,0.0,49.197452,0.0,False,,384.738632,188.07192015479467,Grail,Grail app + external,Flipper
0x90bb63745197f5aa17e5389613633f4c9c15e454,1,1784584701,,1,KIRK LAUNCH,0.0,True,True,1.0,0.0,28.535679,0.0,False,,28.535679,-0.42274300000000054,Grail,Grail app only,Flipper
0x90d8f640b3bc12df7eb2ff5aa0ceb83da1b963d6,1,1784584701,,1,KIRK LAUNCH,0.0,True,True,1.0,0.0,28.101403,0.0,False,,28.101403,-0.8570189999999975,Grail,Grail app only,Flipper
0x95d09928249db1a107b414598ae3451b7e61f5ea,1,1783382809,,1,Founder,0.0,False,False,0.0,0.0,0.0,0.0,False,,256.415432,196.24799130584256,Grail,Grail app + external,Unredeemed
0x993393b71650f464211131b270dc76119fa37931,1,1783484471,,1,Founder,0.0,True,True,1.0,0.0,19.866751,0.0,False,,1327.620738,-1005.5942790749561,Bots / Direct,External only,Flipper
0x9beadc1297f97fff916a487e49dea1004510c59e,2,1783408371,,2,Founder;KIRK LAUNCH,0.0,False,False,0.0,0.0,0.0,0.0,False,,2598.026032,891.8086496192128,Bots / Direct,External only,Unredeemed
0x9eb6cfdf73238ecd13043f5bf9ceb17659301b3e,1,1784584487,,1,KIRK LAUNCH,0.0,True,True,0.9983459302794533,0.0016540697205467358,27.860403,0.220127129518402,False,,137.028517,-3.679891301675403,Grail,Grail app + external,Flipper
0x9f39b0f516269a577c666d8251466e022ce54470,1,1783480269,,1,Founder,0.0,True,True,1.0,0.0,851.461823,0.0028418001273663412,False,,19409.774994,-207.944845538688,Grail,Grail app + external,Flipper
0xa0441b04a77ad6eb3f93fce61d42d8bd81f78043,1,1784584567,,1,KIRK LAUNCH,0.0,True,True,0.9982777088601945,0.001722291139805441,44.611364,0.22920618163238854,True,Serial sniper,18960.02341421111,10304.74569992066,Grail,Grail app + external,Flipper
0xa358fc7b2732e62588e892040de4df34df401958,1,1783441639,,1,Founder,0.0,False,False,0.0,0.0,0.0,0.0,False,,16471.202615,2402.9910844507995,0x API (Matcha/Rabby),External only,Unredeemed
0xa4317a6bfa52fd81ba471c4eccaa2d586e3d4608,1,1783382383,,1,Founder,0.0,True,True,0.6138964370775499,0.38610356292245,55.466956,26.793135675545717,False,,522.0439759999999,-42.13428882194233,Grail,Grail app + external,Partial seller
0xac3001d5281b8ceb4a13533afc94f587cec636be,1,1784584601,,1,KIRK LAUNCH,0.0,True,True,1.0,0.0,29.504952,0.0,False,,29.504952,-0.09259100000000231,Grail,Grail app only,Flipper
0xac3938e7f24cafe7f9118dafbf2f53063c082a18,1,1783386561,,1,Founder,0.0,True,False,0.0,1.0,0.0,35.15222477542068,False,,1197.233769,-42.8251943520726,Grail,Grail app only,Holder
0xac4961dbd7d5eeef93e42a6e4134b37bde16d9e3,1,1783384811,,1,Founder,0.0,True,True,1.0,0.0,156.68742799999998,0.0,False,,2616.838406,-179.4688751892806,Grail,Grail app + external,Flipper
0xaf2471e1d36d6356da6233adedb322a57fd04367,1,1783570149,,1,Founder,0.0,False,False,0.0,0.0,0.0,0.0,False,,126.344865,-2.6801780281429797,Grail,Grail app only,Unredeemed
0xb0b667ac91133709828cd174d9ef60a6194ba080,1,1788869891,,1,Founder,0.0,False,False,0.0,0.0,0.0,0.0,False,,28734.798629,20457.931062025495,Grail,Grail app + external,Unredeemed
0xb15d23c1380b60ecadb569403338b89b99213ee6,1,1783466723,,1,Founder,0.0,True,False,0.0,1.0,0.0,77.28910655,False,,6642.7942060000005,3689.7900335761437,Grail,Grail app only,Holder
0xb5521a923e0ae9534a471c51881ec8bbaa511d3e,1,1783400629,,1,Founder,0.0,True,True,1.0,0.0,132.857418,0.0,False,,965.887065232933,41.046052500000016,GMGN,External only,Flipper
0xb687fa8e5e1db62ef56d9e19eb09f3b7dd8d2519,1,1783382959,,1,Founder,0.0,True,True,0.9999999999999989,1.1368683772161603e-15,17.914074,0.0,True,Sniper,128958.95033965571,9757.46179622745,OKX Wallet,External only,Flipper
0xb719e96599551665f7b31b69fa62f378e108f148,1,1784584467,,1,KIRK LAUNCH,0.0,True,True,1.0,0.0,24.145492,0.0,False,,3515.1755430000003,3080.7039007160715,Grail,Grail app only,Flipper
0xb8717d2583dbdcf4e9381475a580f55127d6d5ba,1,1783397887,,1,Founder,0.0,True,False,0.0,1.0,0.0,5.0444637000002235,False,,1292.710233,552.4298685304584,Grail,Grail app only,Holder
0xb979b4c6b2eacd8e35f68fa83a8a3e39d83fa842,1,1783567751,,1,Founder,0.0,False,False,0.0,0.0,0.0,0.0,False,,100.8384,-4.378568884317258,Grail,Grail app only,Unredeemed
0xba41ca3238b7866bd2931ae2cfaa078dc60486de,1,1784584647,,1,KIRK LAUNCH,0.0,True,True,1.0,0.0,29.229771,0.0,False,,2326.201923,-141.4889261138053,Grail,Grail app only,Flipper
0xbaffe7325f708d8b10e3bd0b6de95193bf2b9f9f,1,1783568527,,1,Founder,0.0,True,False,0.0,1.0,0.0,42.037197500000225,False,,139.79,2.0434315914545045,Grail,Grail app only,Holder
0xc474a9a00e56c3bf947c71edd1515dad5706d3d5,1,1784584425,,1,KIRK LAUNCH,0.0,False,False,0.0,0.0,0.0,0.0,False,,0.0,0.0,No swaps,No swaps,Unredeemed
0xc4e5d0911e1340820a8c08c2bacc31f8e311b838,1,1784584599,,1,KIRK LAUNCH,0.0,True,True,1.0,0.0,26.856439,0.0,False,,26.856439,-0.16115999999999886,Grail,Grail app only,Flipper
0xc55d35af6a5ff6299ef3fb8632bbac6cce17dc8b,1,1783567369,,1,Founder,0.0,True,True,1.0,0.0,69.301004,0.0,False,,248.05909300000002,-15.459553608674472,Grail,Grail app only,Flipper
0xc906bc091aaa6c6ff1af0167b7cae6248f6d7847,1,1783570071,,1,Founder,0.0,True,True,1.0,0.0,103.934363,0.0,False,,211.981211,-11.725169423542134,Grail,Grail app only,Flipper
0xc908f51b8880427c76caf523ca9bc3346b3977c7,1,1784584605,,1,KIRK LAUNCH,0.0,True,True,1.0,0.0,29.412795,0.0,False,,29.412795,-0.2777750000000019,Grail,Grail app only,Flipper
0xc9b9c3ff532e0c247cbdd0b5d3cfa9829689fd7f,1,1784584569,,1,KIRK LAUNCH,0.0,False,False,0.0,0.0,0.0,0.0,False,,570.238898,336.14687003189596,Grail,Grail app + external,Unredeemed
0xd0ab8fb0876d6983390ffc539f3fbb3dd430bf82,1,1783381801,,1,Founder,0.0,True,True,1.0,0.0,7.135016,0.032403641480000085,False,,2201.456364,-371.062014321749,KyberSwap,External only,Flipper
0xd0f83a76970df9dd1faa2c47636e774ae51bdba4,1,1784584549,,1,KIRK LAUNCH,0.0,True,True,1.0,0.0,42.371482,0.0,False,,216.786137,-1.5902521770793294,Grail,Grail app + external,Flipper
0xd1c8e3f7ef2509d38b2d868d069a8498994a0308,1,1783569271,,1,Founder,0.0,False,False,0.0,0.0,0.0,0.0,False,,85.701255,-0.6908149454161308,Grail,Grail app only,Unredeemed
0xd33697ab5ba5c856951420a577b34560bd1ebdac,1,1784584555,,1,KIRK LAUNCH,0.0,True,True,1.0,0.0,27.761081,0.0,False,,27.761081,-0.16938400000000087,Grail,Grail app only,Flipper
0xd5ab525288e3b8713d9fba88b54efe85f6c3de0d,1,1784584541,,1,KIRK LAUNCH,0.0,True,True,1.0,0.0,26.381518,0.0,False,,26.381518,21.381518,0x API (Matcha/Rabby),External only,Flipper
0xdca4901c860717499ff3335a0bc73db2f32a16dd,1,1784584639,,1,KIRK LAUNCH,0.0,True,True,1.0,0.0,27.930465,0.0,False,,27.930465,-0.0852739999999983,Grail,Grail app only,Flipper
0xddc06da930967f1dce1e160d88f3a7629d963cbc,1,1784584543,,1,KIRK LAUNCH,0.0,False,False,0.0,0.0,0.0,0.0,False,,0.0,0.0,No swaps,No swaps,Unredeemed
0xde700d45006a4feb6be069b9ee87b4fa8f4e388e,1,1784584569,,1,KIRK LAUNCH,0.0,True,True,1.0,0.0,29.04845,0.0,False,,89.666435,16.304123242764348,Grail,Grail app only,Flipper
0xe132f7f116030e886453afb16e01a827d9c67f85,1,1784584575,,1,KIRK LAUNCH,0.0,True,True,0.9980719991408026,0.0019280008591974354,47.370625000000004,0.2565824702383072,True,Serial sniper,16204.00689977742,7596.016649778343,Grail,Grail app + external,Flipper
0xe3923d51cff2677bfc0e9956d377f96070d22a0d,1,1784584509,,1,KIRK LAUNCH,0.0,True,True,0.9999999999999999,5.921189464667501e-17,25.174863,0.0,False,,131.765052,2.2136720000000008,Grail,Grail app only,Flipper
0xe427350d510db9e478adcbad5ff955141203f8de,1,1784584495,,1,KIRK LAUNCH,0.0,True,True,1.0,0.0,29.69057,0.0,False,,29.69057,-0.2903299999999973,Grail,Grail app only,Flipper
0xe44427a033f6a6fff28ffa1d4c661a9786843a79,1,1784584657,,1,KIRK LAUNCH,0.0,True,True,1.0,0.0,23.85242,0.0,False,,23.85242,-4.078045000000003,Grail,Grail app only,Flipper
0xe86a744d629c18517268e777368f41aeb0756a6a,1,1788198991,,1,Founder,0.0,False,False,0.0,0.0,0.0,0.0,False,,1388.7292,-118.4467632745912,Grail,Grail app only,Unredeemed
0xec6047b12328be8299e8c97a08cbce626abe6891,1,1784584557,,1,KIRK LAUNCH,0.0,True,True,1.0,0.0,27.676966,0.0,False,,27.676966,-0.1686140000000016,Grail,Grail app only,Flipper
0xede0807a5b14e7dc285624a6ea1aedaa4455a17b,1,1783435449,,1,Founder,0.0,True,False,3.1086244689504383e-15,0.9999999999999969,0.0,18.1363665,False,,3892.043245,2696.44479050884,GMGN,Grail app + external,Holder
0xee0910208cbf31278a8d7cef4cab31a77c4caa86,1,1784584557,,1,KIRK LAUNCH,0.0,True,True,1.0,0.0,27.098724,0.0,False,,27.098724,-0.7468560000000011,Grail,Grail app only,Flipper
0xef7387af4197cb20ad7b65705b30132c1f01b54c,1,1783383181,,1,Founder,0.0,True,True,1.0,0.0,89.20416599999999,0.0,False,,1236.733035,110.36077369997558,Grail,Grail app + external,Flipper
0xf0a7799eeaef88a082aec91d80c3652bb0a3f001,1,1783568207,,1,Founder,0.0,False,False,0.0,0.0,0.0,0.0,False,,104.3328,-1.2380966382615123e-12,Grail,Grail app only,Unredeemed
0xf27436dda169f733838b839b782b493cc287a6ff,1,1783914849,,1,Founder,0.0,True,True,0.9999999999999999,1.1758057890704722e-16,33.149854,8.712883772562969e-05,False,,1085.7735423662875,-36.42344643265375,Grail,Grail app + external,Flipper
0xf6c375196ee38c1d4daee3cfd2811751249b6077,1,1784584639,,1,KIRK LAUNCH,0.0,True,False,0.0,1.0,0.0,133.0821348,False,,0.0,0.0,No swaps,No swaps,Holder
0xfb1a9a437ca56f0393c416d52491bd7af6c9baca,1,1783394709,,1,Founder,0.0,True,False,0.0,1.0,0.0,16.814878999999998,False,,3532.251357,384.57658916469495,Grail,Grail app + external,Holder
0xfb9c065a59239f0b91f112dab22bb2810a238d7e,1,1783387793,,1,Founder,0.0,True,True,0.7823747523699041,0.21762524763009594,70.973223,46.48799874403832,False,,25538.30574220595,16243.773409358973,Unknown App H,Grail app + external,Partial seller
0xfee584d2328f71f3cf185cd1788318cd552929ba,1,1784584701,,1,KIRK LAUNCH,0.0,True,True,1.0,0.0,28.360769,0.0,False,,28.360769,-0.5976529999999975,Grail,Grail app only,Flipper
0xff33bf06084da62688bcbe811bf06ab67f67b47a,1,1783400981,,1,Founder,0.0,True,True,1.0,0.0,96.928612,0.0,False,,1312.565612,88.97905010867757,Grail,Grail app + external,Flipper
